
build/LOADER.elf:     file format elf32-littlearm


Disassembly of section .boot2:

10000000 <__boot2_start__>:
10000000:	4b32b500 	.word	0x4b32b500
10000004:	60582021 	.word	0x60582021
10000008:	21026898 	.word	0x21026898
1000000c:	60984388 	.word	0x60984388
10000010:	611860d8 	.word	0x611860d8
10000014:	4b2e6158 	.word	0x4b2e6158
10000018:	60992100 	.word	0x60992100
1000001c:	61592102 	.word	0x61592102
10000020:	22f02101 	.word	0x22f02101
10000024:	492b5099 	.word	0x492b5099
10000028:	21016019 	.word	0x21016019
1000002c:	20356099 	.word	0x20356099
10000030:	f844f000 	.word	0xf844f000
10000034:	42902202 	.word	0x42902202
10000038:	2106d014 	.word	0x2106d014
1000003c:	f0006619 	.word	0xf0006619
10000040:	6e19f834 	.word	0x6e19f834
10000044:	66192101 	.word	0x66192101
10000048:	66182000 	.word	0x66182000
1000004c:	f000661a 	.word	0xf000661a
10000050:	6e19f82c 	.word	0x6e19f82c
10000054:	6e196e19 	.word	0x6e196e19
10000058:	f0002005 	.word	0xf0002005
1000005c:	2101f82f 	.word	0x2101f82f
10000060:	d1f94208 	.word	0xd1f94208
10000064:	60992100 	.word	0x60992100
10000068:	6019491b 	.word	0x6019491b
1000006c:	60592100 	.word	0x60592100
10000070:	481b491a 	.word	0x481b491a
10000074:	21016001 	.word	0x21016001
10000078:	21eb6099 	.word	0x21eb6099
1000007c:	21a06619 	.word	0x21a06619
10000080:	f0006619 	.word	0xf0006619
10000084:	2100f812 	.word	0x2100f812
10000088:	49166099 	.word	0x49166099
1000008c:	60014814 	.word	0x60014814
10000090:	60992101 	.word	0x60992101
10000094:	2800bc01 	.word	0x2800bc01
10000098:	4700d000 	.word	0x4700d000
1000009c:	49134812 	.word	0x49134812
100000a0:	c8036008 	.word	0xc8036008
100000a4:	8808f380 	.word	0x8808f380
100000a8:	b5034708 	.word	0xb5034708
100000ac:	20046a99 	.word	0x20046a99
100000b0:	d0fb4201 	.word	0xd0fb4201
100000b4:	42012001 	.word	0x42012001
100000b8:	bd03d1f8 	.word	0xbd03d1f8
100000bc:	6618b502 	.word	0x6618b502
100000c0:	f7ff6618 	.word	0xf7ff6618
100000c4:	6e18fff2 	.word	0x6e18fff2
100000c8:	bd026e18 	.word	0xbd026e18
100000cc:	40020000 	.word	0x40020000
100000d0:	18000000 	.word	0x18000000
100000d4:	00070000 	.word	0x00070000
100000d8:	005f0300 	.word	0x005f0300
100000dc:	00002221 	.word	0x00002221
100000e0:	180000f4 	.word	0x180000f4
100000e4:	a0002022 	.word	0xa0002022
100000e8:	10000100 	.word	0x10000100
100000ec:	e000ed08 	.word	0xe000ed08
	...
100000fc:	7a4eb274 	.word	0x7a4eb274

Disassembly of section .boot3:

10000100 <__logical_binary_start>:
10000100:	20041000 	.word	0x20041000
10000104:	10000289 	.word	0x10000289
10000108:	10000211 	.word	0x10000211
1000010c:	10000211 	.word	0x10000211
10000110:	10000211 	.word	0x10000211
10000114:	10000211 	.word	0x10000211
10000118:	10000211 	.word	0x10000211
1000011c:	10000211 	.word	0x10000211
10000120:	10000211 	.word	0x10000211
10000124:	10000211 	.word	0x10000211
10000128:	10000211 	.word	0x10000211
1000012c:	10000211 	.word	0x10000211
10000130:	10000211 	.word	0x10000211
10000134:	10000211 	.word	0x10000211
10000138:	10000211 	.word	0x10000211
1000013c:	10000211 	.word	0x10000211
10000140:	10000211 	.word	0x10000211
10000144:	10000211 	.word	0x10000211
10000148:	10000211 	.word	0x10000211
1000014c:	10000211 	.word	0x10000211
10000150:	10000211 	.word	0x10000211
10000154:	10000211 	.word	0x10000211
10000158:	10000211 	.word	0x10000211
1000015c:	10000211 	.word	0x10000211
10000160:	10000211 	.word	0x10000211
10000164:	10000211 	.word	0x10000211
10000168:	10000211 	.word	0x10000211
1000016c:	10000211 	.word	0x10000211
10000170:	10000211 	.word	0x10000211
10000174:	10000211 	.word	0x10000211
10000178:	10000211 	.word	0x10000211
1000017c:	10000211 	.word	0x10000211
10000180:	10000211 	.word	0x10000211
10000184:	10000211 	.word	0x10000211
10000188:	10000211 	.word	0x10000211
1000018c:	10000211 	.word	0x10000211
10000190:	10000211 	.word	0x10000211
10000194:	10000211 	.word	0x10000211
10000198:	10000211 	.word	0x10000211
1000019c:	10000211 	.word	0x10000211
100001a0:	10000211 	.word	0x10000211
100001a4:	10000211 	.word	0x10000211
100001a8:	10000211 	.word	0x10000211
100001ac:	10000211 	.word	0x10000211
100001b0:	10000211 	.word	0x10000211
100001b4:	10000211 	.word	0x10000211
100001b8:	10000211 	.word	0x10000211
100001bc:	10000211 	.word	0x10000211

100001c0 <picopad_info_header>:
100001c0:	44415050 	.word	0x44415050
100001c4:	01234567 	.word	0x01234567
100001c8:	89abcdef 	.word	0x89abcdef
100001cc:	20041000 	.word	0x20041000
100001d0:	10000289 	.word	0x10000289
100001d4:	64617070 	.word	0x64617070

100001d8 <binary_info_header>:
100001d8:	7188ebf2 	.word	0x7188ebf2
100001dc:	100070ac 	.word	0x100070ac
100001e0:	100070ac 	.word	0x100070ac
100001e4:	100002d4 	.word	0x100002d4
100001e8:	e71aa390 	.word	0xe71aa390

100001ec <__binary_info_header_end>:
100001ec:	ffffded3 	.word	0xffffded3
100001f0:	00110142 	.word	0x00110142
100001f4:	00000248 	.word	0x00000248
100001f8:	00010000 	.word	0x00010000
100001fc:	00000203 	.word	0x00000203
10000200:	10000100 	.word	0x10000100
10000204:	000005ff 	.word	0x000005ff
10000208:	00000000 	.word	0x00000000
1000020c:	ab123579 	.word	0xab123579

10000210 <isr_hardfault>:
10000210:	b672      	cpsid	i
10000212:	b671      	cpsid	f
10000214:	f3bf 8f6f 	isb	sy
10000218:	b08c      	sub	sp, #48	@ 0x30
1000021a:	f3ef 8005 	mrs	r0, IPSR
1000021e:	b2c0      	uxtb	r0, r0
10000220:	3810      	subs	r0, #16
10000222:	9000      	str	r0, [sp, #0]
10000224:	9401      	str	r4, [sp, #4]
10000226:	9502      	str	r5, [sp, #8]
10000228:	9603      	str	r6, [sp, #12]
1000022a:	9704      	str	r7, [sp, #16]
1000022c:	4640      	mov	r0, r8
1000022e:	9005      	str	r0, [sp, #20]
10000230:	4648      	mov	r0, r9
10000232:	9006      	str	r0, [sp, #24]
10000234:	4650      	mov	r0, sl
10000236:	9007      	str	r0, [sp, #28]
10000238:	4658      	mov	r0, fp
1000023a:	9008      	str	r0, [sp, #32]
1000023c:	4668      	mov	r0, sp
1000023e:	3060      	adds	r0, #96	@ 0x60
10000240:	9009      	str	r0, [sp, #36]	@ 0x24
10000242:	f3ef 8014 	mrs	r0, CONTROL
10000246:	900a      	str	r0, [sp, #40]	@ 0x28
10000248:	4668      	mov	r0, sp
1000024a:	4b0a      	ldr	r3, [pc, #40]	@ (10000274 <unhandled_irq_3+0x6>)
1000024c:	4798      	blx	r3

1000024e <FatalErrorStop>:
1000024e:	4b0a      	ldr	r3, [pc, #40]	@ (10000278 <unhandled_irq_3+0xa>)
10000250:	2256      	movs	r2, #86	@ 0x56
10000252:	601a      	str	r2, [r3, #0]
10000254:	60da      	str	r2, [r3, #12]
10000256:	4b09      	ldr	r3, [pc, #36]	@ (1000027c <unhandled_irq_3+0xe>)
10000258:	2205      	movs	r2, #5
1000025a:	601a      	str	r2, [r3, #0]
1000025c:	619a      	str	r2, [r3, #24]
1000025e:	4b08      	ldr	r3, [pc, #32]	@ (10000280 <unhandled_irq_3+0x12>)
10000260:	2201      	movs	r2, #1
10000262:	00d2      	lsls	r2, r2, #3
10000264:	3201      	adds	r2, #1
10000266:	0592      	lsls	r2, r2, #22
10000268:	609a      	str	r2, [r3, #8]

1000026a <unhandled_irq_2>:
1000026a:	601a      	str	r2, [r3, #0]
1000026c:	4905      	ldr	r1, [pc, #20]	@ (10000284 <unhandled_irq_3+0x16>)

1000026e <unhandled_irq_3>:
1000026e:	3901      	subs	r1, #1
10000270:	d1fd      	bne.n	1000026e <unhandled_irq_3>
10000272:	e7fa      	b.n	1000026a <unhandled_irq_2>
10000274:	10000c65 	.word	0x10000c65
10000278:	4001c05c 	.word	0x4001c05c
1000027c:	400140b4 	.word	0x400140b4
10000280:	d000001c 	.word	0xd000001c
10000284:	002dc6c0 	.word	0x002dc6c0

10000288 <_reset_handler>:
10000288:	481b      	ldr	r0, [pc, #108]	@ (100002f8 <GoToAppRam+0x6>)
1000028a:	f380 8808 	msr	MSP, r0
1000028e:	481b      	ldr	r0, [pc, #108]	@ (100002fc <GoToAppRam+0xa>)
10000290:	491b      	ldr	r1, [pc, #108]	@ (10000300 <GoToAppRam+0xe>)
10000292:	6008      	str	r0, [r1, #0]
10000294:	481b      	ldr	r0, [pc, #108]	@ (10000304 <GoToAppRam+0x12>)
10000296:	6800      	ldr	r0, [r0, #0]
10000298:	2800      	cmp	r0, #0
1000029a:	d113      	bne.n	100002c4 <Core1ExitBootrom>
1000029c:	491a      	ldr	r1, [pc, #104]	@ (10000308 <GoToAppRam+0x16>)
1000029e:	4a1b      	ldr	r2, [pc, #108]	@ (1000030c <GoToAppRam+0x1a>)
100002a0:	4b1b      	ldr	r3, [pc, #108]	@ (10000310 <GoToAppRam+0x1e>)
100002a2:	e001      	b.n	100002a8 <data_cpy>

100002a4 <data_cpy_loop>:
100002a4:	c901      	ldmia	r1!, {r0}
100002a6:	c201      	stmia	r2!, {r0}

100002a8 <data_cpy>:
100002a8:	429a      	cmp	r2, r3
100002aa:	d3fb      	bcc.n	100002a4 <data_cpy_loop>
100002ac:	4919      	ldr	r1, [pc, #100]	@ (10000314 <GoToAppRam+0x22>)
100002ae:	4a1a      	ldr	r2, [pc, #104]	@ (10000318 <GoToAppRam+0x26>)
100002b0:	2000      	movs	r0, #0
100002b2:	e000      	b.n	100002b6 <bss_fill_test>

100002b4 <bss_fill_loop>:
100002b4:	c101      	stmia	r1!, {r0}

100002b6 <bss_fill_test>:
100002b6:	4291      	cmp	r1, r2
100002b8:	d1fc      	bne.n	100002b4 <bss_fill_loop>
100002ba:	4918      	ldr	r1, [pc, #96]	@ (1000031c <GoToAppRam+0x2a>)
100002bc:	4788      	blx	r1
100002be:	4918      	ldr	r1, [pc, #96]	@ (10000320 <GoToAppRam+0x2e>)
100002c0:	4788      	blx	r1
100002c2:	e7fe      	b.n	100002c2 <bss_fill_test+0xc>

100002c4 <Core1ExitBootrom>:
100002c4:	b672      	cpsid	i
100002c6:	490e      	ldr	r1, [pc, #56]	@ (10000300 <GoToAppRam+0xe>)
100002c8:	2000      	movs	r0, #0
100002ca:	6008      	str	r0, [r1, #0]
100002cc:	c806      	ldmia	r0!, {r1, r2}
100002ce:	f381 8808 	msr	MSP, r1
100002d2:	4710      	bx	r2

100002d4 <data_cpy_table>:
100002d4:	100070ac 	.word	0x100070ac
100002d8:	20000000 	.word	0x20000000
100002dc:	2000029c 	.word	0x2000029c
100002e0:	00000000 	.word	0x00000000

100002e4 <GoToApp>:
100002e4:	480f      	ldr	r0, [pc, #60]	@ (10000324 <GoToAppRam+0x32>)
100002e6:	4906      	ldr	r1, [pc, #24]	@ (10000300 <GoToAppRam+0xe>)
100002e8:	6008      	str	r0, [r1, #0]
100002ea:	c803      	ldmia	r0, {r0, r1}
100002ec:	f380 8808 	msr	MSP, r0
100002f0:	4708      	bx	r1

100002f2 <GoToAppRam>:
100002f2:	480d      	ldr	r0, [pc, #52]	@ (10000328 <GoToAppRam+0x36>)
100002f4:	3001      	adds	r0, #1
100002f6:	4700      	bx	r0
100002f8:	20041000 	.word	0x20041000
100002fc:	10000100 	.word	0x10000100
10000300:	e000ed08 	.word	0xe000ed08
10000304:	d0000000 	.word	0xd0000000
10000308:	100070ac 	.word	0x100070ac
1000030c:	20000000 	.word	0x20000000
10000310:	2000029c 	.word	0x2000029c
10000314:	20000600 	.word	0x20000600
10000318:	20039344 	.word	0x20039344
1000031c:	100015e5 	.word	0x100015e5
10000320:	10004f1d 	.word	0x10004f1d
10000324:	10008000 	.word	0x10008000
10000328:	20000000 	.word	0x20000000

Disassembly of section .text:

10000330 <DivS32>:
10000330:	4a07      	ldr	r2, [pc, #28]	@ (10000350 <nop2_18+0xc>)
10000332:	f3ef 8c10 	mrs	ip, PRIMASK
10000336:	b672      	cpsid	i
10000338:	6690      	str	r0, [r2, #104]	@ 0x68
1000033a:	66d1      	str	r1, [r2, #108]	@ 0x6c
1000033c:	e7ff      	b.n	1000033e <nop2_15>

1000033e <nop2_15>:
1000033e:	e7ff      	b.n	10000340 <nop2_16>

10000340 <nop2_16>:
10000340:	e7ff      	b.n	10000342 <nop2_17>

10000342 <nop2_17>:
10000342:	e7ff      	b.n	10000344 <nop2_18>

10000344 <nop2_18>:
10000344:	6f51      	ldr	r1, [r2, #116]	@ 0x74
10000346:	6f10      	ldr	r0, [r2, #112]	@ 0x70
10000348:	f38c 8810 	msr	PRIMASK, ip
1000034c:	4770      	bx	lr
1000034e:	0000      	.short	0x0000
10000350:	d0000000 	.word	0xd0000000

10000354 <DivU32>:
10000354:	4a07      	ldr	r2, [pc, #28]	@ (10000374 <nop2_32+0xc>)
10000356:	f3ef 8c10 	mrs	ip, PRIMASK
1000035a:	b672      	cpsid	i
1000035c:	6610      	str	r0, [r2, #96]	@ 0x60
1000035e:	6651      	str	r1, [r2, #100]	@ 0x64
10000360:	e7ff      	b.n	10000362 <nop2_29>

10000362 <nop2_29>:
10000362:	e7ff      	b.n	10000364 <nop2_30>

10000364 <nop2_30>:
10000364:	e7ff      	b.n	10000366 <nop2_31>

10000366 <nop2_31>:
10000366:	e7ff      	b.n	10000368 <nop2_32>

10000368 <nop2_32>:
10000368:	6f51      	ldr	r1, [r2, #116]	@ 0x74
1000036a:	6f10      	ldr	r0, [r2, #112]	@ 0x70
1000036c:	f38c 8810 	msr	PRIMASK, ip
10000370:	4770      	bx	lr
10000372:	0000      	.short	0x0000
10000374:	d0000000 	.word	0xd0000000

10000378 <DivU64>:
10000378:	2900      	cmp	r1, #0
1000037a:	d118      	bne.n	100003ae <nop2_86+0x16>
1000037c:	2b00      	cmp	r3, #0
1000037e:	d111      	bne.n	100003a4 <nop2_86+0xc>
10000380:	b410      	push	{r4}
10000382:	f3ef 8c10 	mrs	ip, PRIMASK
10000386:	b672      	cpsid	i
10000388:	4c2c      	ldr	r4, [pc, #176]	@ (1000043c <DivU64_2+0x36>)
1000038a:	6620      	str	r0, [r4, #96]	@ 0x60
1000038c:	6662      	str	r2, [r4, #100]	@ 0x64
1000038e:	2100      	movs	r1, #0
10000390:	2300      	movs	r3, #0
10000392:	e7ff      	b.n	10000394 <nop2_84>

10000394 <nop2_84>:
10000394:	e7ff      	b.n	10000396 <nop2_85>

10000396 <nop2_85>:
10000396:	e7ff      	b.n	10000398 <nop2_86>

10000398 <nop2_86>:
10000398:	6f62      	ldr	r2, [r4, #116]	@ 0x74
1000039a:	6f20      	ldr	r0, [r4, #112]	@ 0x70
1000039c:	f38c 8810 	msr	PRIMASK, ip
100003a0:	bc10      	pop	{r4}
100003a2:	4770      	bx	lr
100003a4:	4602      	mov	r2, r0
100003a6:	460b      	mov	r3, r1
100003a8:	2000      	movs	r0, #0
100003aa:	2100      	movs	r1, #0
100003ac:	4770      	bx	lr
100003ae:	2b00      	cmp	r3, #0
100003b0:	d129      	bne.n	10000406 <DivU64_2>
100003b2:	0c13      	lsrs	r3, r2, #16
100003b4:	d126      	bne.n	10000404 <DivU64_1>
100003b6:	f3ef 8c10 	mrs	ip, PRIMASK
100003ba:	b672      	cpsid	i
100003bc:	4b1f      	ldr	r3, [pc, #124]	@ (1000043c <DivU64_2+0x36>)
100003be:	6619      	str	r1, [r3, #96]	@ 0x60
100003c0:	665a      	str	r2, [r3, #100]	@ 0x64
100003c2:	e7ff      	b.n	100003c4 <nop2_90>

100003c4 <nop2_90>:
100003c4:	e7ff      	b.n	100003c6 <nop2_91>

100003c6 <nop2_91>:
100003c6:	b430      	push	{r4, r5}
100003c8:	0c04      	lsrs	r4, r0, #16
100003ca:	6f5a      	ldr	r2, [r3, #116]	@ 0x74
100003cc:	6f19      	ldr	r1, [r3, #112]	@ 0x70
100003ce:	0412      	lsls	r2, r2, #16
100003d0:	4322      	orrs	r2, r4
100003d2:	661a      	str	r2, [r3, #96]	@ 0x60
100003d4:	e7ff      	b.n	100003d6 <nop2_93>

100003d6 <nop2_93>:
100003d6:	e7ff      	b.n	100003d8 <nop2_94>

100003d8 <nop2_94>:
100003d8:	e7ff      	b.n	100003da <nop2_95>

100003da <nop2_95>:
100003da:	46c0      	nop			@ (mov r8, r8)
100003dc:	b284      	uxth	r4, r0
100003de:	6f5a      	ldr	r2, [r3, #116]	@ 0x74
100003e0:	6f1d      	ldr	r5, [r3, #112]	@ 0x70
100003e2:	0412      	lsls	r2, r2, #16
100003e4:	4322      	orrs	r2, r4
100003e6:	661a      	str	r2, [r3, #96]	@ 0x60
100003e8:	e7ff      	b.n	100003ea <nop2_97>

100003ea <nop2_97>:
100003ea:	e7ff      	b.n	100003ec <nop2_98>

100003ec <nop2_98>:
100003ec:	e7ff      	b.n	100003ee <nop2_99>

100003ee <nop2_99>:
100003ee:	042c      	lsls	r4, r5, #16
100003f0:	0c2d      	lsrs	r5, r5, #16
100003f2:	6f5a      	ldr	r2, [r3, #116]	@ 0x74
100003f4:	6f18      	ldr	r0, [r3, #112]	@ 0x70
100003f6:	1900      	adds	r0, r0, r4
100003f8:	4169      	adcs	r1, r5
100003fa:	2300      	movs	r3, #0
100003fc:	f38c 8810 	msr	PRIMASK, ip
10000400:	bc30      	pop	{r4, r5}
10000402:	4770      	bx	lr

10000404 <DivU64_1>:
10000404:	2300      	movs	r3, #0

10000406 <DivU64_2>:
10000406:	b470      	push	{r4, r5, r6}
10000408:	2400      	movs	r4, #0
1000040a:	2500      	movs	r5, #0
1000040c:	2601      	movs	r6, #1
1000040e:	4276      	negs	r6, r6
10000410:	46b4      	mov	ip, r6
10000412:	2640      	movs	r6, #64	@ 0x40
10000414:	1800      	adds	r0, r0, r0
10000416:	4149      	adcs	r1, r1
10000418:	4164      	adcs	r4, r4
1000041a:	416d      	adcs	r5, r5
1000041c:	1aa4      	subs	r4, r4, r2
1000041e:	419d      	sbcs	r5, r3
10000420:	d202      	bcs.n	10000428 <DivU64_2+0x22>
10000422:	18a4      	adds	r4, r4, r2
10000424:	415d      	adcs	r5, r3
10000426:	3500      	adds	r5, #0
10000428:	4140      	adcs	r0, r0
1000042a:	4149      	adcs	r1, r1
1000042c:	4466      	add	r6, ip
1000042e:	4236      	tst	r6, r6
10000430:	d1f2      	bne.n	10000418 <DivU64_2+0x12>
10000432:	0022      	movs	r2, r4
10000434:	002b      	movs	r3, r5
10000436:	bc70      	pop	{r4, r5, r6}
10000438:	4770      	bx	lr
1000043a:	0000      	.short	0x0000
1000043c:	d0000000 	.word	0xd0000000

10000440 <__wrap___aeabi_memset>:
10000440:	4048      	eors	r0, r1
10000442:	4041      	eors	r1, r0
10000444:	4048      	eors	r0, r1

10000446 <__wrap_memset>:
10000446:	4b01      	ldr	r3, [pc, #4]	@ (1000044c <__wrap_memset+0x6>)
10000448:	681b      	ldr	r3, [r3, #0]
1000044a:	4718      	bx	r3
1000044c:	200364f8 	.word	0x200364f8

10000450 <__wrap___aeabi_memcpy>:
10000450:	4b01      	ldr	r3, [pc, #4]	@ (10000458 <__wrap___aeabi_memcpy+0x8>)
10000452:	681b      	ldr	r3, [r3, #0]
10000454:	4718      	bx	r3
10000456:	0000      	.short	0x0000
10000458:	200364e0 	.word	0x200364e0

1000045c <BatInit>:
1000045c:	b510      	push	{r4, lr}
1000045e:	f000 fe43 	bl	100010e8 <ADC_Init>
10000462:	201d      	movs	r0, #29
10000464:	f000 fc9a 	bl	10000d9c <ADC_PinInit>
10000468:	bd10      	pop	{r4, pc}
	...

1000046c <GetBatInt>:
1000046c:	b570      	push	{r4, r5, r6, lr}
1000046e:	24d0      	movs	r4, #208	@ 0xd0
10000470:	2580      	movs	r5, #128	@ 0x80
10000472:	2105      	movs	r1, #5
10000474:	026d      	lsls	r5, r5, #9
10000476:	0624      	lsls	r4, r4, #24
10000478:	2010      	movs	r0, #16
1000047a:	f000 fc77 	bl	10000d6c <GPIO_Fnc>
1000047e:	6265      	str	r5, [r4, #36]	@ 0x24
10000480:	2014      	movs	r0, #20
10000482:	6165      	str	r5, [r4, #20]
10000484:	f001 f80c 	bl	100014a0 <WaitUs>
10000488:	4b09      	ldr	r3, [pc, #36]	@ (100004b0 <GetBatInt+0x44>)
1000048a:	681a      	ldr	r2, [r3, #0]
1000048c:	23c0      	movs	r3, #192	@ 0xc0
1000048e:	019b      	lsls	r3, r3, #6
10000490:	4053      	eors	r3, r2
10000492:	22e0      	movs	r2, #224	@ 0xe0
10000494:	01d2      	lsls	r2, r2, #7
10000496:	4013      	ands	r3, r2
10000498:	4a06      	ldr	r2, [pc, #24]	@ (100004b4 <GetBatInt+0x48>)
1000049a:	6013      	str	r3, [r2, #0]
1000049c:	f000 f9b0 	bl	10000800 <ADC_SingleUint>
100004a0:	2303      	movs	r3, #3
100004a2:	4a05      	ldr	r2, [pc, #20]	@ (100004b8 <GetBatInt+0x4c>)
100004a4:	4343      	muls	r3, r0
100004a6:	8910      	ldrh	r0, [r2, #8]
100004a8:	61a5      	str	r5, [r4, #24]
100004aa:	1818      	adds	r0, r3, r0
100004ac:	bd70      	pop	{r4, r5, r6, pc}
100004ae:	46c0      	nop			@ (mov r8, r8)
100004b0:	4004c000 	.word	0x4004c000
100004b4:	4004d000 	.word	0x4004d000
100004b8:	20000634 	.word	0x20000634

100004bc <BatTerm>:
100004bc:	b510      	push	{r4, lr}
100004be:	201d      	movs	r0, #29
100004c0:	f000 fcde 	bl	10000e80 <ADC_PinTerm>
100004c4:	2201      	movs	r2, #1
100004c6:	4b01      	ldr	r3, [pc, #4]	@ (100004cc <BatTerm+0x10>)
100004c8:	601a      	str	r2, [r3, #0]
100004ca:	bd10      	pop	{r4, pc}
100004cc:	4004f000 	.word	0x4004f000

100004d0 <KeyInit>:
100004d0:	b5f8      	push	{r3, r4, r5, r6, r7, lr}
100004d2:	2780      	movs	r7, #128	@ 0x80
100004d4:	2500      	movs	r5, #0
100004d6:	2608      	movs	r6, #8
100004d8:	017f      	lsls	r7, r7, #5
100004da:	4b0d      	ldr	r3, [pc, #52]	@ (10000510 <KeyInit+0x40>)
100004dc:	5d5c      	ldrb	r4, [r3, r5]
100004de:	0020      	movs	r0, r4
100004e0:	f000 fcd2 	bl	10000e88 <GPIO_Init>
100004e4:	220c      	movs	r2, #12
100004e6:	4b0b      	ldr	r3, [pc, #44]	@ (10000514 <KeyInit+0x44>)
100004e8:	18e4      	adds	r4, r4, r3
100004ea:	00a4      	lsls	r4, r4, #2
100004ec:	6823      	ldr	r3, [r4, #0]
100004ee:	433c      	orrs	r4, r7
100004f0:	4073      	eors	r3, r6
100004f2:	4013      	ands	r3, r2
100004f4:	6023      	str	r3, [r4, #0]
100004f6:	2300      	movs	r3, #0
100004f8:	4a07      	ldr	r2, [pc, #28]	@ (10000518 <KeyInit+0x48>)
100004fa:	5553      	strb	r3, [r2, r5]
100004fc:	3501      	adds	r5, #1
100004fe:	2d08      	cmp	r5, #8
10000500:	d1eb      	bne.n	100004da <KeyInit+0xa>
10000502:	4a06      	ldr	r2, [pc, #24]	@ (1000051c <KeyInit+0x4c>)
10000504:	7013      	strb	r3, [r2, #0]
10000506:	4a06      	ldr	r2, [pc, #24]	@ (10000520 <KeyInit+0x50>)
10000508:	7013      	strb	r3, [r2, #0]
1000050a:	4a06      	ldr	r2, [pc, #24]	@ (10000524 <KeyInit+0x54>)
1000050c:	7013      	strb	r3, [r2, #0]
1000050e:	bdf8      	pop	{r3, r4, r5, r6, r7, pc}
10000510:	10005698 	.word	0x10005698
10000514:	10007001 	.word	0x10007001
10000518:	20038e39 	.word	0x20038e39
1000051c:	20038e42 	.word	0x20038e42
10000520:	20038e43 	.word	0x20038e43
10000524:	20038e41 	.word	0x20038e41

10000528 <KeyTerm>:
10000528:	b510      	push	{r4, lr}
1000052a:	2400      	movs	r4, #0
1000052c:	4b03      	ldr	r3, [pc, #12]	@ (1000053c <KeyTerm+0x14>)
1000052e:	5d18      	ldrb	r0, [r3, r4]
10000530:	3401      	adds	r4, #1
10000532:	f000 fc75 	bl	10000e20 <GPIO_Reset>
10000536:	2c08      	cmp	r4, #8
10000538:	d1f8      	bne.n	1000052c <KeyTerm+0x4>
1000053a:	bd10      	pop	{r4, pc}
1000053c:	10005698 	.word	0x10005698

10000540 <KeyWriteKey>:
10000540:	b510      	push	{r4, lr}
10000542:	4a09      	ldr	r2, [pc, #36]	@ (10000568 <KeyWriteKey+0x28>)
10000544:	7813      	ldrb	r3, [r2, #0]
10000546:	b2d9      	uxtb	r1, r3
10000548:	3301      	adds	r3, #1
1000054a:	b2db      	uxtb	r3, r3
1000054c:	2b0f      	cmp	r3, #15
1000054e:	d900      	bls.n	10000552 <KeyWriteKey+0x12>
10000550:	2300      	movs	r3, #0
10000552:	f3bf 8f5f 	dmb	sy
10000556:	4c05      	ldr	r4, [pc, #20]	@ (1000056c <KeyWriteKey+0x2c>)
10000558:	7824      	ldrb	r4, [r4, #0]
1000055a:	429c      	cmp	r4, r3
1000055c:	d002      	beq.n	10000564 <KeyWriteKey+0x24>
1000055e:	4c04      	ldr	r4, [pc, #16]	@ (10000570 <KeyWriteKey+0x30>)
10000560:	7013      	strb	r3, [r2, #0]
10000562:	5460      	strb	r0, [r4, r1]
10000564:	bd10      	pop	{r4, pc}
10000566:	46c0      	nop			@ (mov r8, r8)
10000568:	20038e43 	.word	0x20038e43
1000056c:	20038e41 	.word	0x20038e41
10000570:	20038e29 	.word	0x20038e29

10000574 <KeyScan>:
10000574:	b5f7      	push	{r0, r1, r2, r4, r5, r6, r7, lr}
10000576:	4b1f      	ldr	r3, [pc, #124]	@ (100005f4 <KeyScan+0x80>)
10000578:	2401      	movs	r4, #1
1000057a:	6a9b      	ldr	r3, [r3, #40]	@ 0x28
1000057c:	4e1e      	ldr	r6, [pc, #120]	@ (100005f8 <KeyScan+0x84>)
1000057e:	0a9b      	lsrs	r3, r3, #10
10000580:	9301      	str	r3, [sp, #4]
10000582:	466b      	mov	r3, sp
10000584:	4d1d      	ldr	r5, [pc, #116]	@ (100005fc <KeyScan+0x88>)
10000586:	889f      	ldrh	r7, [r3, #4]
10000588:	23d0      	movs	r3, #208	@ 0xd0
1000058a:	491d      	ldr	r1, [pc, #116]	@ (10000600 <KeyScan+0x8c>)
1000058c:	061b      	lsls	r3, r3, #24
1000058e:	5d09      	ldrb	r1, [r1, r4]
10000590:	685b      	ldr	r3, [r3, #4]
10000592:	2001      	movs	r0, #1
10000594:	40cb      	lsrs	r3, r1
10000596:	1e62      	subs	r2, r4, #1
10000598:	491a      	ldr	r1, [pc, #104]	@ (10000604 <KeyScan+0x90>)
1000059a:	4203      	tst	r3, r0
1000059c:	d119      	bne.n	100005d2 <KeyScan+0x5e>
1000059e:	5c8b      	ldrb	r3, [r1, r2]
100005a0:	2b00      	cmp	r3, #0
100005a2:	d10e      	bne.n	100005c2 <KeyScan+0x4e>
100005a4:	003b      	movs	r3, r7
100005a6:	332d      	adds	r3, #45	@ 0x2d
100005a8:	33ff      	adds	r3, #255	@ 0xff
100005aa:	802b      	strh	r3, [r5, #0]
100005ac:	5488      	strb	r0, [r1, r2]
100005ae:	b2e0      	uxtb	r0, r4
100005b0:	f7ff ffc6 	bl	10000540 <KeyWriteKey>
100005b4:	8037      	strh	r7, [r6, #0]
100005b6:	3401      	adds	r4, #1
100005b8:	3602      	adds	r6, #2
100005ba:	3502      	adds	r5, #2
100005bc:	2c09      	cmp	r4, #9
100005be:	d1e3      	bne.n	10000588 <KeyScan+0x14>
100005c0:	bdf7      	pop	{r0, r1, r2, r4, r5, r6, r7, pc}
100005c2:	466b      	mov	r3, sp
100005c4:	882a      	ldrh	r2, [r5, #0]
100005c6:	889b      	ldrh	r3, [r3, #4]
100005c8:	1a9b      	subs	r3, r3, r2
100005ca:	2b63      	cmp	r3, #99	@ 0x63
100005cc:	ddf2      	ble.n	100005b4 <KeyScan+0x40>
100005ce:	802f      	strh	r7, [r5, #0]
100005d0:	e7ed      	b.n	100005ae <KeyScan+0x3a>
100005d2:	5c8b      	ldrb	r3, [r1, r2]
100005d4:	2b00      	cmp	r3, #0
100005d6:	d0ee      	beq.n	100005b6 <KeyScan+0x42>
100005d8:	8833      	ldrh	r3, [r6, #0]
100005da:	1afb      	subs	r3, r7, r3
100005dc:	b21b      	sxth	r3, r3
100005de:	2b31      	cmp	r3, #49	@ 0x31
100005e0:	dde9      	ble.n	100005b6 <KeyScan+0x42>
100005e2:	2080      	movs	r0, #128	@ 0x80
100005e4:	2300      	movs	r3, #0
100005e6:	4240      	negs	r0, r0
100005e8:	4320      	orrs	r0, r4
100005ea:	b2c0      	uxtb	r0, r0
100005ec:	548b      	strb	r3, [r1, r2]
100005ee:	f7ff ffa7 	bl	10000540 <KeyWriteKey>
100005f2:	e7e0      	b.n	100005b6 <KeyScan+0x42>
100005f4:	40054000 	.word	0x40054000
100005f8:	200365e6 	.word	0x200365e6
100005fc:	200365d6 	.word	0x200365d6
10000600:	10005697 	.word	0x10005697
10000604:	20038e39 	.word	0x20038e39

10000608 <KeyGetRel>:
10000608:	4b0c      	ldr	r3, [pc, #48]	@ (1000063c <KeyGetRel+0x34>)
1000060a:	7818      	ldrb	r0, [r3, #0]
1000060c:	2800      	cmp	r0, #0
1000060e:	d002      	beq.n	10000616 <KeyGetRel+0xe>
10000610:	2200      	movs	r2, #0
10000612:	701a      	strb	r2, [r3, #0]
10000614:	4770      	bx	lr
10000616:	4a0a      	ldr	r2, [pc, #40]	@ (10000640 <KeyGetRel+0x38>)
10000618:	7813      	ldrb	r3, [r2, #0]
1000061a:	b2db      	uxtb	r3, r3
1000061c:	f3bf 8f5f 	dmb	sy
10000620:	4908      	ldr	r1, [pc, #32]	@ (10000644 <KeyGetRel+0x3c>)
10000622:	7809      	ldrb	r1, [r1, #0]
10000624:	428b      	cmp	r3, r1
10000626:	d0f5      	beq.n	10000614 <KeyGetRel+0xc>
10000628:	4907      	ldr	r1, [pc, #28]	@ (10000648 <KeyGetRel+0x40>)
1000062a:	5cc9      	ldrb	r1, [r1, r3]
1000062c:	3301      	adds	r3, #1
1000062e:	b2db      	uxtb	r3, r3
10000630:	2b0f      	cmp	r3, #15
10000632:	d800      	bhi.n	10000636 <KeyGetRel+0x2e>
10000634:	0018      	movs	r0, r3
10000636:	7010      	strb	r0, [r2, #0]
10000638:	0008      	movs	r0, r1
1000063a:	e7eb      	b.n	10000614 <KeyGetRel+0xc>
1000063c:	20038e42 	.word	0x20038e42
10000640:	20038e41 	.word	0x20038e41
10000644:	20038e43 	.word	0x20038e43
10000648:	20038e29 	.word	0x20038e29

1000064c <KeyGet>:
1000064c:	b510      	push	{r4, lr}
1000064e:	f7ff ffdb 	bl	10000608 <KeyGetRel>
10000652:	b243      	sxtb	r3, r0
10000654:	2b00      	cmp	r3, #0
10000656:	dbfa      	blt.n	1000064e <KeyGet+0x2>
10000658:	bd10      	pop	{r4, pc}
	...

1000065c <KeyFlush>:
1000065c:	4b04      	ldr	r3, [pc, #16]	@ (10000670 <KeyFlush+0x14>)
1000065e:	4a05      	ldr	r2, [pc, #20]	@ (10000674 <KeyFlush+0x18>)
10000660:	781b      	ldrb	r3, [r3, #0]
10000662:	b2db      	uxtb	r3, r3
10000664:	7013      	strb	r3, [r2, #0]
10000666:	2200      	movs	r2, #0
10000668:	4b03      	ldr	r3, [pc, #12]	@ (10000678 <KeyFlush+0x1c>)
1000066a:	701a      	strb	r2, [r3, #0]
1000066c:	4770      	bx	lr
1000066e:	46c0      	nop			@ (mov r8, r8)
10000670:	20038e43 	.word	0x20038e43
10000674:	20038e41 	.word	0x20038e41
10000678:	20038e42 	.word	0x20038e42

1000067c <KeyNoPressed>:
1000067c:	2300      	movs	r3, #0
1000067e:	4a05      	ldr	r2, [pc, #20]	@ (10000694 <KeyNoPressed+0x18>)
10000680:	5cd1      	ldrb	r1, [r2, r3]
10000682:	2900      	cmp	r1, #0
10000684:	d104      	bne.n	10000690 <KeyNoPressed+0x14>
10000686:	3301      	adds	r3, #1
10000688:	2b08      	cmp	r3, #8
1000068a:	d1f9      	bne.n	10000680 <KeyNoPressed+0x4>
1000068c:	2001      	movs	r0, #1
1000068e:	4770      	bx	lr
10000690:	2000      	movs	r0, #0
10000692:	e7fc      	b.n	1000068e <KeyNoPressed+0x12>
10000694:	20038e39 	.word	0x20038e39

10000698 <KeyWaitNoPressed>:
10000698:	b510      	push	{r4, lr}
1000069a:	f7ff ffef 	bl	1000067c <KeyNoPressed>
1000069e:	2800      	cmp	r0, #0
100006a0:	d0fb      	beq.n	1000069a <KeyWaitNoPressed+0x2>
100006a2:	bd10      	pop	{r4, pc}

100006a4 <LedInit>:
100006a4:	b5f8      	push	{r3, r4, r5, r6, r7, lr}
100006a6:	27d0      	movs	r7, #208	@ 0xd0
100006a8:	2400      	movs	r4, #0
100006aa:	2601      	movs	r6, #1
100006ac:	4d11      	ldr	r5, [pc, #68]	@ (100006f4 <LedInit+0x50>)
100006ae:	063f      	lsls	r7, r7, #24
100006b0:	7828      	ldrb	r0, [r5, #0]
100006b2:	f000 fbe9 	bl	10000e88 <GPIO_Init>
100006b6:	0032      	movs	r2, r6
100006b8:	782b      	ldrb	r3, [r5, #0]
100006ba:	409a      	lsls	r2, r3
100006bc:	627a      	str	r2, [r7, #36]	@ 0x24
100006be:	4a0e      	ldr	r2, [pc, #56]	@ (100006f8 <LedInit+0x54>)
100006c0:	5d12      	ldrb	r2, [r2, r4]
100006c2:	2a00      	cmp	r2, #0
100006c4:	d00d      	beq.n	100006e2 <LedInit+0x3e>
100006c6:	4a0d      	ldr	r2, [pc, #52]	@ (100006fc <LedInit+0x58>)
100006c8:	00db      	lsls	r3, r3, #3
100006ca:	189b      	adds	r3, r3, r2
100006cc:	2280      	movs	r2, #128	@ 0x80
100006ce:	0152      	lsls	r2, r2, #5
100006d0:	6819      	ldr	r1, [r3, #0]
100006d2:	431a      	orrs	r2, r3
100006d4:	2380      	movs	r3, #128	@ 0x80
100006d6:	005b      	lsls	r3, r3, #1
100006d8:	404b      	eors	r3, r1
100006da:	21c0      	movs	r1, #192	@ 0xc0
100006dc:	0089      	lsls	r1, r1, #2
100006de:	400b      	ands	r3, r1
100006e0:	6013      	str	r3, [r2, #0]
100006e2:	b2e0      	uxtb	r0, r4
100006e4:	f004 ffc8 	bl	10005678 <__LedOff_veneer>
100006e8:	1c63      	adds	r3, r4, #1
100006ea:	3501      	adds	r5, #1
100006ec:	0034      	movs	r4, r6
100006ee:	2b02      	cmp	r3, #2
100006f0:	d1de      	bne.n	100006b0 <LedInit+0xc>
100006f2:	bdf8      	pop	{r3, r4, r5, r6, r7, pc}
100006f4:	2000026a 	.word	0x2000026a
100006f8:	20000268 	.word	0x20000268
100006fc:	40014004 	.word	0x40014004

10000700 <LedTerm>:
10000700:	b510      	push	{r4, lr}
10000702:	4c04      	ldr	r4, [pc, #16]	@ (10000714 <LedTerm+0x14>)
10000704:	7820      	ldrb	r0, [r4, #0]
10000706:	f000 fb8b 	bl	10000e20 <GPIO_Reset>
1000070a:	7860      	ldrb	r0, [r4, #1]
1000070c:	f000 fb88 	bl	10000e20 <GPIO_Reset>
10000710:	bd10      	pop	{r4, pc}
10000712:	46c0      	nop			@ (mov r8, r8)
10000714:	2000026a 	.word	0x2000026a

10000718 <DeviceInit>:
10000718:	b510      	push	{r4, lr}
1000071a:	f7ff ffc3 	bl	100006a4 <LedInit>
1000071e:	2003      	movs	r0, #3
10000720:	f003 fa12 	bl	10003b48 <DispInit>
10000724:	f7ff fed4 	bl	100004d0 <KeyInit>
10000728:	f7ff fe98 	bl	1000045c <BatInit>
1000072c:	f003 f816 	bl	1000375c <SDInit>
10000730:	200e      	movs	r0, #14
10000732:	f000 fba9 	bl	10000e88 <GPIO_Init>
10000736:	23d0      	movs	r3, #208	@ 0xd0
10000738:	2280      	movs	r2, #128	@ 0x80
1000073a:	061b      	lsls	r3, r3, #24
1000073c:	01d2      	lsls	r2, r2, #7
1000073e:	625a      	str	r2, [r3, #36]	@ 0x24
10000740:	615a      	str	r2, [r3, #20]
10000742:	bd10      	pop	{r4, pc}

10000744 <DeviceTerm>:
10000744:	b510      	push	{r4, lr}
10000746:	f7ff ffdb 	bl	10000700 <LedTerm>
1000074a:	f003 fa89 	bl	10003c60 <DispTerm>
1000074e:	f7ff feeb 	bl	10000528 <KeyTerm>
10000752:	f7ff feb3 	bl	100004bc <BatTerm>
10000756:	f003 f84b 	bl	100037f0 <SDTerm>
1000075a:	bd10      	pop	{r4, pc}

1000075c <SysTick_Handler>:
1000075c:	b510      	push	{r4, lr}
1000075e:	f3ef 8410 	mrs	r4, PRIMASK
10000762:	b672      	cpsid	i
10000764:	23d0      	movs	r3, #208	@ 0xd0
10000766:	061b      	lsls	r3, r3, #24
10000768:	681b      	ldr	r3, [r3, #0]
1000076a:	2b00      	cmp	r3, #0
1000076c:	d119      	bne.n	100007a2 <SysTick_Handler+0x46>
1000076e:	20fa      	movs	r0, #250	@ 0xfa
10000770:	4a0f      	ldr	r2, [pc, #60]	@ (100007b0 <SysTick_Handler+0x54>)
10000772:	4910      	ldr	r1, [pc, #64]	@ (100007b4 <SysTick_Handler+0x58>)
10000774:	6813      	ldr	r3, [r2, #0]
10000776:	0080      	lsls	r0, r0, #2
10000778:	3305      	adds	r3, #5
1000077a:	6013      	str	r3, [r2, #0]
1000077c:	4b0e      	ldr	r3, [pc, #56]	@ (100007b8 <SysTick_Handler+0x5c>)
1000077e:	4a0f      	ldr	r2, [pc, #60]	@ (100007bc <SysTick_Handler+0x60>)
10000780:	6a9b      	ldr	r3, [r3, #40]	@ 0x28
10000782:	b29b      	uxth	r3, r3
10000784:	8013      	strh	r3, [r2, #0]
10000786:	880a      	ldrh	r2, [r1, #0]
10000788:	1d53      	adds	r3, r2, #5
1000078a:	b29b      	uxth	r3, r3
1000078c:	4283      	cmp	r3, r0
1000078e:	d306      	bcc.n	1000079e <SysTick_Handler+0x42>
10000790:	4b0b      	ldr	r3, [pc, #44]	@ (100007c0 <SysTick_Handler+0x64>)
10000792:	480c      	ldr	r0, [pc, #48]	@ (100007c4 <SysTick_Handler+0x68>)
10000794:	18d2      	adds	r2, r2, r3
10000796:	b293      	uxth	r3, r2
10000798:	6802      	ldr	r2, [r0, #0]
1000079a:	3201      	adds	r2, #1
1000079c:	6002      	str	r2, [r0, #0]
1000079e:	b21b      	sxth	r3, r3
100007a0:	800b      	strh	r3, [r1, #0]
100007a2:	f000 ff75 	bl	10001690 <AlarmUpdate>
100007a6:	f384 8810 	msr	PRIMASK, r4
100007aa:	f7ff fee3 	bl	10000574 <KeyScan>
100007ae:	bd10      	pop	{r4, pc}
100007b0:	200365ac 	.word	0x200365ac
100007b4:	200365d2 	.word	0x200365d2
100007b8:	40054000 	.word	0x40054000
100007bc:	200365f6 	.word	0x200365f6
100007c0:	fffffc1d 	.word	0xfffffc1d
100007c4:	200365b8 	.word	0x200365b8

100007c8 <ADC_Single>:
100007c8:	2204      	movs	r2, #4
100007ca:	4b05      	ldr	r3, [pc, #20]	@ (100007e0 <ADC_Single+0x18>)
100007cc:	601a      	str	r2, [r3, #0]
100007ce:	4b05      	ldr	r3, [pc, #20]	@ (100007e4 <ADC_Single+0x1c>)
100007d0:	32fc      	adds	r2, #252	@ 0xfc
100007d2:	6819      	ldr	r1, [r3, #0]
100007d4:	4211      	tst	r1, r2
100007d6:	d0fc      	beq.n	100007d2 <ADC_Single+0xa>
100007d8:	6858      	ldr	r0, [r3, #4]
100007da:	0500      	lsls	r0, r0, #20
100007dc:	0d00      	lsrs	r0, r0, #20
100007de:	4770      	bx	lr
100007e0:	4004e000 	.word	0x4004e000
100007e4:	4004c000 	.word	0x4004c000

100007e8 <ADC_SingleDenoise>:
100007e8:	b570      	push	{r4, r5, r6, lr}
100007ea:	2510      	movs	r5, #16
100007ec:	2400      	movs	r4, #0
100007ee:	f7ff ffeb 	bl	100007c8 <ADC_Single>
100007f2:	3d01      	subs	r5, #1
100007f4:	1904      	adds	r4, r0, r4
100007f6:	b2a4      	uxth	r4, r4
100007f8:	2d00      	cmp	r5, #0
100007fa:	d1f8      	bne.n	100007ee <ADC_SingleDenoise+0x6>
100007fc:	0020      	movs	r0, r4
100007fe:	bd70      	pop	{r4, r5, r6, pc}

10000800 <ADC_SingleUint>:
10000800:	b510      	push	{r4, lr}
10000802:	f7ff fff1 	bl	100007e8 <ADC_SingleDenoise>
10000806:	4b02      	ldr	r3, [pc, #8]	@ (10000810 <ADC_SingleUint+0x10>)
10000808:	895b      	ldrh	r3, [r3, #10]
1000080a:	4358      	muls	r0, r3
1000080c:	1400      	asrs	r0, r0, #16
1000080e:	bd10      	pop	{r4, pc}
10000810:	20000634 	.word	0x20000634

10000814 <RomFunc>:
10000814:	2314      	movs	r3, #20
10000816:	b510      	push	{r4, lr}
10000818:	0001      	movs	r1, r0
1000081a:	8818      	ldrh	r0, [r3, #0]
1000081c:	3304      	adds	r3, #4
1000081e:	881b      	ldrh	r3, [r3, #0]
10000820:	4798      	blx	r3
10000822:	bd10      	pop	{r4, pc}

10000824 <RomData>:
10000824:	2316      	movs	r3, #22
10000826:	b510      	push	{r4, lr}
10000828:	0001      	movs	r1, r0
1000082a:	8818      	ldrh	r0, [r3, #0]
1000082c:	3302      	adds	r3, #2
1000082e:	881b      	ldrh	r3, [r3, #0]
10000830:	4798      	blx	r3
10000832:	bd10      	pop	{r4, pc}

10000834 <RomFncInit>:
10000834:	b510      	push	{r4, lr}
10000836:	4828      	ldr	r0, [pc, #160]	@ (100008d8 <RomFncInit+0xa4>)
10000838:	f7ff ffec 	bl	10000814 <RomFunc>
1000083c:	4b27      	ldr	r3, [pc, #156]	@ (100008dc <RomFncInit+0xa8>)
1000083e:	6018      	str	r0, [r3, #0]
10000840:	4827      	ldr	r0, [pc, #156]	@ (100008e0 <RomFncInit+0xac>)
10000842:	f7ff ffe7 	bl	10000814 <RomFunc>
10000846:	4b27      	ldr	r3, [pc, #156]	@ (100008e4 <RomFncInit+0xb0>)
10000848:	6018      	str	r0, [r3, #0]
1000084a:	4827      	ldr	r0, [pc, #156]	@ (100008e8 <RomFncInit+0xb4>)
1000084c:	f7ff ffe2 	bl	10000814 <RomFunc>
10000850:	4b26      	ldr	r3, [pc, #152]	@ (100008ec <RomFncInit+0xb8>)
10000852:	6018      	str	r0, [r3, #0]
10000854:	4826      	ldr	r0, [pc, #152]	@ (100008f0 <RomFncInit+0xbc>)
10000856:	f7ff ffdd 	bl	10000814 <RomFunc>
1000085a:	4b26      	ldr	r3, [pc, #152]	@ (100008f4 <RomFncInit+0xc0>)
1000085c:	6018      	str	r0, [r3, #0]
1000085e:	4826      	ldr	r0, [pc, #152]	@ (100008f8 <RomFncInit+0xc4>)
10000860:	f7ff ffd8 	bl	10000814 <RomFunc>
10000864:	4b25      	ldr	r3, [pc, #148]	@ (100008fc <RomFncInit+0xc8>)
10000866:	6018      	str	r0, [r3, #0]
10000868:	4825      	ldr	r0, [pc, #148]	@ (10000900 <RomFncInit+0xcc>)
1000086a:	f7ff ffd3 	bl	10000814 <RomFunc>
1000086e:	4b25      	ldr	r3, [pc, #148]	@ (10000904 <RomFncInit+0xd0>)
10000870:	6018      	str	r0, [r3, #0]
10000872:	4825      	ldr	r0, [pc, #148]	@ (10000908 <RomFncInit+0xd4>)
10000874:	f7ff ffce 	bl	10000814 <RomFunc>
10000878:	4b24      	ldr	r3, [pc, #144]	@ (1000090c <RomFncInit+0xd8>)
1000087a:	6018      	str	r0, [r3, #0]
1000087c:	4824      	ldr	r0, [pc, #144]	@ (10000910 <RomFncInit+0xdc>)
1000087e:	f7ff ffc9 	bl	10000814 <RomFunc>
10000882:	4b24      	ldr	r3, [pc, #144]	@ (10000914 <RomFncInit+0xe0>)
10000884:	6018      	str	r0, [r3, #0]
10000886:	4824      	ldr	r0, [pc, #144]	@ (10000918 <RomFncInit+0xe4>)
10000888:	f7ff ffc4 	bl	10000814 <RomFunc>
1000088c:	4b23      	ldr	r3, [pc, #140]	@ (1000091c <RomFncInit+0xe8>)
1000088e:	6018      	str	r0, [r3, #0]
10000890:	4823      	ldr	r0, [pc, #140]	@ (10000920 <RomFncInit+0xec>)
10000892:	f7ff ffbf 	bl	10000814 <RomFunc>
10000896:	4b23      	ldr	r3, [pc, #140]	@ (10000924 <RomFncInit+0xf0>)
10000898:	6018      	str	r0, [r3, #0]
1000089a:	4823      	ldr	r0, [pc, #140]	@ (10000928 <RomFncInit+0xf4>)
1000089c:	f7ff ffba 	bl	10000814 <RomFunc>
100008a0:	4b22      	ldr	r3, [pc, #136]	@ (1000092c <RomFncInit+0xf8>)
100008a2:	6018      	str	r0, [r3, #0]
100008a4:	4822      	ldr	r0, [pc, #136]	@ (10000930 <RomFncInit+0xfc>)
100008a6:	f7ff ffb5 	bl	10000814 <RomFunc>
100008aa:	4b22      	ldr	r3, [pc, #136]	@ (10000934 <RomFncInit+0x100>)
100008ac:	6018      	str	r0, [r3, #0]
100008ae:	4822      	ldr	r0, [pc, #136]	@ (10000938 <RomFncInit+0x104>)
100008b0:	f7ff ffb0 	bl	10000814 <RomFunc>
100008b4:	4b21      	ldr	r3, [pc, #132]	@ (1000093c <RomFncInit+0x108>)
100008b6:	6018      	str	r0, [r3, #0]
100008b8:	4821      	ldr	r0, [pc, #132]	@ (10000940 <RomFncInit+0x10c>)
100008ba:	f7ff ffab 	bl	10000814 <RomFunc>
100008be:	4b21      	ldr	r3, [pc, #132]	@ (10000944 <RomFncInit+0x110>)
100008c0:	6018      	str	r0, [r3, #0]
100008c2:	4821      	ldr	r0, [pc, #132]	@ (10000948 <RomFncInit+0x114>)
100008c4:	f7ff ffa6 	bl	10000814 <RomFunc>
100008c8:	4b20      	ldr	r3, [pc, #128]	@ (1000094c <RomFncInit+0x118>)
100008ca:	6018      	str	r0, [r3, #0]
100008cc:	4820      	ldr	r0, [pc, #128]	@ (10000950 <RomFncInit+0x11c>)
100008ce:	f7ff ffa1 	bl	10000814 <RomFunc>
100008d2:	4b20      	ldr	r3, [pc, #128]	@ (10000954 <RomFncInit+0x120>)
100008d4:	6018      	str	r0, [r3, #0]
100008d6:	bd10      	pop	{r4, pc}
100008d8:	00003350 	.word	0x00003350
100008dc:	200365c8 	.word	0x200365c8
100008e0:	00003352 	.word	0x00003352
100008e4:	200365cc 	.word	0x200365cc
100008e8:	0000334c 	.word	0x0000334c
100008ec:	200365c0 	.word	0x200365c0
100008f0:	00003354 	.word	0x00003354
100008f4:	200365c4 	.word	0x200365c4
100008f8:	0000534d 	.word	0x0000534d
100008fc:	200364f8 	.word	0x200364f8
10000900:	00003453 	.word	0x00003453
10000904:	200364fc 	.word	0x200364fc
10000908:	0000434d 	.word	0x0000434d
1000090c:	200364e0 	.word	0x200364e0
10000910:	00003443 	.word	0x00003443
10000914:	200364e4 	.word	0x200364e4
10000918:	00004255 	.word	0x00004255
1000091c:	20036550 	.word	0x20036550
10000920:	00005657 	.word	0x00005657
10000924:	200365bc 	.word	0x200365bc
10000928:	00004649 	.word	0x00004649
1000092c:	20000970 	.word	0x20000970
10000930:	00005845 	.word	0x00005845
10000934:	20000968 	.word	0x20000968
10000938:	00004552 	.word	0x00004552
1000093c:	20036548 	.word	0x20036548
10000940:	00005052 	.word	0x00005052
10000944:	2003654c 	.word	0x2003654c
10000948:	00004346 	.word	0x00004346
1000094c:	2000096c 	.word	0x2000096c
10000950:	00005843 	.word	0x00005843
10000954:	20000964 	.word	0x20000964

10000958 <ClockSetup>:
10000958:	b5f0      	push	{r4, r5, r6, r7, lr}
1000095a:	0005      	movs	r5, r0
1000095c:	b085      	sub	sp, #20
1000095e:	2000      	movs	r0, #0
10000960:	2d09      	cmp	r5, #9
10000962:	d868      	bhi.n	10000a36 <ClockSetup+0xde>
10000964:	4283      	cmp	r3, r0
10000966:	d102      	bne.n	1000096e <ClockSetup+0x16>
10000968:	4b46      	ldr	r3, [pc, #280]	@ (10000a84 <ClockSetup+0x12c>)
1000096a:	0088      	lsls	r0, r1, #2
1000096c:	58c3      	ldr	r3, [r0, r3]
1000096e:	2a00      	cmp	r2, #0
10000970:	d063      	beq.n	10000a3a <ClockSetup+0xe2>
10000972:	2000      	movs	r0, #0
10000974:	4293      	cmp	r3, r2
10000976:	d35e      	bcc.n	10000a36 <ClockSetup+0xde>
10000978:	1f0e      	subs	r6, r1, #4
1000097a:	2000      	movs	r0, #0
1000097c:	2e0b      	cmp	r6, #11
1000097e:	d85a      	bhi.n	10000a36 <ClockSetup+0xde>
10000980:	1ee8      	subs	r0, r5, #3
10000982:	4c41      	ldr	r4, [pc, #260]	@ (10000a88 <ClockSetup+0x130>)
10000984:	2804      	cmp	r0, #4
10000986:	dd5a      	ble.n	10000a3e <ClockSetup+0xe6>
10000988:	2004      	movs	r0, #4
1000098a:	270c      	movs	r7, #12
1000098c:	4378      	muls	r0, r7
1000098e:	1820      	adds	r0, r4, r0
10000990:	5784      	ldrsb	r4, [r0, r6]
10000992:	2000      	movs	r0, #0
10000994:	4284      	cmp	r4, r0
10000996:	db4e      	blt.n	10000a36 <ClockSetup+0xde>
10000998:	483c      	ldr	r0, [pc, #240]	@ (10000a8c <ClockSetup+0x134>)
1000099a:	5541      	strb	r1, [r0, r5]
1000099c:	211f      	movs	r1, #31
1000099e:	4021      	ands	r1, r4
100009a0:	9102      	str	r1, [sp, #8]
100009a2:	2100      	movs	r1, #0
100009a4:	9103      	str	r1, [sp, #12]
100009a6:	0664      	lsls	r4, r4, #25
100009a8:	d403      	bmi.n	100009b2 <ClockSetup+0x5a>
100009aa:	9902      	ldr	r1, [sp, #8]
100009ac:	9103      	str	r1, [sp, #12]
100009ae:	2101      	movs	r1, #1
100009b0:	9102      	str	r1, [sp, #8]
100009b2:	240c      	movs	r4, #12
100009b4:	2700      	movs	r7, #0
100009b6:	436c      	muls	r4, r5
100009b8:	4935      	ldr	r1, [pc, #212]	@ (10000a90 <ClockSetup+0x138>)
100009ba:	0856      	lsrs	r6, r2, #1
100009bc:	1864      	adds	r4, r4, r1
100009be:	0e19      	lsrs	r1, r3, #24
100009c0:	021b      	lsls	r3, r3, #8
100009c2:	9300      	str	r3, [sp, #0]
100009c4:	9101      	str	r1, [sp, #4]
100009c6:	003b      	movs	r3, r7
100009c8:	9800      	ldr	r0, [sp, #0]
100009ca:	9901      	ldr	r1, [sp, #4]
100009cc:	1980      	adds	r0, r0, r6
100009ce:	4179      	adcs	r1, r7
100009d0:	f7ff fcd2 	bl	10000378 <DivU64>
100009d4:	6863      	ldr	r3, [r4, #4]
100009d6:	0006      	movs	r6, r0
100009d8:	4283      	cmp	r3, r0
100009da:	d200      	bcs.n	100009de <ClockSetup+0x86>
100009dc:	6060      	str	r0, [r4, #4]
100009de:	23c0      	movs	r3, #192	@ 0xc0
100009e0:	1f2f      	subs	r7, r5, #4
100009e2:	019b      	lsls	r3, r3, #6
100009e4:	4323      	orrs	r3, r4
100009e6:	2f01      	cmp	r7, #1
100009e8:	d82d      	bhi.n	10000a46 <ClockSetup+0xee>
100009ea:	9a02      	ldr	r2, [sp, #8]
100009ec:	2a01      	cmp	r2, #1
100009ee:	d12a      	bne.n	10000a46 <ClockSetup+0xee>
100009f0:	3202      	adds	r2, #2
100009f2:	601a      	str	r2, [r3, #0]
100009f4:	9b02      	ldr	r3, [sp, #8]
100009f6:	68a2      	ldr	r2, [r4, #8]
100009f8:	421a      	tst	r2, r3
100009fa:	d0fc      	beq.n	100009f6 <ClockSetup+0x9e>
100009fc:	9b03      	ldr	r3, [sp, #12]
100009fe:	6821      	ldr	r1, [r4, #0]
10000a00:	015b      	lsls	r3, r3, #5
10000a02:	404b      	eors	r3, r1
10000a04:	2280      	movs	r2, #128	@ 0x80
10000a06:	21f0      	movs	r1, #240	@ 0xf0
10000a08:	0152      	lsls	r2, r2, #5
10000a0a:	0049      	lsls	r1, r1, #1
10000a0c:	4322      	orrs	r2, r4
10000a0e:	400b      	ands	r3, r1
10000a10:	6013      	str	r3, [r2, #0]
10000a12:	2f01      	cmp	r7, #1
10000a14:	d928      	bls.n	10000a68 <ClockSetup+0x110>
10000a16:	9800      	ldr	r0, [sp, #0]
10000a18:	9901      	ldr	r1, [sp, #4]
10000a1a:	2380      	movs	r3, #128	@ 0x80
10000a1c:	2280      	movs	r2, #128	@ 0x80
10000a1e:	019b      	lsls	r3, r3, #6
10000a20:	4323      	orrs	r3, r4
10000a22:	0112      	lsls	r2, r2, #4
10000a24:	6066      	str	r6, [r4, #4]
10000a26:	601a      	str	r2, [r3, #0]
10000a28:	2300      	movs	r3, #0
10000a2a:	0032      	movs	r2, r6
10000a2c:	f7ff fca4 	bl	10000378 <DivU64>
10000a30:	4b14      	ldr	r3, [pc, #80]	@ (10000a84 <ClockSetup+0x12c>)
10000a32:	00ad      	lsls	r5, r5, #2
10000a34:	50e8      	str	r0, [r5, r3]
10000a36:	b005      	add	sp, #20
10000a38:	bdf0      	pop	{r4, r5, r6, r7, pc}
10000a3a:	001a      	movs	r2, r3
10000a3c:	e79c      	b.n	10000978 <ClockSetup+0x20>
10000a3e:	43c7      	mvns	r7, r0
10000a40:	17ff      	asrs	r7, r7, #31
10000a42:	4038      	ands	r0, r7
10000a44:	e7a1      	b.n	1000098a <ClockSetup+0x32>
10000a46:	2280      	movs	r2, #128	@ 0x80
10000a48:	0112      	lsls	r2, r2, #4
10000a4a:	601a      	str	r2, [r3, #0]
10000a4c:	4b0d      	ldr	r3, [pc, #52]	@ (10000a84 <ClockSetup+0x12c>)
10000a4e:	00aa      	lsls	r2, r5, #2
10000a50:	58d1      	ldr	r1, [r2, r3]
10000a52:	2900      	cmp	r1, #0
10000a54:	d0d2      	beq.n	100009fc <ClockSetup+0xa4>
10000a56:	6958      	ldr	r0, [r3, #20]
10000a58:	2303      	movs	r3, #3
10000a5a:	4358      	muls	r0, r3
10000a5c:	f7ff fc7a 	bl	10000354 <DivU32>
10000a60:	3001      	adds	r0, #1
10000a62:	3803      	subs	r0, #3
10000a64:	d2fd      	bcs.n	10000a62 <ClockSetup+0x10a>
10000a66:	e7c9      	b.n	100009fc <ClockSetup+0xa4>
10000a68:	6823      	ldr	r3, [r4, #0]
10000a6a:	9902      	ldr	r1, [sp, #8]
10000a6c:	404b      	eors	r3, r1
10000a6e:	2103      	movs	r1, #3
10000a70:	400b      	ands	r3, r1
10000a72:	6013      	str	r3, [r2, #0]
10000a74:	2301      	movs	r3, #1
10000a76:	9a02      	ldr	r2, [sp, #8]
10000a78:	4093      	lsls	r3, r2
10000a7a:	68a2      	ldr	r2, [r4, #8]
10000a7c:	4213      	tst	r3, r2
10000a7e:	d0fc      	beq.n	10000a7a <ClockSetup+0x122>
10000a80:	e7c9      	b.n	10000a16 <ClockSetup+0xbe>
10000a82:	46c0      	nop			@ (mov r8, r8)
10000a84:	20000658 	.word	0x20000658
10000a88:	100056a0 	.word	0x100056a0
10000a8c:	200365fb 	.word	0x200365fb
10000a90:	40008000 	.word	0x40008000

10000a94 <DMA_Abort>:
10000a94:	23a0      	movs	r3, #160	@ 0xa0
10000a96:	b5f0      	push	{r4, r5, r6, r7, lr}
10000a98:	2701      	movs	r7, #1
10000a9a:	0181      	lsls	r1, r0, #6
10000a9c:	05db      	lsls	r3, r3, #23
10000a9e:	18cb      	adds	r3, r1, r3
10000aa0:	691a      	ldr	r2, [r3, #16]
10000aa2:	b085      	sub	sp, #20
10000aa4:	403a      	ands	r2, r7
10000aa6:	9201      	str	r2, [sp, #4]
10000aa8:	4a2b      	ldr	r2, [pc, #172]	@ (10000b58 <DMA_Abort+0xc4>)
10000aaa:	0006      	movs	r6, r0
10000aac:	1889      	adds	r1, r1, r2
10000aae:	22c0      	movs	r2, #192	@ 0xc0
10000ab0:	0192      	lsls	r2, r2, #6
10000ab2:	430a      	orrs	r2, r1
10000ab4:	6017      	str	r7, [r2, #0]
10000ab6:	691a      	ldr	r2, [r3, #16]
10000ab8:	6918      	ldr	r0, [r3, #16]
10000aba:	9200      	str	r2, [sp, #0]
10000abc:	02f2      	lsls	r2, r6, #11
10000abe:	4042      	eors	r2, r0
10000ac0:	2580      	movs	r5, #128	@ 0x80
10000ac2:	20f0      	movs	r0, #240	@ 0xf0
10000ac4:	24a0      	movs	r4, #160	@ 0xa0
10000ac6:	01c0      	lsls	r0, r0, #7
10000ac8:	016d      	lsls	r5, r5, #5
10000aca:	4002      	ands	r2, r0
10000acc:	430d      	orrs	r5, r1
10000ace:	602a      	str	r2, [r5, #0]
10000ad0:	4a22      	ldr	r2, [pc, #136]	@ (10000b5c <DMA_Abort+0xc8>)
10000ad2:	05e4      	lsls	r4, r4, #23
10000ad4:	58a2      	ldr	r2, [r4, r2]
10000ad6:	4822      	ldr	r0, [pc, #136]	@ (10000b60 <DMA_Abort+0xcc>)
10000ad8:	40f2      	lsrs	r2, r6
10000ada:	403a      	ands	r2, r7
10000adc:	9202      	str	r2, [sp, #8]
10000ade:	003a      	movs	r2, r7
10000ae0:	40b2      	lsls	r2, r6
10000ae2:	6002      	str	r2, [r0, #0]
10000ae4:	481f      	ldr	r0, [pc, #124]	@ (10000b64 <DMA_Abort+0xd0>)
10000ae6:	5820      	ldr	r0, [r4, r0]
10000ae8:	40f0      	lsrs	r0, r6
10000aea:	4e1f      	ldr	r6, [pc, #124]	@ (10000b68 <DMA_Abort+0xd4>)
10000aec:	4038      	ands	r0, r7
10000aee:	9003      	str	r0, [sp, #12]
10000af0:	6032      	str	r2, [r6, #0]
10000af2:	f3ef 8610 	mrs	r6, PRIMASK
10000af6:	b672      	cpsid	i
10000af8:	f3bf 8f5f 	dmb	sy
10000afc:	4f1b      	ldr	r7, [pc, #108]	@ (10000b6c <DMA_Abort+0xd8>)
10000afe:	51e2      	str	r2, [r4, r7]
10000b00:	2080      	movs	r0, #128	@ 0x80
10000b02:	691f      	ldr	r7, [r3, #16]
10000b04:	0440      	lsls	r0, r0, #17
10000b06:	4207      	tst	r7, r0
10000b08:	d1fa      	bne.n	10000b00 <DMA_Abort+0x6c>
10000b0a:	4f19      	ldr	r7, [pc, #100]	@ (10000b70 <DMA_Abort+0xdc>)
10000b0c:	51e2      	str	r2, [r4, r7]
10000b0e:	4f19      	ldr	r7, [pc, #100]	@ (10000b74 <DMA_Abort+0xe0>)
10000b10:	51e2      	str	r2, [r4, r7]
10000b12:	691c      	ldr	r4, [r3, #16]
10000b14:	611c      	str	r4, [r3, #16]
10000b16:	f3bf 8f5f 	dmb	sy
10000b1a:	f386 8810 	msr	PRIMASK, r6
10000b1e:	9c02      	ldr	r4, [sp, #8]
10000b20:	2c00      	cmp	r4, #0
10000b22:	d001      	beq.n	10000b28 <DMA_Abort+0x94>
10000b24:	4c14      	ldr	r4, [pc, #80]	@ (10000b78 <DMA_Abort+0xe4>)
10000b26:	6022      	str	r2, [r4, #0]
10000b28:	9803      	ldr	r0, [sp, #12]
10000b2a:	2800      	cmp	r0, #0
10000b2c:	d001      	beq.n	10000b32 <DMA_Abort+0x9e>
10000b2e:	4813      	ldr	r0, [pc, #76]	@ (10000b7c <DMA_Abort+0xe8>)
10000b30:	6002      	str	r2, [r0, #0]
10000b32:	22f0      	movs	r2, #240	@ 0xf0
10000b34:	6918      	ldr	r0, [r3, #16]
10000b36:	9b00      	ldr	r3, [sp, #0]
10000b38:	01d2      	lsls	r2, r2, #7
10000b3a:	4013      	ands	r3, r2
10000b3c:	4043      	eors	r3, r0
10000b3e:	4013      	ands	r3, r2
10000b40:	602b      	str	r3, [r5, #0]
10000b42:	9b01      	ldr	r3, [sp, #4]
10000b44:	2b00      	cmp	r3, #0
10000b46:	d004      	beq.n	10000b52 <DMA_Abort+0xbe>
10000b48:	2380      	movs	r3, #128	@ 0x80
10000b4a:	2201      	movs	r2, #1
10000b4c:	019b      	lsls	r3, r3, #6
10000b4e:	430b      	orrs	r3, r1
10000b50:	601a      	str	r2, [r3, #0]
10000b52:	b005      	add	sp, #20
10000b54:	bdf0      	pop	{r4, r5, r6, r7, pc}
10000b56:	46c0      	nop			@ (mov r8, r8)
10000b58:	50000010 	.word	0x50000010
10000b5c:	00000404 	.word	0x00000404
10000b60:	50003404 	.word	0x50003404
10000b64:	00000414 	.word	0x00000414
10000b68:	50003414 	.word	0x50003414
10000b6c:	00000444 	.word	0x00000444
10000b70:	0000040c 	.word	0x0000040c
10000b74:	0000041c 	.word	0x0000041c
10000b78:	50002404 	.word	0x50002404
10000b7c:	50002414 	.word	0x50002414

10000b80 <DMA_CRC>:
10000b80:	b5f0      	push	{r4, r5, r6, r7, lr}
10000b82:	b085      	sub	sp, #20
10000b84:	9300      	str	r3, [sp, #0]
10000b86:	2300      	movs	r3, #0
10000b88:	9303      	str	r3, [sp, #12]
10000b8a:	23a0      	movs	r3, #160	@ 0xa0
10000b8c:	0194      	lsls	r4, r2, #6
10000b8e:	05db      	lsls	r3, r3, #23
10000b90:	0007      	movs	r7, r0
10000b92:	0010      	movs	r0, r2
10000b94:	0016      	movs	r6, r2
10000b96:	9d0a      	ldr	r5, [sp, #40]	@ 0x28
10000b98:	9101      	str	r1, [sp, #4]
10000b9a:	18e4      	adds	r4, r4, r3
10000b9c:	f7ff ff7a 	bl	10000a94 <DMA_Abort>
10000ba0:	22f0      	movs	r2, #240	@ 0xf0
10000ba2:	017b      	lsls	r3, r7, #5
10000ba4:	0052      	lsls	r2, r2, #1
10000ba6:	4013      	ands	r3, r2
10000ba8:	0072      	lsls	r2, r6, #1
10000baa:	4313      	orrs	r3, r2
10000bac:	06fa      	lsls	r2, r7, #27
10000bae:	d44c      	bmi.n	10000c4a <DMA_CRC+0xca>
10000bb0:	2201      	movs	r2, #1
10000bb2:	4313      	orrs	r3, r2
10000bb4:	06bf      	lsls	r7, r7, #26
10000bb6:	d502      	bpl.n	10000bbe <DMA_CRC+0x3e>
10000bb8:	2280      	movs	r2, #128	@ 0x80
10000bba:	00d2      	lsls	r2, r2, #3
10000bbc:	4313      	orrs	r3, r2
10000bbe:	4a24      	ldr	r2, [pc, #144]	@ (10000c50 <DMA_CRC+0xd0>)
10000bc0:	4924      	ldr	r1, [pc, #144]	@ (10000c54 <DMA_CRC+0xd4>)
10000bc2:	6013      	str	r3, [r2, #0]
10000bc4:	9b01      	ldr	r3, [sp, #4]
10000bc6:	02f7      	lsls	r7, r6, #11
10000bc8:	600b      	str	r3, [r1, #0]
10000bca:	9b00      	ldr	r3, [sp, #0]
10000bcc:	4694      	mov	ip, r2
10000bce:	6023      	str	r3, [r4, #0]
10000bd0:	ab03      	add	r3, sp, #12
10000bd2:	6063      	str	r3, [r4, #4]
10000bd4:	2303      	movs	r3, #3
10000bd6:	4820      	ldr	r0, [pc, #128]	@ (10000c58 <DMA_CRC+0xd8>)
10000bd8:	9e00      	ldr	r6, [sp, #0]
10000bda:	9a00      	ldr	r2, [sp, #0]
10000bdc:	4338      	orrs	r0, r7
10000bde:	401e      	ands	r6, r3
10000be0:	421a      	tst	r2, r3
10000be2:	d00e      	beq.n	10000c02 <DMA_CRC+0x82>
10000be4:	2d00      	cmp	r5, #0
10000be6:	dd18      	ble.n	10000c1a <DMA_CRC+0x9a>
10000be8:	3301      	adds	r3, #1
10000bea:	1b9b      	subs	r3, r3, r6
10000bec:	42ab      	cmp	r3, r5
10000bee:	dd00      	ble.n	10000bf2 <DMA_CRC+0x72>
10000bf0:	002b      	movs	r3, r5
10000bf2:	1aed      	subs	r5, r5, r3
10000bf4:	60a3      	str	r3, [r4, #8]
10000bf6:	60e0      	str	r0, [r4, #12]
10000bf8:	2380      	movs	r3, #128	@ 0x80
10000bfa:	045b      	lsls	r3, r3, #17
10000bfc:	6926      	ldr	r6, [r4, #16]
10000bfe:	421e      	tst	r6, r3
10000c00:	d1fc      	bne.n	10000bfc <DMA_CRC+0x7c>
10000c02:	10ab      	asrs	r3, r5, #2
10000c04:	2d03      	cmp	r5, #3
10000c06:	dd08      	ble.n	10000c1a <DMA_CRC+0x9a>
10000c08:	60a3      	str	r3, [r4, #8]
10000c0a:	4e14      	ldr	r6, [pc, #80]	@ (10000c5c <DMA_CRC+0xdc>)
10000c0c:	433e      	orrs	r6, r7
10000c0e:	60e6      	str	r6, [r4, #12]
10000c10:	2380      	movs	r3, #128	@ 0x80
10000c12:	045b      	lsls	r3, r3, #17
10000c14:	6926      	ldr	r6, [r4, #16]
10000c16:	421e      	tst	r6, r3
10000c18:	d1fc      	bne.n	10000c14 <DMA_CRC+0x94>
10000c1a:	2303      	movs	r3, #3
10000c1c:	002e      	movs	r6, r5
10000c1e:	401e      	ands	r6, r3
10000c20:	421d      	tst	r5, r3
10000c22:	d006      	beq.n	10000c32 <DMA_CRC+0xb2>
10000c24:	60a6      	str	r6, [r4, #8]
10000c26:	60e0      	str	r0, [r4, #12]
10000c28:	2380      	movs	r3, #128	@ 0x80
10000c2a:	045b      	lsls	r3, r3, #17
10000c2c:	6920      	ldr	r0, [r4, #16]
10000c2e:	4218      	tst	r0, r3
10000c30:	d1fc      	bne.n	10000c2c <DMA_CRC+0xac>
10000c32:	23c0      	movs	r3, #192	@ 0xc0
10000c34:	2001      	movs	r0, #1
10000c36:	3410      	adds	r4, #16
10000c38:	019b      	lsls	r3, r3, #6
10000c3a:	4323      	orrs	r3, r4
10000c3c:	6018      	str	r0, [r3, #0]
10000c3e:	4662      	mov	r2, ip
10000c40:	2300      	movs	r3, #0
10000c42:	6808      	ldr	r0, [r1, #0]
10000c44:	6013      	str	r3, [r2, #0]
10000c46:	b005      	add	sp, #20
10000c48:	bdf0      	pop	{r4, r5, r6, r7, pc}
10000c4a:	4a05      	ldr	r2, [pc, #20]	@ (10000c60 <DMA_CRC+0xe0>)
10000c4c:	e7b1      	b.n	10000bb2 <DMA_CRC+0x32>
10000c4e:	46c0      	nop			@ (mov r8, r8)
10000c50:	50000434 	.word	0x50000434
10000c54:	50000438 	.word	0x50000438
10000c58:	009f8011 	.word	0x009f8011
10000c5c:	009f8019 	.word	0x009f8019
10000c60:	00000801 	.word	0x00000801

10000c64 <FatalErrorMsg>:
10000c64:	4770      	bx	lr
	...

10000c68 <Boot2Check>:
10000c68:	2080      	movs	r0, #128	@ 0x80
10000c6a:	b510      	push	{r4, lr}
10000c6c:	21fc      	movs	r1, #252	@ 0xfc
10000c6e:	0540      	lsls	r0, r0, #21
10000c70:	f000 fde6 	bl	10001840 <Crc32ASlow>
10000c74:	4b03      	ldr	r3, [pc, #12]	@ (10000c84 <Boot2Check+0x1c>)
10000c76:	681b      	ldr	r3, [r3, #0]
10000c78:	1a18      	subs	r0, r3, r0
10000c7a:	4242      	negs	r2, r0
10000c7c:	4150      	adcs	r0, r2
10000c7e:	b2c0      	uxtb	r0, r0
10000c80:	bd10      	pop	{r4, pc}
10000c82:	46c0      	nop			@ (mov r8, r8)
10000c84:	100000fc 	.word	0x100000fc

10000c88 <FlashLoadInfo>:
10000c88:	b5f0      	push	{r4, r5, r6, r7, lr}
10000c8a:	2400      	movs	r4, #0
10000c8c:	b08b      	sub	sp, #44	@ 0x2c
10000c8e:	ab02      	add	r3, sp, #8
10000c90:	1c58      	adds	r0, r3, #1
10000c92:	220c      	movs	r2, #12
10000c94:	2100      	movs	r1, #0
10000c96:	f7ff fbd6 	bl	10000446 <__wrap_memset>
10000c9a:	220d      	movs	r2, #13
10000c9c:	2100      	movs	r1, #0
10000c9e:	a806      	add	r0, sp, #24
10000ca0:	f7ff fbd1 	bl	10000446 <__wrap_memset>
10000ca4:	234b      	movs	r3, #75	@ 0x4b
10000ca6:	0026      	movs	r6, r4
10000ca8:	aa02      	add	r2, sp, #8
10000caa:	7013      	strb	r3, [r2, #0]
10000cac:	a906      	add	r1, sp, #24
10000cae:	220d      	movs	r2, #13
10000cb0:	a802      	add	r0, sp, #8
10000cb2:	f004 fcd1 	bl	10005658 <__FlashCmd_veneer>
10000cb6:	4f1f      	ldr	r7, [pc, #124]	@ (10000d34 <FlashLoadInfo+0xac>)
10000cb8:	9401      	str	r4, [sp, #4]
10000cba:	ad06      	add	r5, sp, #24
10000cbc:	1973      	adds	r3, r6, r5
10000cbe:	795b      	ldrb	r3, [r3, #5]
10000cc0:	9300      	str	r3, [sp, #0]
10000cc2:	9a00      	ldr	r2, [sp, #0]
10000cc4:	4b1c      	ldr	r3, [pc, #112]	@ (10000d38 <FlashLoadInfo+0xb0>)
10000cc6:	0910      	lsrs	r0, r2, #4
10000cc8:	559a      	strb	r2, [r3, r6]
10000cca:	f000 feb4 	bl	10001a36 <DecHexDig>
10000cce:	7038      	strb	r0, [r7, #0]
10000cd0:	9800      	ldr	r0, [sp, #0]
10000cd2:	f000 feb0 	bl	10001a36 <DecHexDig>
10000cd6:	9b01      	ldr	r3, [sp, #4]
10000cd8:	0e22      	lsrs	r2, r4, #24
10000cda:	9900      	ldr	r1, [sp, #0]
10000cdc:	021b      	lsls	r3, r3, #8
10000cde:	0224      	lsls	r4, r4, #8
10000ce0:	431a      	orrs	r2, r3
10000ce2:	3601      	adds	r6, #1
10000ce4:	7078      	strb	r0, [r7, #1]
10000ce6:	430c      	orrs	r4, r1
10000ce8:	9201      	str	r2, [sp, #4]
10000cea:	3702      	adds	r7, #2
10000cec:	2e08      	cmp	r6, #8
10000cee:	d1e4      	bne.n	10000cba <FlashLoadInfo+0x32>
10000cf0:	4b12      	ldr	r3, [pc, #72]	@ (10000d3c <FlashLoadInfo+0xb4>)
10000cf2:	601c      	str	r4, [r3, #0]
10000cf4:	2400      	movs	r4, #0
10000cf6:	605a      	str	r2, [r3, #4]
10000cf8:	4b0e      	ldr	r3, [pc, #56]	@ (10000d34 <FlashLoadInfo+0xac>)
10000cfa:	0021      	movs	r1, r4
10000cfc:	741c      	strb	r4, [r3, #16]
10000cfe:	ab02      	add	r3, sp, #8
10000d00:	2203      	movs	r2, #3
10000d02:	1c58      	adds	r0, r3, #1
10000d04:	f7ff fb9f 	bl	10000446 <__wrap_memset>
10000d08:	239f      	movs	r3, #159	@ 0x9f
10000d0a:	aa02      	add	r2, sp, #8
10000d0c:	0029      	movs	r1, r5
10000d0e:	7013      	strb	r3, [r2, #0]
10000d10:	a802      	add	r0, sp, #8
10000d12:	2204      	movs	r2, #4
10000d14:	9406      	str	r4, [sp, #24]
10000d16:	f004 fc9f 	bl	10005658 <__FlashCmd_veneer>
10000d1a:	786a      	ldrb	r2, [r5, #1]
10000d1c:	4b08      	ldr	r3, [pc, #32]	@ (10000d40 <FlashLoadInfo+0xb8>)
10000d1e:	701a      	strb	r2, [r3, #0]
10000d20:	78aa      	ldrb	r2, [r5, #2]
10000d22:	4b08      	ldr	r3, [pc, #32]	@ (10000d44 <FlashLoadInfo+0xbc>)
10000d24:	701a      	strb	r2, [r3, #0]
10000d26:	2301      	movs	r3, #1
10000d28:	78e9      	ldrb	r1, [r5, #3]
10000d2a:	4a07      	ldr	r2, [pc, #28]	@ (10000d48 <FlashLoadInfo+0xc0>)
10000d2c:	408b      	lsls	r3, r1
10000d2e:	6013      	str	r3, [r2, #0]
10000d30:	b00b      	add	sp, #44	@ 0x2c
10000d32:	bdf0      	pop	{r4, r5, r6, r7, pc}
10000d34:	20038e16 	.word	0x20038e16
10000d38:	20038e0e 	.word	0x20038e0e
10000d3c:	20000600 	.word	0x20000600
10000d40:	20038e27 	.word	0x20038e27
10000d44:	20038e28 	.word	0x20038e28
10000d48:	20000974 	.word	0x20000974

10000d4c <FloatInit>:
10000d4c:	b510      	push	{r4, lr}
10000d4e:	4805      	ldr	r0, [pc, #20]	@ (10000d64 <FloatInit+0x18>)
10000d50:	f7ff fd68 	bl	10000824 <RomData>
10000d54:	4b04      	ldr	r3, [pc, #16]	@ (10000d68 <FloatInit+0x1c>)
10000d56:	0001      	movs	r1, r0
10000d58:	2254      	movs	r2, #84	@ 0x54
10000d5a:	0018      	movs	r0, r3
10000d5c:	f7ff fb78 	bl	10000450 <__wrap___aeabi_memcpy>
10000d60:	bd10      	pop	{r4, pc}
10000d62:	46c0      	nop			@ (mov r8, r8)
10000d64:	00004653 	.word	0x00004653
10000d68:	20036554 	.word	0x20036554

10000d6c <GPIO_Fnc>:
10000d6c:	4a09      	ldr	r2, [pc, #36]	@ (10000d94 <GPIO_Fnc+0x28>)
10000d6e:	0083      	lsls	r3, r0, #2
10000d70:	189b      	adds	r3, r3, r2
10000d72:	22c0      	movs	r2, #192	@ 0xc0
10000d74:	b510      	push	{r4, lr}
10000d76:	2480      	movs	r4, #128	@ 0x80
10000d78:	0192      	lsls	r2, r2, #6
10000d7a:	431a      	orrs	r2, r3
10000d7c:	6014      	str	r4, [r2, #0]
10000d7e:	2280      	movs	r2, #128	@ 0x80
10000d80:	0192      	lsls	r2, r2, #6
10000d82:	4313      	orrs	r3, r2
10000d84:	2240      	movs	r2, #64	@ 0x40
10000d86:	601a      	str	r2, [r3, #0]
10000d88:	4b03      	ldr	r3, [pc, #12]	@ (10000d98 <GPIO_Fnc+0x2c>)
10000d8a:	18c0      	adds	r0, r0, r3
10000d8c:	00c0      	lsls	r0, r0, #3
10000d8e:	6041      	str	r1, [r0, #4]
10000d90:	bd10      	pop	{r4, pc}
10000d92:	46c0      	nop			@ (mov r8, r8)
10000d94:	4001c004 	.word	0x4001c004
10000d98:	08002800 	.word	0x08002800

10000d9c <ADC_PinInit>:
10000d9c:	b510      	push	{r4, lr}
10000d9e:	0004      	movs	r4, r0
10000da0:	211f      	movs	r1, #31
10000da2:	f7ff ffe3 	bl	10000d6c <GPIO_Fnc>
10000da6:	4b05      	ldr	r3, [pc, #20]	@ (10000dbc <ADC_PinInit+0x20>)
10000da8:	220c      	movs	r2, #12
10000daa:	18e4      	adds	r4, r4, r3
10000dac:	23c0      	movs	r3, #192	@ 0xc0
10000dae:	00a4      	lsls	r4, r4, #2
10000db0:	019b      	lsls	r3, r3, #6
10000db2:	4323      	orrs	r3, r4
10000db4:	601a      	str	r2, [r3, #0]
10000db6:	3234      	adds	r2, #52	@ 0x34
10000db8:	601a      	str	r2, [r3, #0]
10000dba:	bd10      	pop	{r4, pc}
10000dbc:	10007001 	.word	0x10007001

10000dc0 <GPIO_IRQAck>:
10000dc0:	4a04      	ldr	r2, [pc, #16]	@ (10000dd4 <GPIO_IRQAck+0x14>)
10000dc2:	10c3      	asrs	r3, r0, #3
10000dc4:	009b      	lsls	r3, r3, #2
10000dc6:	189b      	adds	r3, r3, r2
10000dc8:	2207      	movs	r2, #7
10000dca:	4010      	ands	r0, r2
10000dcc:	0080      	lsls	r0, r0, #2
10000dce:	4081      	lsls	r1, r0
10000dd0:	6019      	str	r1, [r3, #0]
10000dd2:	4770      	bx	lr
10000dd4:	400140f0 	.word	0x400140f0

10000dd8 <GPIO_IRQDisableCpu>:
10000dd8:	2307      	movs	r3, #7
10000dda:	400b      	ands	r3, r1
10000ddc:	009b      	lsls	r3, r3, #2
10000dde:	409a      	lsls	r2, r3
10000de0:	2330      	movs	r3, #48	@ 0x30
10000de2:	4343      	muls	r3, r0
10000de4:	10c9      	asrs	r1, r1, #3
10000de6:	0089      	lsls	r1, r1, #2
10000de8:	18c9      	adds	r1, r1, r3
10000dea:	4b03      	ldr	r3, [pc, #12]	@ (10000df8 <GPIO_IRQDisableCpu+0x20>)
10000dec:	18c9      	adds	r1, r1, r3
10000dee:	23c0      	movs	r3, #192	@ 0xc0
10000df0:	019b      	lsls	r3, r3, #6
10000df2:	430b      	orrs	r3, r1
10000df4:	601a      	str	r2, [r3, #0]
10000df6:	4770      	bx	lr
10000df8:	40014100 	.word	0x40014100

10000dfc <GPIO_IRQUnforceCpu>:
10000dfc:	2307      	movs	r3, #7
10000dfe:	400b      	ands	r3, r1
10000e00:	009b      	lsls	r3, r3, #2
10000e02:	409a      	lsls	r2, r3
10000e04:	2330      	movs	r3, #48	@ 0x30
10000e06:	4343      	muls	r3, r0
10000e08:	10c9      	asrs	r1, r1, #3
10000e0a:	0089      	lsls	r1, r1, #2
10000e0c:	18c9      	adds	r1, r1, r3
10000e0e:	4b03      	ldr	r3, [pc, #12]	@ (10000e1c <GPIO_IRQUnforceCpu+0x20>)
10000e10:	18c9      	adds	r1, r1, r3
10000e12:	23c0      	movs	r3, #192	@ 0xc0
10000e14:	019b      	lsls	r3, r3, #6
10000e16:	430b      	orrs	r3, r1
10000e18:	601a      	str	r2, [r3, #0]
10000e1a:	4770      	bx	lr
10000e1c:	40014110 	.word	0x40014110

10000e20 <GPIO_Reset>:
10000e20:	b510      	push	{r4, lr}
10000e22:	0004      	movs	r4, r0
10000e24:	0001      	movs	r1, r0
10000e26:	220f      	movs	r2, #15
10000e28:	2000      	movs	r0, #0
10000e2a:	f7ff ffd5 	bl	10000dd8 <GPIO_IRQDisableCpu>
10000e2e:	0021      	movs	r1, r4
10000e30:	220f      	movs	r2, #15
10000e32:	2001      	movs	r0, #1
10000e34:	f7ff ffd0 	bl	10000dd8 <GPIO_IRQDisableCpu>
10000e38:	0021      	movs	r1, r4
10000e3a:	220f      	movs	r2, #15
10000e3c:	2000      	movs	r0, #0
10000e3e:	f7ff ffdd 	bl	10000dfc <GPIO_IRQUnforceCpu>
10000e42:	220f      	movs	r2, #15
10000e44:	0021      	movs	r1, r4
10000e46:	2001      	movs	r0, #1
10000e48:	f7ff ffd8 	bl	10000dfc <GPIO_IRQUnforceCpu>
10000e4c:	0020      	movs	r0, r4
10000e4e:	210f      	movs	r1, #15
10000e50:	f7ff ffb6 	bl	10000dc0 <GPIO_IRQAck>
10000e54:	2301      	movs	r3, #1
10000e56:	22d0      	movs	r2, #208	@ 0xd0
10000e58:	40a3      	lsls	r3, r4
10000e5a:	0612      	lsls	r2, r2, #24
10000e5c:	6293      	str	r3, [r2, #40]	@ 0x28
10000e5e:	6193      	str	r3, [r2, #24]
10000e60:	2256      	movs	r2, #86	@ 0x56
10000e62:	4b05      	ldr	r3, [pc, #20]	@ (10000e78 <GPIO_Reset+0x58>)
10000e64:	18e3      	adds	r3, r4, r3
10000e66:	009b      	lsls	r3, r3, #2
10000e68:	601a      	str	r2, [r3, #0]
10000e6a:	4b04      	ldr	r3, [pc, #16]	@ (10000e7c <GPIO_Reset+0x5c>)
10000e6c:	18e4      	adds	r4, r4, r3
10000e6e:	231f      	movs	r3, #31
10000e70:	00e4      	lsls	r4, r4, #3
10000e72:	6063      	str	r3, [r4, #4]
10000e74:	bd10      	pop	{r4, pc}
10000e76:	46c0      	nop			@ (mov r8, r8)
10000e78:	10007001 	.word	0x10007001
10000e7c:	08002800 	.word	0x08002800

10000e80 <ADC_PinTerm>:
10000e80:	b510      	push	{r4, lr}
10000e82:	f7ff ffcd 	bl	10000e20 <GPIO_Reset>
10000e86:	bd10      	pop	{r4, pc}

10000e88 <GPIO_Init>:
10000e88:	b510      	push	{r4, lr}
10000e8a:	0004      	movs	r4, r0
10000e8c:	f7ff ffc8 	bl	10000e20 <GPIO_Reset>
10000e90:	2301      	movs	r3, #1
10000e92:	22d0      	movs	r2, #208	@ 0xd0
10000e94:	40a3      	lsls	r3, r4
10000e96:	0612      	lsls	r2, r2, #24
10000e98:	6293      	str	r3, [r2, #40]	@ 0x28
10000e9a:	2105      	movs	r1, #5
10000e9c:	0020      	movs	r0, r4
10000e9e:	6193      	str	r3, [r2, #24]
10000ea0:	f7ff ff64 	bl	10000d6c <GPIO_Fnc>
10000ea4:	bd10      	pop	{r4, pc}
	...

10000ea8 <NVIC_IRQPrio>:
10000ea8:	4a08      	ldr	r2, [pc, #32]	@ (10000ecc <NVIC_IRQPrio+0x24>)
10000eaa:	1083      	asrs	r3, r0, #2
10000eac:	009b      	lsls	r3, r3, #2
10000eae:	189b      	adds	r3, r3, r2
10000eb0:	2203      	movs	r2, #3
10000eb2:	4010      	ands	r0, r2
10000eb4:	4090      	lsls	r0, r2
10000eb6:	b510      	push	{r4, lr}
10000eb8:	24ff      	movs	r4, #255	@ 0xff
10000eba:	3006      	adds	r0, #6
10000ebc:	4084      	lsls	r4, r0
10000ebe:	4081      	lsls	r1, r0
10000ec0:	681a      	ldr	r2, [r3, #0]
10000ec2:	43a2      	bics	r2, r4
10000ec4:	430a      	orrs	r2, r1
10000ec6:	601a      	str	r2, [r3, #0]
10000ec8:	bd10      	pop	{r4, pc}
10000eca:	46c0      	nop			@ (mov r8, r8)
10000ecc:	e000e400 	.word	0xe000e400

10000ed0 <NVIC_IRQPrioDef>:
10000ed0:	b510      	push	{r4, lr}
10000ed2:	2400      	movs	r4, #0
10000ed4:	0020      	movs	r0, r4
10000ed6:	2102      	movs	r1, #2
10000ed8:	3401      	adds	r4, #1
10000eda:	f7ff ffe5 	bl	10000ea8 <NVIC_IRQPrio>
10000ede:	2c20      	cmp	r4, #32
10000ee0:	d1f8      	bne.n	10000ed4 <NVIC_IRQPrioDef+0x4>
10000ee2:	2280      	movs	r2, #128	@ 0x80
10000ee4:	490a      	ldr	r1, [pc, #40]	@ (10000f10 <NVIC_IRQPrioDef+0x40>)
10000ee6:	0612      	lsls	r2, r2, #24
10000ee8:	680b      	ldr	r3, [r1, #0]
10000eea:	009b      	lsls	r3, r3, #2
10000eec:	089b      	lsrs	r3, r3, #2
10000eee:	4313      	orrs	r3, r2
10000ef0:	600b      	str	r3, [r1, #0]
10000ef2:	23c0      	movs	r3, #192	@ 0xc0
10000ef4:	4a07      	ldr	r2, [pc, #28]	@ (10000f14 <NVIC_IRQPrioDef+0x44>)
10000ef6:	041b      	lsls	r3, r3, #16
10000ef8:	6811      	ldr	r1, [r2, #0]
10000efa:	430b      	orrs	r3, r1
10000efc:	2180      	movs	r1, #128	@ 0x80
10000efe:	6013      	str	r3, [r2, #0]
10000f00:	6813      	ldr	r3, [r2, #0]
10000f02:	05c9      	lsls	r1, r1, #23
10000f04:	009b      	lsls	r3, r3, #2
10000f06:	089b      	lsrs	r3, r3, #2
10000f08:	430b      	orrs	r3, r1
10000f0a:	6013      	str	r3, [r2, #0]
10000f0c:	bd10      	pop	{r4, pc}
10000f0e:	46c0      	nop			@ (mov r8, r8)
10000f10:	e000ed1c 	.word	0xe000ed1c
10000f14:	e000ed20 	.word	0xe000ed20

10000f18 <PllCalc>:
10000f18:	b5f0      	push	{r4, r5, r6, r7, lr}
10000f1a:	b089      	sub	sp, #36	@ 0x24
10000f1c:	9307      	str	r3, [sp, #28]
10000f1e:	ab0e      	add	r3, sp, #56	@ 0x38
10000f20:	781b      	ldrb	r3, [r3, #0]
10000f22:	9206      	str	r2, [sp, #24]
10000f24:	9303      	str	r3, [sp, #12]
10000f26:	2300      	movs	r3, #0
10000f28:	9a0f      	ldr	r2, [sp, #60]	@ 0x3c
10000f2a:	2610      	movs	r6, #16
10000f2c:	6013      	str	r3, [r2, #0]
10000f2e:	9b03      	ldr	r3, [sp, #12]
10000f30:	9001      	str	r0, [sp, #4]
10000f32:	9105      	str	r1, [sp, #20]
10000f34:	2b00      	cmp	r3, #0
10000f36:	d101      	bne.n	10000f3c <PllCalc+0x24>
10000f38:	26a0      	movs	r6, #160	@ 0xa0
10000f3a:	0076      	lsls	r6, r6, #1
10000f3c:	4b2a      	ldr	r3, [pc, #168]	@ (10000fe8 <PllCalc+0xd0>)
10000f3e:	9302      	str	r3, [sp, #8]
10000f40:	9f05      	ldr	r7, [sp, #20]
10000f42:	9b06      	ldr	r3, [sp, #24]
10000f44:	4377      	muls	r7, r6
10000f46:	429f      	cmp	r7, r3
10000f48:	d32b      	bcc.n	10000fa2 <PllCalc+0x8a>
10000f4a:	9b07      	ldr	r3, [sp, #28]
10000f4c:	429f      	cmp	r7, r3
10000f4e:	d828      	bhi.n	10000fa2 <PllCalc+0x8a>
10000f50:	2407      	movs	r4, #7
10000f52:	b2e3      	uxtb	r3, r4
10000f54:	9304      	str	r3, [sp, #16]
10000f56:	0023      	movs	r3, r4
10000f58:	4363      	muls	r3, r4
10000f5a:	b2e5      	uxtb	r5, r4
10000f5c:	9300      	str	r3, [sp, #0]
10000f5e:	0038      	movs	r0, r7
10000f60:	9900      	ldr	r1, [sp, #0]
10000f62:	f7ff f9f7 	bl	10000354 <DivU32>
10000f66:	9b01      	ldr	r3, [sp, #4]
10000f68:	1ac3      	subs	r3, r0, r3
10000f6a:	17da      	asrs	r2, r3, #31
10000f6c:	189b      	adds	r3, r3, r2
10000f6e:	4053      	eors	r3, r2
10000f70:	9a02      	ldr	r2, [sp, #8]
10000f72:	4293      	cmp	r3, r2
10000f74:	da0b      	bge.n	10000f8e <PllCalc+0x76>
10000f76:	9a0f      	ldr	r2, [sp, #60]	@ 0x3c
10000f78:	9904      	ldr	r1, [sp, #16]
10000f7a:	6010      	str	r0, [r2, #0]
10000f7c:	9a10      	ldr	r2, [sp, #64]	@ 0x40
10000f7e:	9302      	str	r3, [sp, #8]
10000f80:	6017      	str	r7, [r2, #0]
10000f82:	9a11      	ldr	r2, [sp, #68]	@ 0x44
10000f84:	8016      	strh	r6, [r2, #0]
10000f86:	9a12      	ldr	r2, [sp, #72]	@ 0x48
10000f88:	7011      	strb	r1, [r2, #0]
10000f8a:	9a13      	ldr	r2, [sp, #76]	@ 0x4c
10000f8c:	7015      	strb	r5, [r2, #0]
10000f8e:	9b00      	ldr	r3, [sp, #0]
10000f90:	3d01      	subs	r5, #1
10000f92:	1b1b      	subs	r3, r3, r4
10000f94:	b2ed      	uxtb	r5, r5
10000f96:	9300      	str	r3, [sp, #0]
10000f98:	2d00      	cmp	r5, #0
10000f9a:	d1e0      	bne.n	10000f5e <PllCalc+0x46>
10000f9c:	3c01      	subs	r4, #1
10000f9e:	2c00      	cmp	r4, #0
10000fa0:	d1d7      	bne.n	10000f52 <PllCalc+0x3a>
10000fa2:	9b03      	ldr	r3, [sp, #12]
10000fa4:	2b00      	cmp	r3, #0
10000fa6:	d01a      	beq.n	10000fde <PllCalc+0xc6>
10000fa8:	23a0      	movs	r3, #160	@ 0xa0
10000faa:	3601      	adds	r6, #1
10000fac:	b2b6      	uxth	r6, r6
10000fae:	005b      	lsls	r3, r3, #1
10000fb0:	429e      	cmp	r6, r3
10000fb2:	d9c5      	bls.n	10000f40 <PllCalc+0x28>
10000fb4:	9b0f      	ldr	r3, [sp, #60]	@ 0x3c
10000fb6:	9a01      	ldr	r2, [sp, #4]
10000fb8:	681b      	ldr	r3, [r3, #0]
10000fba:	2000      	movs	r0, #0
10000fbc:	4293      	cmp	r3, r2
10000fbe:	d10b      	bne.n	10000fd8 <PllCalc+0xc0>
10000fc0:	9b12      	ldr	r3, [sp, #72]	@ 0x48
10000fc2:	9801      	ldr	r0, [sp, #4]
10000fc4:	781a      	ldrb	r2, [r3, #0]
10000fc6:	9b13      	ldr	r3, [sp, #76]	@ 0x4c
10000fc8:	781b      	ldrb	r3, [r3, #0]
10000fca:	4353      	muls	r3, r2
10000fcc:	4358      	muls	r0, r3
10000fce:	9b10      	ldr	r3, [sp, #64]	@ 0x40
10000fd0:	681b      	ldr	r3, [r3, #0]
10000fd2:	1ac0      	subs	r0, r0, r3
10000fd4:	4243      	negs	r3, r0
10000fd6:	4158      	adcs	r0, r3
10000fd8:	b2c0      	uxtb	r0, r0
10000fda:	b009      	add	sp, #36	@ 0x24
10000fdc:	bdf0      	pop	{r4, r5, r6, r7, pc}
10000fde:	3e01      	subs	r6, #1
10000fe0:	b2b6      	uxth	r6, r6
10000fe2:	2e0f      	cmp	r6, #15
10000fe4:	d8ac      	bhi.n	10000f40 <PllCalc+0x28>
10000fe6:	e7e5      	b.n	10000fb4 <PllCalc+0x9c>
10000fe8:	000186a0 	.word	0x000186a0

10000fec <PllCalcDef>:
10000fec:	b5f0      	push	{r4, r5, r6, r7, lr}
10000fee:	000d      	movs	r5, r1
10000ff0:	21fa      	movs	r1, #250	@ 0xfa
10000ff2:	001f      	movs	r7, r3
10000ff4:	4b0d      	ldr	r3, [pc, #52]	@ (1000102c <PllCalcDef+0x40>)
10000ff6:	0004      	movs	r4, r0
10000ff8:	6ad8      	ldr	r0, [r3, #44]	@ 0x2c
10000ffa:	b087      	sub	sp, #28
10000ffc:	30f5      	adds	r0, #245	@ 0xf5
10000ffe:	0089      	lsls	r1, r1, #2
10001000:	30ff      	adds	r0, #255	@ 0xff
10001002:	0016      	movs	r6, r2
10001004:	f7ff f9a6 	bl	10000354 <DivU32>
10001008:	9b0d      	ldr	r3, [sp, #52]	@ 0x34
1000100a:	0001      	movs	r1, r0
1000100c:	9305      	str	r3, [sp, #20]
1000100e:	9b0c      	ldr	r3, [sp, #48]	@ 0x30
10001010:	0020      	movs	r0, r4
10001012:	9304      	str	r3, [sp, #16]
10001014:	2300      	movs	r3, #0
10001016:	4a06      	ldr	r2, [pc, #24]	@ (10001030 <PllCalcDef+0x44>)
10001018:	9300      	str	r3, [sp, #0]
1000101a:	9703      	str	r7, [sp, #12]
1000101c:	4b05      	ldr	r3, [pc, #20]	@ (10001034 <PllCalcDef+0x48>)
1000101e:	9602      	str	r6, [sp, #8]
10001020:	9501      	str	r5, [sp, #4]
10001022:	f7ff ff79 	bl	10000f18 <PllCalc>
10001026:	b007      	add	sp, #28
10001028:	bdf0      	pop	{r4, r5, r6, r7, pc}
1000102a:	46c0      	nop			@ (mov r8, r8)
1000102c:	20000658 	.word	0x20000658
10001030:	00061a80 	.word	0x00061a80
10001034:	00186a00 	.word	0x00186a00

10001038 <PWM_Reset>:
10001038:	2301      	movs	r3, #1
1000103a:	4083      	lsls	r3, r0
1000103c:	0002      	movs	r2, r0
1000103e:	2014      	movs	r0, #20
10001040:	4350      	muls	r0, r2
10001042:	4a07      	ldr	r2, [pc, #28]	@ (10001060 <PWM_Reset+0x28>)
10001044:	4907      	ldr	r1, [pc, #28]	@ (10001064 <PWM_Reset+0x2c>)
10001046:	1880      	adds	r0, r0, r2
10001048:	2200      	movs	r2, #0
1000104a:	600b      	str	r3, [r1, #0]
1000104c:	4906      	ldr	r1, [pc, #24]	@ (10001068 <PWM_Reset+0x30>)
1000104e:	6002      	str	r2, [r0, #0]
10001050:	600b      	str	r3, [r1, #0]
10001052:	2310      	movs	r3, #16
10001054:	6043      	str	r3, [r0, #4]
10001056:	4b05      	ldr	r3, [pc, #20]	@ (1000106c <PWM_Reset+0x34>)
10001058:	6082      	str	r2, [r0, #8]
1000105a:	60c2      	str	r2, [r0, #12]
1000105c:	6103      	str	r3, [r0, #16]
1000105e:	4770      	bx	lr
10001060:	40050000 	.word	0x40050000
10001064:	400530a8 	.word	0x400530a8
10001068:	400500a4 	.word	0x400500a4
1000106c:	0000ffff 	.word	0x0000ffff

10001070 <PWM_Clock>:
10001070:	4b0d      	ldr	r3, [pc, #52]	@ (100010a8 <PWM_Clock+0x38>)
10001072:	b510      	push	{r4, lr}
10001074:	0004      	movs	r4, r0
10001076:	6958      	ldr	r0, [r3, #20]
10001078:	0002      	movs	r2, r0
1000107a:	4288      	cmp	r0, r1
1000107c:	d900      	bls.n	10001080 <PWM_Clock+0x10>
1000107e:	000a      	movs	r2, r1
10001080:	00c0      	lsls	r0, r0, #3
10001082:	0893      	lsrs	r3, r2, #2
10001084:	18c0      	adds	r0, r0, r3
10001086:	0851      	lsrs	r1, r2, #1
10001088:	f7ff f964 	bl	10000354 <DivU32>
1000108c:	2810      	cmp	r0, #16
1000108e:	d200      	bcs.n	10001092 <PWM_Clock+0x22>
10001090:	2010      	movs	r0, #16
10001092:	2380      	movs	r3, #128	@ 0x80
10001094:	015b      	lsls	r3, r3, #5
10001096:	4298      	cmp	r0, r3
10001098:	d300      	bcc.n	1000109c <PWM_Clock+0x2c>
1000109a:	4804      	ldr	r0, [pc, #16]	@ (100010ac <PWM_Clock+0x3c>)
1000109c:	2314      	movs	r3, #20
1000109e:	4363      	muls	r3, r4
100010a0:	4a03      	ldr	r2, [pc, #12]	@ (100010b0 <PWM_Clock+0x40>)
100010a2:	189b      	adds	r3, r3, r2
100010a4:	6018      	str	r0, [r3, #0]
100010a6:	bd10      	pop	{r4, pc}
100010a8:	20000658 	.word	0x20000658
100010ac:	00000fff 	.word	0x00000fff
100010b0:	40050004 	.word	0x40050004

100010b4 <ResetPeripheryOffWaitMask>:
100010b4:	4b03      	ldr	r3, [pc, #12]	@ (100010c4 <ResetPeripheryOffWaitMask+0x10>)
100010b6:	4a04      	ldr	r2, [pc, #16]	@ (100010c8 <ResetPeripheryOffWaitMask+0x14>)
100010b8:	6018      	str	r0, [r3, #0]
100010ba:	0001      	movs	r1, r0
100010bc:	6813      	ldr	r3, [r2, #0]
100010be:	4399      	bics	r1, r3
100010c0:	d1fb      	bne.n	100010ba <ResetPeripheryOffWaitMask+0x6>
100010c2:	4770      	bx	lr
100010c4:	4000f000 	.word	0x4000f000
100010c8:	4000c008 	.word	0x4000c008

100010cc <ResetPeripheryMask>:
100010cc:	b510      	push	{r4, lr}
100010ce:	4b02      	ldr	r3, [pc, #8]	@ (100010d8 <ResetPeripheryMask+0xc>)
100010d0:	6018      	str	r0, [r3, #0]
100010d2:	f7ff ffef 	bl	100010b4 <ResetPeripheryOffWaitMask>
100010d6:	bd10      	pop	{r4, pc}
100010d8:	4000e000 	.word	0x4000e000

100010dc <ADC_Term>:
100010dc:	b510      	push	{r4, lr}
100010de:	2001      	movs	r0, #1
100010e0:	f7ff fff4 	bl	100010cc <ResetPeripheryMask>
100010e4:	bd10      	pop	{r4, pc}
	...

100010e8 <ADC_Init>:
100010e8:	b510      	push	{r4, lr}
100010ea:	f7ff fff7 	bl	100010dc <ADC_Term>
100010ee:	2300      	movs	r3, #0
100010f0:	4a06      	ldr	r2, [pc, #24]	@ (1000110c <ADC_Init+0x24>)
100010f2:	6013      	str	r3, [r2, #0]
100010f4:	4a06      	ldr	r2, [pc, #24]	@ (10001110 <ADC_Init+0x28>)
100010f6:	6013      	str	r3, [r2, #0]
100010f8:	4a06      	ldr	r2, [pc, #24]	@ (10001114 <ADC_Init+0x2c>)
100010fa:	6013      	str	r3, [r2, #0]
100010fc:	2201      	movs	r2, #1
100010fe:	4b06      	ldr	r3, [pc, #24]	@ (10001118 <ADC_Init+0x30>)
10001100:	601a      	str	r2, [r3, #0]
10001102:	32ff      	adds	r2, #255	@ 0xff
10001104:	6819      	ldr	r1, [r3, #0]
10001106:	4211      	tst	r1, r2
10001108:	d0fc      	beq.n	10001104 <ADC_Init+0x1c>
1000110a:	bd10      	pop	{r4, pc}
1000110c:	20000610 	.word	0x20000610
10001110:	2000060c 	.word	0x2000060c
10001114:	20000608 	.word	0x20000608
10001118:	4004c000 	.word	0x4004c000

1000111c <PllSetup>:
1000111c:	b5f0      	push	{r4, r5, r6, r7, lr}
1000111e:	b085      	sub	sp, #20
10001120:	9e0a      	ldr	r6, [sp, #40]	@ 0x28
10001122:	0004      	movs	r4, r0
10001124:	001d      	movs	r5, r3
10001126:	9102      	str	r1, [sp, #8]
10001128:	9203      	str	r2, [sp, #12]
1000112a:	42b3      	cmp	r3, r6
1000112c:	db02      	blt.n	10001134 <PllSetup+0x18>
1000112e:	0033      	movs	r3, r6
10001130:	002e      	movs	r6, r5
10001132:	001d      	movs	r5, r3
10001134:	4f16      	ldr	r7, [pc, #88]	@ (10001190 <PllSetup+0x74>)
10001136:	9902      	ldr	r1, [sp, #8]
10001138:	6af8      	ldr	r0, [r7, #44]	@ 0x2c
1000113a:	f7ff f90b 	bl	10000354 <DivU32>
1000113e:	0029      	movs	r1, r5
10001140:	9b03      	ldr	r3, [sp, #12]
10001142:	4371      	muls	r1, r6
10001144:	4358      	muls	r0, r3
10001146:	f7ff f905 	bl	10000354 <DivU32>
1000114a:	0023      	movs	r3, r4
1000114c:	330c      	adds	r3, #12
1000114e:	009a      	lsls	r2, r3, #2
10001150:	51d0      	str	r0, [r2, r7]
10001152:	9001      	str	r0, [sp, #4]
10001154:	2001      	movs	r0, #1
10001156:	4098      	lsls	r0, r3
10001158:	f7ff ffb8 	bl	100010cc <ResetPeripheryMask>
1000115c:	22c0      	movs	r2, #192	@ 0xc0
1000115e:	4b0d      	ldr	r3, [pc, #52]	@ (10001194 <PllSetup+0x78>)
10001160:	0192      	lsls	r2, r2, #6
10001162:	18e4      	adds	r4, r4, r3
10001164:	9b02      	ldr	r3, [sp, #8]
10001166:	03a4      	lsls	r4, r4, #14
10001168:	6023      	str	r3, [r4, #0]
1000116a:	9b03      	ldr	r3, [sp, #12]
1000116c:	60a3      	str	r3, [r4, #8]
1000116e:	1d23      	adds	r3, r4, #4
10001170:	431a      	orrs	r2, r3
10001172:	2321      	movs	r3, #33	@ 0x21
10001174:	6013      	str	r3, [r2, #0]
10001176:	6823      	ldr	r3, [r4, #0]
10001178:	2b00      	cmp	r3, #0
1000117a:	dafc      	bge.n	10001176 <PllSetup+0x5a>
1000117c:	0433      	lsls	r3, r6, #16
1000117e:	032d      	lsls	r5, r5, #12
10001180:	431d      	orrs	r5, r3
10001182:	2308      	movs	r3, #8
10001184:	9801      	ldr	r0, [sp, #4]
10001186:	60e5      	str	r5, [r4, #12]
10001188:	6013      	str	r3, [r2, #0]
1000118a:	b005      	add	sp, #20
1000118c:	bdf0      	pop	{r4, r5, r6, r7, pc}
1000118e:	46c0      	nop			@ (mov r8, r8)
10001190:	20000658 	.word	0x20000658
10001194:	0001000a 	.word	0x0001000a

10001198 <PllSetFreq>:
10001198:	b5f0      	push	{r4, r5, r6, r7, lr}
1000119a:	260e      	movs	r6, #14
1000119c:	250d      	movs	r5, #13
1000119e:	b087      	sub	sp, #28
100011a0:	446e      	add	r6, sp
100011a2:	446d      	add	r5, sp
100011a4:	af03      	add	r7, sp, #12
100011a6:	0004      	movs	r4, r0
100011a8:	0033      	movs	r3, r6
100011aa:	0008      	movs	r0, r1
100011ac:	9501      	str	r5, [sp, #4]
100011ae:	9700      	str	r7, [sp, #0]
100011b0:	aa05      	add	r2, sp, #20
100011b2:	a904      	add	r1, sp, #16
100011b4:	f7ff ff1a 	bl	10000fec <PllCalcDef>
100011b8:	9804      	ldr	r0, [sp, #16]
100011ba:	2800      	cmp	r0, #0
100011bc:	d00b      	beq.n	100011d6 <PllSetFreq+0x3e>
100011be:	7829      	ldrb	r1, [r5, #0]
100011c0:	783b      	ldrb	r3, [r7, #0]
100011c2:	8832      	ldrh	r2, [r6, #0]
100011c4:	0020      	movs	r0, r4
100011c6:	9100      	str	r1, [sp, #0]
100011c8:	2101      	movs	r1, #1
100011ca:	f7ff ffa7 	bl	1000111c <PllSetup>
100011ce:	21fa      	movs	r1, #250	@ 0xfa
100011d0:	0089      	lsls	r1, r1, #2
100011d2:	f7ff f8bf 	bl	10000354 <DivU32>
100011d6:	b007      	add	sp, #28
100011d8:	bdf0      	pop	{r4, r5, r6, r7, pc}
	...

100011dc <RoscInit>:
100011dc:	4a0e      	ldr	r2, [pc, #56]	@ (10001218 <RoscInit+0x3c>)
100011de:	4b0f      	ldr	r3, [pc, #60]	@ (1000121c <RoscInit+0x40>)
100011e0:	6811      	ldr	r1, [r2, #0]
100011e2:	480f      	ldr	r0, [pc, #60]	@ (10001220 <RoscInit+0x44>)
100011e4:	404b      	eors	r3, r1
100011e6:	051b      	lsls	r3, r3, #20
100011e8:	490e      	ldr	r1, [pc, #56]	@ (10001224 <RoscInit+0x48>)
100011ea:	0d1b      	lsrs	r3, r3, #20
100011ec:	600b      	str	r3, [r1, #0]
100011ee:	4b0e      	ldr	r3, [pc, #56]	@ (10001228 <RoscInit+0x4c>)
100011f0:	6003      	str	r3, [r0, #0]
100011f2:	480e      	ldr	r0, [pc, #56]	@ (1000122c <RoscInit+0x50>)
100011f4:	6003      	str	r3, [r0, #0]
100011f6:	23ab      	movs	r3, #171	@ 0xab
100011f8:	011b      	lsls	r3, r3, #4
100011fa:	6113      	str	r3, [r2, #16]
100011fc:	6810      	ldr	r0, [r2, #0]
100011fe:	4b0c      	ldr	r3, [pc, #48]	@ (10001230 <RoscInit+0x54>)
10001200:	4043      	eors	r3, r0
10001202:	480c      	ldr	r0, [pc, #48]	@ (10001234 <RoscInit+0x58>)
10001204:	4003      	ands	r3, r0
10001206:	600b      	str	r3, [r1, #0]
10001208:	4b0b      	ldr	r3, [pc, #44]	@ (10001238 <RoscInit+0x5c>)
1000120a:	490c      	ldr	r1, [pc, #48]	@ (1000123c <RoscInit+0x60>)
1000120c:	6299      	str	r1, [r3, #40]	@ 0x28
1000120e:	6993      	ldr	r3, [r2, #24]
10001210:	2b00      	cmp	r3, #0
10001212:	dafc      	bge.n	1000120e <RoscInit+0x32>
10001214:	4770      	bx	lr
10001216:	46c0      	nop			@ (mov r8, r8)
10001218:	40060000 	.word	0x40060000
1000121c:	00000fa4 	.word	0x00000fa4
10001220:	40060004 	.word	0x40060004
10001224:	40061000 	.word	0x40061000
10001228:	96960000 	.word	0x96960000
1000122c:	40060008 	.word	0x40060008
10001230:	00fab000 	.word	0x00fab000
10001234:	00fff000 	.word	0x00fff000
10001238:	20000658 	.word	0x20000658
1000123c:	005b8d80 	.word	0x005b8d80

10001240 <RuntimeTerm>:
10001240:	b510      	push	{r4, lr}
10001242:	f7ff fa7f 	bl	10000744 <DeviceTerm>
10001246:	2010      	movs	r0, #16
10001248:	f7ff fdea 	bl	10000e20 <GPIO_Reset>
1000124c:	2202      	movs	r2, #2
1000124e:	4b01      	ldr	r3, [pc, #4]	@ (10001254 <RuntimeTerm+0x14>)
10001250:	601a      	str	r2, [r3, #0]
10001252:	bd10      	pop	{r4, pc}
10001254:	e000e010 	.word	0xe000e010

10001258 <SPI_Reset_hw>:
10001258:	4b05      	ldr	r3, [pc, #20]	@ (10001270 <SPI_Reset_hw+0x18>)
1000125a:	b510      	push	{r4, lr}
1000125c:	18c3      	adds	r3, r0, r3
1000125e:	1e5a      	subs	r2, r3, #1
10001260:	4193      	sbcs	r3, r2
10001262:	2001      	movs	r0, #1
10001264:	3310      	adds	r3, #16
10001266:	4098      	lsls	r0, r3
10001268:	f7ff ff30 	bl	100010cc <ResetPeripheryMask>
1000126c:	bd10      	pop	{r4, pc}
1000126e:	46c0      	nop			@ (mov r8, r8)
10001270:	bffc4000 	.word	0xbffc4000

10001274 <SPI_Term_hw>:
10001274:	23c0      	movs	r3, #192	@ 0xc0
10001276:	2102      	movs	r1, #2
10001278:	1d02      	adds	r2, r0, #4
1000127a:	019b      	lsls	r3, r3, #6
1000127c:	431a      	orrs	r2, r3
1000127e:	b510      	push	{r4, lr}
10001280:	6011      	str	r1, [r2, #0]
10001282:	0002      	movs	r2, r0
10001284:	3224      	adds	r2, #36	@ 0x24
10001286:	4313      	orrs	r3, r2
10001288:	2201      	movs	r2, #1
1000128a:	6019      	str	r1, [r3, #0]
1000128c:	601a      	str	r2, [r3, #0]
1000128e:	f7ff ffe3 	bl	10001258 <SPI_Reset_hw>
10001292:	bd10      	pop	{r4, pc}

10001294 <SPI_Baudrate_hw>:
10001294:	2202      	movs	r2, #2
10001296:	b5f0      	push	{r4, r5, r6, r7, lr}
10001298:	6843      	ldr	r3, [r0, #4]
1000129a:	b087      	sub	sp, #28
1000129c:	4013      	ands	r3, r2
1000129e:	9305      	str	r3, [sp, #20]
100012a0:	1d03      	adds	r3, r0, #4
100012a2:	9304      	str	r3, [sp, #16]
100012a4:	23c0      	movs	r3, #192	@ 0xc0
100012a6:	0004      	movs	r4, r0
100012a8:	9804      	ldr	r0, [sp, #16]
100012aa:	019b      	lsls	r3, r3, #6
100012ac:	4303      	orrs	r3, r0
100012ae:	601a      	str	r2, [r3, #0]
100012b0:	4b2b      	ldr	r3, [pc, #172]	@ (10001360 <SPI_Baudrate_hw+0xcc>)
100012b2:	699b      	ldr	r3, [r3, #24]
100012b4:	1c5d      	adds	r5, r3, #1
100012b6:	9302      	str	r3, [sp, #8]
100012b8:	086d      	lsrs	r5, r5, #1
100012ba:	428d      	cmp	r5, r1
100012bc:	d900      	bls.n	100012c0 <SPI_Baudrate_hw+0x2c>
100012be:	000d      	movs	r5, r1
100012c0:	2602      	movs	r6, #2
100012c2:	0de9      	lsrs	r1, r5, #23
100012c4:	0268      	lsls	r0, r5, #9
100012c6:	0dab      	lsrs	r3, r5, #22
100012c8:	02aa      	lsls	r2, r5, #10
100012ca:	9601      	str	r6, [sp, #4]
100012cc:	3602      	adds	r6, #2
100012ce:	2b00      	cmp	r3, #0
100012d0:	d107      	bne.n	100012e2 <SPI_Baudrate_hw+0x4e>
100012d2:	9f02      	ldr	r7, [sp, #8]
100012d4:	42ba      	cmp	r2, r7
100012d6:	d804      	bhi.n	100012e2 <SPI_Baudrate_hw+0x4e>
100012d8:	1812      	adds	r2, r2, r0
100012da:	414b      	adcs	r3, r1
100012dc:	2efe      	cmp	r6, #254	@ 0xfe
100012de:	d1f4      	bne.n	100012ca <SPI_Baudrate_hw+0x36>
100012e0:	9601      	str	r6, [sp, #4]
100012e2:	27ff      	movs	r7, #255	@ 0xff
100012e4:	2680      	movs	r6, #128	@ 0x80
100012e6:	9b01      	ldr	r3, [sp, #4]
100012e8:	0076      	lsls	r6, r6, #1
100012ea:	435f      	muls	r7, r3
100012ec:	0039      	movs	r1, r7
100012ee:	9802      	ldr	r0, [sp, #8]
100012f0:	9603      	str	r6, [sp, #12]
100012f2:	3e01      	subs	r6, #1
100012f4:	f7ff f82e 	bl	10000354 <DivU32>
100012f8:	42a8      	cmp	r0, r5
100012fa:	d918      	bls.n	1000132e <SPI_Baudrate_hw+0x9a>
100012fc:	9b03      	ldr	r3, [sp, #12]
100012fe:	9901      	ldr	r1, [sp, #4]
10001300:	1e5e      	subs	r6, r3, #1
10001302:	4371      	muls	r1, r6
10001304:	9802      	ldr	r0, [sp, #8]
10001306:	f7ff f825 	bl	10000354 <DivU32>
1000130a:	1b40      	subs	r0, r0, r5
1000130c:	17c3      	asrs	r3, r0, #31
1000130e:	18c7      	adds	r7, r0, r3
10001310:	9901      	ldr	r1, [sp, #4]
10001312:	405f      	eors	r7, r3
10001314:	9b03      	ldr	r3, [sp, #12]
10001316:	9802      	ldr	r0, [sp, #8]
10001318:	4359      	muls	r1, r3
1000131a:	f7ff f81b 	bl	10000354 <DivU32>
1000131e:	1b40      	subs	r0, r0, r5
10001320:	17c3      	asrs	r3, r0, #31
10001322:	18c0      	adds	r0, r0, r3
10001324:	4058      	eors	r0, r3
10001326:	4287      	cmp	r7, r0
10001328:	db05      	blt.n	10001336 <SPI_Baudrate_hw+0xa2>
1000132a:	9e03      	ldr	r6, [sp, #12]
1000132c:	e003      	b.n	10001336 <SPI_Baudrate_hw+0xa2>
1000132e:	9b01      	ldr	r3, [sp, #4]
10001330:	1aff      	subs	r7, r7, r3
10001332:	2e01      	cmp	r6, #1
10001334:	d1da      	bne.n	100012ec <SPI_Baudrate_hw+0x58>
10001336:	9b01      	ldr	r3, [sp, #4]
10001338:	3e01      	subs	r6, #1
1000133a:	6123      	str	r3, [r4, #16]
1000133c:	6822      	ldr	r2, [r4, #0]
1000133e:	0236      	lsls	r6, r6, #8
10001340:	4056      	eors	r6, r2
10001342:	2380      	movs	r3, #128	@ 0x80
10001344:	22ff      	movs	r2, #255	@ 0xff
10001346:	015b      	lsls	r3, r3, #5
10001348:	0212      	lsls	r2, r2, #8
1000134a:	4323      	orrs	r3, r4
1000134c:	4016      	ands	r6, r2
1000134e:	601e      	str	r6, [r3, #0]
10001350:	2380      	movs	r3, #128	@ 0x80
10001352:	9a04      	ldr	r2, [sp, #16]
10001354:	019b      	lsls	r3, r3, #6
10001356:	4313      	orrs	r3, r2
10001358:	9a05      	ldr	r2, [sp, #20]
1000135a:	601a      	str	r2, [r3, #0]
1000135c:	b007      	add	sp, #28
1000135e:	bdf0      	pop	{r4, r5, r6, r7, pc}
10001360:	20000658 	.word	0x20000658

10001364 <SPI_Init_hw>:
10001364:	b570      	push	{r4, r5, r6, lr}
10001366:	0004      	movs	r4, r0
10001368:	000d      	movs	r5, r1
1000136a:	f7ff ff75 	bl	10001258 <SPI_Reset_hw>
1000136e:	0029      	movs	r1, r5
10001370:	0020      	movs	r0, r4
10001372:	f7ff ff8f 	bl	10001294 <SPI_Baudrate_hw>
10001376:	2207      	movs	r2, #7
10001378:	6821      	ldr	r1, [r4, #0]
1000137a:	2380      	movs	r3, #128	@ 0x80
1000137c:	404a      	eors	r2, r1
1000137e:	210f      	movs	r1, #15
10001380:	015b      	lsls	r3, r3, #5
10001382:	4323      	orrs	r3, r4
10001384:	400a      	ands	r2, r1
10001386:	601a      	str	r2, [r3, #0]
10001388:	6822      	ldr	r2, [r4, #0]
1000138a:	3131      	adds	r1, #49	@ 0x31
1000138c:	400a      	ands	r2, r1
1000138e:	601a      	str	r2, [r3, #0]
10001390:	6822      	ldr	r2, [r4, #0]
10001392:	3140      	adds	r1, #64	@ 0x40
10001394:	400a      	ands	r2, r1
10001396:	601a      	str	r2, [r3, #0]
10001398:	0022      	movs	r2, r4
1000139a:	2380      	movs	r3, #128	@ 0x80
1000139c:	2001      	movs	r0, #1
1000139e:	019b      	lsls	r3, r3, #6
100013a0:	3404      	adds	r4, #4
100013a2:	3224      	adds	r2, #36	@ 0x24
100013a4:	431a      	orrs	r2, r3
100013a6:	397e      	subs	r1, #126	@ 0x7e
100013a8:	4323      	orrs	r3, r4
100013aa:	6011      	str	r1, [r2, #0]
100013ac:	6010      	str	r0, [r2, #0]
100013ae:	6019      	str	r1, [r3, #0]
100013b0:	bd70      	pop	{r4, r5, r6, pc}

100013b2 <SPI_Send8_hw>:
100013b2:	b530      	push	{r4, r5, lr}
100013b4:	2402      	movs	r4, #2
100013b6:	2504      	movs	r5, #4
100013b8:	188a      	adds	r2, r1, r2
100013ba:	1a53      	subs	r3, r2, r1
100013bc:	2b00      	cmp	r3, #0
100013be:	dc0b      	bgt.n	100013d8 <SPI_Send8_hw+0x26>
100013c0:	2310      	movs	r3, #16
100013c2:	2104      	movs	r1, #4
100013c4:	68c2      	ldr	r2, [r0, #12]
100013c6:	421a      	tst	r2, r3
100013c8:	d113      	bne.n	100013f2 <SPI_Send8_hw+0x40>
100013ca:	2304      	movs	r3, #4
100013cc:	68c2      	ldr	r2, [r0, #12]
100013ce:	421a      	tst	r2, r3
100013d0:	d113      	bne.n	100013fa <SPI_Send8_hw+0x48>
100013d2:	2301      	movs	r3, #1
100013d4:	6203      	str	r3, [r0, #32]
100013d6:	bd30      	pop	{r4, r5, pc}
100013d8:	68c3      	ldr	r3, [r0, #12]
100013da:	4223      	tst	r3, r4
100013dc:	d0fc      	beq.n	100013d8 <SPI_Send8_hw+0x26>
100013de:	780b      	ldrb	r3, [r1, #0]
100013e0:	6083      	str	r3, [r0, #8]
100013e2:	68c3      	ldr	r3, [r0, #12]
100013e4:	422b      	tst	r3, r5
100013e6:	d101      	bne.n	100013ec <SPI_Send8_hw+0x3a>
100013e8:	3101      	adds	r1, #1
100013ea:	e7e6      	b.n	100013ba <SPI_Send8_hw+0x8>
100013ec:	6883      	ldr	r3, [r0, #8]
100013ee:	e7f8      	b.n	100013e2 <SPI_Send8_hw+0x30>
100013f0:	6882      	ldr	r2, [r0, #8]
100013f2:	68c2      	ldr	r2, [r0, #12]
100013f4:	420a      	tst	r2, r1
100013f6:	d1fb      	bne.n	100013f0 <SPI_Send8_hw+0x3e>
100013f8:	e7e4      	b.n	100013c4 <SPI_Send8_hw+0x12>
100013fa:	6882      	ldr	r2, [r0, #8]
100013fc:	e7e6      	b.n	100013cc <SPI_Send8_hw+0x1a>
	...

10001400 <SpinResetAll>:
10001400:	2200      	movs	r2, #0
10001402:	4b06      	ldr	r3, [pc, #24]	@ (1000141c <SpinResetAll+0x1c>)
10001404:	601a      	str	r2, [r3, #0]
10001406:	f3bf 8f5f 	dmb	sy
1000140a:	4b05      	ldr	r3, [pc, #20]	@ (10001420 <SpinResetAll+0x20>)
1000140c:	4905      	ldr	r1, [pc, #20]	@ (10001424 <SpinResetAll+0x24>)
1000140e:	f3bf 8f5f 	dmb	sy
10001412:	c304      	stmia	r3!, {r2}
10001414:	428b      	cmp	r3, r1
10001416:	d1fa      	bne.n	1000140e <SpinResetAll+0xe>
10001418:	4770      	bx	lr
1000141a:	46c0      	nop			@ (mov r8, r8)
1000141c:	200365a8 	.word	0x200365a8
10001420:	d0000100 	.word	0xd0000100
10001424:	d0000180 	.word	0xd0000180

10001428 <SysTickInit>:
10001428:	23d0      	movs	r3, #208	@ 0xd0
1000142a:	061b      	lsls	r3, r3, #24
1000142c:	681b      	ldr	r3, [r3, #0]
1000142e:	2b00      	cmp	r3, #0
10001430:	d10a      	bne.n	10001448 <SysTickInit+0x20>
10001432:	4a11      	ldr	r2, [pc, #68]	@ (10001478 <SysTickInit+0x50>)
10001434:	6013      	str	r3, [r2, #0]
10001436:	4a11      	ldr	r2, [pc, #68]	@ (1000147c <SysTickInit+0x54>)
10001438:	6013      	str	r3, [r2, #0]
1000143a:	4a11      	ldr	r2, [pc, #68]	@ (10001480 <SysTickInit+0x58>)
1000143c:	8013      	strh	r3, [r2, #0]
1000143e:	4b11      	ldr	r3, [pc, #68]	@ (10001484 <SysTickInit+0x5c>)
10001440:	4a11      	ldr	r2, [pc, #68]	@ (10001488 <SysTickInit+0x60>)
10001442:	6a9b      	ldr	r3, [r3, #40]	@ 0x28
10001444:	b29b      	uxth	r3, r3
10001446:	8013      	strh	r3, [r2, #0]
10001448:	2302      	movs	r3, #2
1000144a:	4a10      	ldr	r2, [pc, #64]	@ (1000148c <SysTickInit+0x64>)
1000144c:	6013      	str	r3, [r2, #0]
1000144e:	4b10      	ldr	r3, [pc, #64]	@ (10001490 <SysTickInit+0x68>)
10001450:	4910      	ldr	r1, [pc, #64]	@ (10001494 <SysTickInit+0x6c>)
10001452:	681b      	ldr	r3, [r3, #0]
10001454:	63d9      	str	r1, [r3, #60]	@ 0x3c
10001456:	f3bf 8f5f 	dmb	sy
1000145a:	2180      	movs	r1, #128	@ 0x80
1000145c:	4b0e      	ldr	r3, [pc, #56]	@ (10001498 <SysTickInit+0x70>)
1000145e:	480f      	ldr	r0, [pc, #60]	@ (1000149c <SysTickInit+0x74>)
10001460:	6053      	str	r3, [r2, #4]
10001462:	6803      	ldr	r3, [r0, #0]
10001464:	05c9      	lsls	r1, r1, #23
10001466:	009b      	lsls	r3, r3, #2
10001468:	089b      	lsrs	r3, r3, #2
1000146a:	430b      	orrs	r3, r1
1000146c:	6003      	str	r3, [r0, #0]
1000146e:	2300      	movs	r3, #0
10001470:	6093      	str	r3, [r2, #8]
10001472:	3303      	adds	r3, #3
10001474:	6013      	str	r3, [r2, #0]
10001476:	4770      	bx	lr
10001478:	200365ac 	.word	0x200365ac
1000147c:	200365b8 	.word	0x200365b8
10001480:	200365d2 	.word	0x200365d2
10001484:	40054000 	.word	0x40054000
10001488:	200365f6 	.word	0x200365f6
1000148c:	e000e010 	.word	0xe000e010
10001490:	e000ed08 	.word	0xe000ed08
10001494:	1000075d 	.word	0x1000075d
10001498:	00001387 	.word	0x00001387
1000149c:	e000ed20 	.word	0xe000ed20

100014a0 <WaitUs>:
100014a0:	4a03      	ldr	r2, [pc, #12]	@ (100014b0 <WaitUs+0x10>)
100014a2:	6a91      	ldr	r1, [r2, #40]	@ 0x28
100014a4:	6a93      	ldr	r3, [r2, #40]	@ 0x28
100014a6:	1a5b      	subs	r3, r3, r1
100014a8:	4283      	cmp	r3, r0
100014aa:	d3fb      	bcc.n	100014a4 <WaitUs+0x4>
100014ac:	4770      	bx	lr
100014ae:	46c0      	nop			@ (mov r8, r8)
100014b0:	40054000 	.word	0x40054000

100014b4 <WaitMs>:
100014b4:	23fa      	movs	r3, #250	@ 0xfa
100014b6:	b510      	push	{r4, lr}
100014b8:	009b      	lsls	r3, r3, #2
100014ba:	4358      	muls	r0, r3
100014bc:	f7ff fff0 	bl	100014a0 <WaitUs>
100014c0:	bd10      	pop	{r4, pc}
	...

100014c4 <XoscEnable>:
100014c4:	4a03      	ldr	r2, [pc, #12]	@ (100014d4 <XoscEnable+0x10>)
100014c6:	4b04      	ldr	r3, [pc, #16]	@ (100014d8 <XoscEnable+0x14>)
100014c8:	601a      	str	r2, [r3, #0]
100014ca:	4a04      	ldr	r2, [pc, #16]	@ (100014dc <XoscEnable+0x18>)
100014cc:	6853      	ldr	r3, [r2, #4]
100014ce:	2b00      	cmp	r3, #0
100014d0:	dafc      	bge.n	100014cc <XoscEnable+0x8>
100014d2:	4770      	bx	lr
100014d4:	00fab000 	.word	0x00fab000
100014d8:	40026000 	.word	0x40026000
100014dc:	40024000 	.word	0x40024000

100014e0 <XoscInit>:
100014e0:	22aa      	movs	r2, #170	@ 0xaa
100014e2:	4b06      	ldr	r3, [pc, #24]	@ (100014fc <XoscInit+0x1c>)
100014e4:	0112      	lsls	r2, r2, #4
100014e6:	b510      	push	{r4, lr}
100014e8:	601a      	str	r2, [r3, #0]
100014ea:	222f      	movs	r2, #47	@ 0x2f
100014ec:	4b04      	ldr	r3, [pc, #16]	@ (10001500 <XoscInit+0x20>)
100014ee:	601a      	str	r2, [r3, #0]
100014f0:	4b04      	ldr	r3, [pc, #16]	@ (10001504 <XoscInit+0x24>)
100014f2:	4a05      	ldr	r2, [pc, #20]	@ (10001508 <XoscInit+0x28>)
100014f4:	62da      	str	r2, [r3, #44]	@ 0x2c
100014f6:	f7ff ffe5 	bl	100014c4 <XoscEnable>
100014fa:	bd10      	pop	{r4, pc}
100014fc:	40024000 	.word	0x40024000
10001500:	4002400c 	.word	0x4002400c
10001504:	20000658 	.word	0x20000658
10001508:	00b71b00 	.word	0x00b71b00

1000150c <ClockInit>:
1000150c:	b510      	push	{r4, lr}
1000150e:	2240      	movs	r2, #64	@ 0x40
10001510:	2100      	movs	r1, #0
10001512:	4828      	ldr	r0, [pc, #160]	@ (100015b4 <ClockInit+0xa8>)
10001514:	f7fe ff97 	bl	10000446 <__wrap_memset>
10001518:	2100      	movs	r1, #0
1000151a:	2210      	movs	r2, #16
1000151c:	4826      	ldr	r0, [pc, #152]	@ (100015b8 <ClockInit+0xac>)
1000151e:	f7fe ff92 	bl	10000446 <__wrap_memset>
10001522:	2200      	movs	r2, #0
10001524:	4b25      	ldr	r3, [pc, #148]	@ (100015bc <ClockInit+0xb0>)
10001526:	601a      	str	r2, [r3, #0]
10001528:	f7ff fe58 	bl	100011dc <RoscInit>
1000152c:	f7ff ffd8 	bl	100014e0 <XoscInit>
10001530:	2283      	movs	r2, #131	@ 0x83
10001532:	4b23      	ldr	r3, [pc, #140]	@ (100015c0 <ClockInit+0xb4>)
10001534:	0092      	lsls	r2, r2, #2
10001536:	62da      	str	r2, [r3, #44]	@ 0x2c
10001538:	2203      	movs	r2, #3
1000153a:	4b22      	ldr	r3, [pc, #136]	@ (100015c4 <ClockInit+0xb8>)
1000153c:	4922      	ldr	r1, [pc, #136]	@ (100015c8 <ClockInit+0xbc>)
1000153e:	601a      	str	r2, [r3, #0]
10001540:	2301      	movs	r3, #1
10001542:	680a      	ldr	r2, [r1, #0]
10001544:	421a      	tst	r2, r3
10001546:	d0fc      	beq.n	10001542 <ClockInit+0x36>
10001548:	2203      	movs	r2, #3
1000154a:	4b20      	ldr	r3, [pc, #128]	@ (100015cc <ClockInit+0xc0>)
1000154c:	4920      	ldr	r1, [pc, #128]	@ (100015d0 <ClockInit+0xc4>)
1000154e:	601a      	str	r2, [r3, #0]
10001550:	2301      	movs	r3, #1
10001552:	680a      	ldr	r2, [r1, #0]
10001554:	421a      	tst	r2, r3
10001556:	d0fc      	beq.n	10001552 <ClockInit+0x46>
10001558:	491e      	ldr	r1, [pc, #120]	@ (100015d4 <ClockInit+0xc8>)
1000155a:	2000      	movs	r0, #0
1000155c:	f7ff fe1c 	bl	10001198 <PllSetFreq>
10001560:	491d      	ldr	r1, [pc, #116]	@ (100015d8 <ClockInit+0xcc>)
10001562:	2001      	movs	r0, #1
10001564:	f7ff fe18 	bl	10001198 <PllSetFreq>
10001568:	2300      	movs	r3, #0
1000156a:	210b      	movs	r1, #11
1000156c:	001a      	movs	r2, r3
1000156e:	2004      	movs	r0, #4
10001570:	f7ff f9f2 	bl	10000958 <ClockSetup>
10001574:	2300      	movs	r3, #0
10001576:	210c      	movs	r1, #12
10001578:	001a      	movs	r2, r3
1000157a:	2005      	movs	r0, #5
1000157c:	f7ff f9ec 	bl	10000958 <ClockSetup>
10001580:	2300      	movs	r3, #0
10001582:	210d      	movs	r1, #13
10001584:	4a15      	ldr	r2, [pc, #84]	@ (100015dc <ClockInit+0xd0>)
10001586:	2007      	movs	r0, #7
10001588:	f7ff f9e6 	bl	10000958 <ClockSetup>
1000158c:	2300      	movs	r3, #0
1000158e:	210d      	movs	r1, #13
10001590:	4a12      	ldr	r2, [pc, #72]	@ (100015dc <ClockInit+0xd0>)
10001592:	2008      	movs	r0, #8
10001594:	f7ff f9e0 	bl	10000958 <ClockSetup>
10001598:	2300      	movs	r3, #0
1000159a:	210d      	movs	r1, #13
1000159c:	4a10      	ldr	r2, [pc, #64]	@ (100015e0 <ClockInit+0xd4>)
1000159e:	2009      	movs	r0, #9
100015a0:	f7ff f9da 	bl	10000958 <ClockSetup>
100015a4:	2300      	movs	r3, #0
100015a6:	210d      	movs	r1, #13
100015a8:	001a      	movs	r2, r3
100015aa:	2006      	movs	r0, #6
100015ac:	f7ff f9d4 	bl	10000958 <ClockSetup>
100015b0:	bd10      	pop	{r4, pc}
100015b2:	46c0      	nop			@ (mov r8, r8)
100015b4:	20000658 	.word	0x20000658
100015b8:	200365fb 	.word	0x200365fb
100015bc:	40008078 	.word	0x40008078
100015c0:	40058000 	.word	0x40058000
100015c4:	4000b03c 	.word	0x4000b03c
100015c8:	40008044 	.word	0x40008044
100015cc:	4000b030 	.word	0x4000b030
100015d0:	40008038 	.word	0x40008038
100015d4:	0001e848 	.word	0x0001e848
100015d8:	00017700 	.word	0x00017700
100015dc:	02dc6c00 	.word	0x02dc6c00
100015e0:	0000b71b 	.word	0x0000b71b

100015e4 <RuntimeInit>:
100015e4:	4b20      	ldr	r3, [pc, #128]	@ (10001668 <RuntimeInit+0x84>)
100015e6:	4a21      	ldr	r2, [pc, #132]	@ (1000166c <RuntimeInit+0x88>)
100015e8:	b570      	push	{r4, r5, r6, lr}
100015ea:	4821      	ldr	r0, [pc, #132]	@ (10001670 <RuntimeInit+0x8c>)
100015ec:	601a      	str	r2, [r3, #0]
100015ee:	f7ff fd61 	bl	100010b4 <ResetPeripheryOffWaitMask>
100015f2:	4c20      	ldr	r4, [pc, #128]	@ (10001674 <RuntimeInit+0x90>)
100015f4:	4b20      	ldr	r3, [pc, #128]	@ (10001678 <RuntimeInit+0x94>)
100015f6:	429c      	cmp	r4, r3
100015f8:	d32f      	bcc.n	1000165a <RuntimeInit+0x76>
100015fa:	f7ff f91b 	bl	10000834 <RomFncInit>
100015fe:	f7ff fba5 	bl	10000d4c <FloatInit>
10001602:	f7ff fc65 	bl	10000ed0 <NVIC_IRQPrioDef>
10001606:	f7ff ff81 	bl	1000150c <ClockInit>
1000160a:	481c      	ldr	r0, [pc, #112]	@ (1000167c <RuntimeInit+0x98>)
1000160c:	f7ff fd52 	bl	100010b4 <ResetPeripheryOffWaitMask>
10001610:	22c0      	movs	r2, #192	@ 0xc0
10001612:	4c1b      	ldr	r4, [pc, #108]	@ (10001680 <RuntimeInit+0x9c>)
10001614:	4d1b      	ldr	r5, [pc, #108]	@ (10001684 <RuntimeInit+0xa0>)
10001616:	0020      	movs	r0, r4
10001618:	6829      	ldr	r1, [r5, #0]
1000161a:	0092      	lsls	r2, r2, #2
1000161c:	f7fe ff18 	bl	10000450 <__wrap___aeabi_memcpy>
10001620:	602c      	str	r4, [r5, #0]
10001622:	f7ff feed 	bl	10001400 <SpinResetAll>
10001626:	f7ff fb2f 	bl	10000c88 <FlashLoadInfo>
1000162a:	f000 f943 	bl	100018b4 <ConfigLoad>
1000162e:	f000 f84d 	bl	100016cc <AlarmInit>
10001632:	f7ff fef9 	bl	10001428 <SysTickInit>
10001636:	f000 ffa5 	bl	10002584 <MemInit>
1000163a:	4c13      	ldr	r4, [pc, #76]	@ (10001688 <RuntimeInit+0xa4>)
1000163c:	4b13      	ldr	r3, [pc, #76]	@ (1000168c <RuntimeInit+0xa8>)
1000163e:	429c      	cmp	r4, r3
10001640:	d30e      	bcc.n	10001660 <RuntimeInit+0x7c>
10001642:	2010      	movs	r0, #16
10001644:	f7ff fc20 	bl	10000e88 <GPIO_Init>
10001648:	23d0      	movs	r3, #208	@ 0xd0
1000164a:	2280      	movs	r2, #128	@ 0x80
1000164c:	061b      	lsls	r3, r3, #24
1000164e:	0252      	lsls	r2, r2, #9
10001650:	625a      	str	r2, [r3, #36]	@ 0x24
10001652:	619a      	str	r2, [r3, #24]
10001654:	f7ff f860 	bl	10000718 <DeviceInit>
10001658:	bd70      	pop	{r4, r5, r6, pc}
1000165a:	cc08      	ldmia	r4!, {r3}
1000165c:	4798      	blx	r3
1000165e:	e7c9      	b.n	100015f4 <RuntimeInit+0x10>
10001660:	cc08      	ldmia	r4!, {r3}
10001662:	4798      	blx	r3
10001664:	e7ea      	b.n	1000163c <RuntimeInit+0x58>
10001666:	46c0      	nop			@ (mov r8, r8)
10001668:	4000e000 	.word	0x4000e000
1000166c:	00fbcdbf 	.word	0x00fbcdbf
10001670:	003c7ffe 	.word	0x003c7ffe
10001674:	10005698 	.word	0x10005698
10001678:	10005698 	.word	0x10005698
1000167c:	01ffffff 	.word	0x01ffffff
10001680:	20000300 	.word	0x20000300
10001684:	e000ed08 	.word	0xe000ed08
10001688:	10005698 	.word	0x10005698
1000168c:	10005698 	.word	0x10005698

10001690 <AlarmUpdate>:
10001690:	23d0      	movs	r3, #208	@ 0xd0
10001692:	061b      	lsls	r3, r3, #24
10001694:	681a      	ldr	r2, [r3, #0]
10001696:	4b0b      	ldr	r3, [pc, #44]	@ (100016c4 <AlarmUpdate+0x34>)
10001698:	b570      	push	{r4, r5, r6, lr}
1000169a:	681c      	ldr	r4, [r3, #0]
1000169c:	4b0a      	ldr	r3, [pc, #40]	@ (100016c8 <AlarmUpdate+0x38>)
1000169e:	00d2      	lsls	r2, r2, #3
100016a0:	58d0      	ldr	r0, [r2, r3]
100016a2:	18d6      	adds	r6, r2, r3
100016a4:	6805      	ldr	r5, [r0, #0]
100016a6:	42b0      	cmp	r0, r6
100016a8:	d100      	bne.n	100016ac <AlarmUpdate+0x1c>
100016aa:	bd70      	pop	{r4, r5, r6, pc}
100016ac:	6882      	ldr	r2, [r0, #8]
100016ae:	1aa3      	subs	r3, r4, r2
100016b0:	2b0f      	cmp	r3, #15
100016b2:	d804      	bhi.n	100016be <AlarmUpdate+0x2e>
100016b4:	68c3      	ldr	r3, [r0, #12]
100016b6:	189b      	adds	r3, r3, r2
100016b8:	6083      	str	r3, [r0, #8]
100016ba:	6903      	ldr	r3, [r0, #16]
100016bc:	4798      	blx	r3
100016be:	0028      	movs	r0, r5
100016c0:	682d      	ldr	r5, [r5, #0]
100016c2:	e7f0      	b.n	100016a6 <AlarmUpdate+0x16>
100016c4:	200365ac 	.word	0x200365ac
100016c8:	20000614 	.word	0x20000614

100016cc <AlarmInit>:
100016cc:	4b03      	ldr	r3, [pc, #12]	@ (100016dc <AlarmInit+0x10>)
100016ce:	4a04      	ldr	r2, [pc, #16]	@ (100016e0 <AlarmInit+0x14>)
100016d0:	601b      	str	r3, [r3, #0]
100016d2:	605b      	str	r3, [r3, #4]
100016d4:	609a      	str	r2, [r3, #8]
100016d6:	60da      	str	r2, [r3, #12]
100016d8:	4770      	bx	lr
100016da:	46c0      	nop			@ (mov r8, r8)
100016dc:	20000614 	.word	0x20000614
100016e0:	2000061c 	.word	0x2000061c

100016e4 <ConfigSetDef>:
100016e4:	b510      	push	{r4, lr}
100016e6:	2220      	movs	r2, #32
100016e8:	21ff      	movs	r1, #255	@ 0xff
100016ea:	0004      	movs	r4, r0
100016ec:	f7fe feab 	bl	10000446 <__wrap_memset>
100016f0:	2364      	movs	r3, #100	@ 0x64
100016f2:	70a3      	strb	r3, [r4, #2]
100016f4:	4b05      	ldr	r3, [pc, #20]	@ (1000170c <ConfigSetDef+0x28>)
100016f6:	6063      	str	r3, [r4, #4]
100016f8:	4b05      	ldr	r3, [pc, #20]	@ (10001710 <ConfigSetDef+0x2c>)
100016fa:	60a3      	str	r3, [r4, #8]
100016fc:	4b05      	ldr	r3, [pc, #20]	@ (10001714 <ConfigSetDef+0x30>)
100016fe:	60e3      	str	r3, [r4, #12]
10001700:	4b05      	ldr	r3, [pc, #20]	@ (10001718 <ConfigSetDef+0x34>)
10001702:	6123      	str	r3, [r4, #16]
10001704:	4b05      	ldr	r3, [pc, #20]	@ (1000171c <ConfigSetDef+0x38>)
10001706:	6163      	str	r3, [r4, #20]
10001708:	bd10      	pop	{r4, pc}
1000170a:	46c0      	nop			@ (mov r8, r8)
1000170c:	0c1c1068 	.word	0x0c1c1068
10001710:	0ce40137 	.word	0x0ce40137
10001714:	3f34bc6a 	.word	0x3f34bc6a
10001718:	3ae1932d 	.word	0x3ae1932d
1000171c:	00b71b00 	.word	0x00b71b00

10001720 <ConfigClear>:
10001720:	2180      	movs	r1, #128	@ 0x80
10001722:	b510      	push	{r4, lr}
10001724:	4802      	ldr	r0, [pc, #8]	@ (10001730 <ConfigClear+0x10>)
10001726:	0149      	lsls	r1, r1, #5
10001728:	f003 ff86 	bl	10005638 <__FlashErase_veneer>
1000172c:	bd10      	pop	{r4, pc}
1000172e:	46c0      	nop			@ (mov r8, r8)
10001730:	001ff000 	.word	0x001ff000

10001734 <ConfigSetVolume>:
10001734:	230a      	movs	r3, #10
10001736:	4358      	muls	r0, r3
10001738:	4a04      	ldr	r2, [pc, #16]	@ (1000174c <ConfigSetVolume+0x18>)
1000173a:	28ff      	cmp	r0, #255	@ 0xff
1000173c:	dd02      	ble.n	10001744 <ConfigSetVolume+0x10>
1000173e:	20ff      	movs	r0, #255	@ 0xff
10001740:	7090      	strb	r0, [r2, #2]
10001742:	4770      	bx	lr
10001744:	43c3      	mvns	r3, r0
10001746:	17db      	asrs	r3, r3, #31
10001748:	4018      	ands	r0, r3
1000174a:	e7f9      	b.n	10001740 <ConfigSetVolume+0xc>
1000174c:	20000634 	.word	0x20000634

10001750 <ConfigIncVolume>:
10001750:	b510      	push	{r4, lr}
10001752:	4b05      	ldr	r3, [pc, #20]	@ (10001768 <ConfigIncVolume+0x18>)
10001754:	210a      	movs	r1, #10
10001756:	7898      	ldrb	r0, [r3, #2]
10001758:	f7fe fdfc 	bl	10000354 <DivU32>
1000175c:	3001      	adds	r0, #1
1000175e:	b2c0      	uxtb	r0, r0
10001760:	f7ff ffe8 	bl	10001734 <ConfigSetVolume>
10001764:	bd10      	pop	{r4, pc}
10001766:	46c0      	nop			@ (mov r8, r8)
10001768:	20000634 	.word	0x20000634

1000176c <ConfigDecVolume>:
1000176c:	b510      	push	{r4, lr}
1000176e:	4b05      	ldr	r3, [pc, #20]	@ (10001784 <ConfigDecVolume+0x18>)
10001770:	210a      	movs	r1, #10
10001772:	7898      	ldrb	r0, [r3, #2]
10001774:	f7fe fdee 	bl	10000354 <DivU32>
10001778:	b2c0      	uxtb	r0, r0
1000177a:	3801      	subs	r0, #1
1000177c:	f7ff ffda 	bl	10001734 <ConfigSetVolume>
10001780:	bd10      	pop	{r4, pc}
10001782:	46c0      	nop			@ (mov r8, r8)
10001784:	20000634 	.word	0x20000634

10001788 <ConfigSetBacklight>:
10001788:	b510      	push	{r4, lr}
1000178a:	2808      	cmp	r0, #8
1000178c:	dd08      	ble.n	100017a0 <ConfigSetBacklight+0x18>
1000178e:	2008      	movs	r0, #8
10001790:	2301      	movs	r3, #1
10001792:	4083      	lsls	r3, r0
10001794:	4a04      	ldr	r2, [pc, #16]	@ (100017a8 <ConfigSetBacklight+0x20>)
10001796:	3b01      	subs	r3, #1
10001798:	70d3      	strb	r3, [r2, #3]
1000179a:	f002 f9cd 	bl	10003b38 <DispBacklightUpdate>
1000179e:	bd10      	pop	{r4, pc}
100017a0:	43c3      	mvns	r3, r0
100017a2:	17db      	asrs	r3, r3, #31
100017a4:	4018      	ands	r0, r3
100017a6:	e7f3      	b.n	10001790 <ConfigSetBacklight+0x8>
100017a8:	20000634 	.word	0x20000634

100017ac <ConfigIncBacklight>:
100017ac:	b510      	push	{r4, lr}
100017ae:	4b06      	ldr	r3, [pc, #24]	@ (100017c8 <ConfigIncBacklight+0x1c>)
100017b0:	78d8      	ldrb	r0, [r3, #3]
100017b2:	4b06      	ldr	r3, [pc, #24]	@ (100017cc <ConfigIncBacklight+0x20>)
100017b4:	681b      	ldr	r3, [r3, #0]
100017b6:	4798      	blx	r3
100017b8:	2320      	movs	r3, #32
100017ba:	1a18      	subs	r0, r3, r0
100017bc:	b2c0      	uxtb	r0, r0
100017be:	3001      	adds	r0, #1
100017c0:	f7ff ffe2 	bl	10001788 <ConfigSetBacklight>
100017c4:	bd10      	pop	{r4, pc}
100017c6:	46c0      	nop			@ (mov r8, r8)
100017c8:	20000634 	.word	0x20000634
100017cc:	200365c0 	.word	0x200365c0

100017d0 <ConfigDecBacklight>:
100017d0:	b510      	push	{r4, lr}
100017d2:	4b06      	ldr	r3, [pc, #24]	@ (100017ec <ConfigDecBacklight+0x1c>)
100017d4:	78d8      	ldrb	r0, [r3, #3]
100017d6:	4b06      	ldr	r3, [pc, #24]	@ (100017f0 <ConfigDecBacklight+0x20>)
100017d8:	681b      	ldr	r3, [r3, #0]
100017da:	4798      	blx	r3
100017dc:	2320      	movs	r3, #32
100017de:	1a18      	subs	r0, r3, r0
100017e0:	b2c0      	uxtb	r0, r0
100017e2:	3801      	subs	r0, #1
100017e4:	f7ff ffd0 	bl	10001788 <ConfigSetBacklight>
100017e8:	bd10      	pop	{r4, pc}
100017ea:	46c0      	nop			@ (mov r8, r8)
100017ec:	20000634 	.word	0x20000634
100017f0:	200365c0 	.word	0x200365c0

100017f4 <Crc32ABufSlow>:
100017f4:	b530      	push	{r4, r5, lr}
100017f6:	4c0a      	ldr	r4, [pc, #40]	@ (10001820 <Crc32ABufSlow+0x2c>)
100017f8:	188a      	adds	r2, r1, r2
100017fa:	1a53      	subs	r3, r2, r1
100017fc:	2b00      	cmp	r3, #0
100017fe:	dc00      	bgt.n	10001802 <Crc32ABufSlow+0xe>
10001800:	bd30      	pop	{r4, r5, pc}
10001802:	780b      	ldrb	r3, [r1, #0]
10001804:	061b      	lsls	r3, r3, #24
10001806:	4058      	eors	r0, r3
10001808:	2308      	movs	r3, #8
1000180a:	0005      	movs	r5, r0
1000180c:	0040      	lsls	r0, r0, #1
1000180e:	2d00      	cmp	r5, #0
10001810:	da00      	bge.n	10001814 <Crc32ABufSlow+0x20>
10001812:	4060      	eors	r0, r4
10001814:	3b01      	subs	r3, #1
10001816:	2b00      	cmp	r3, #0
10001818:	d1f7      	bne.n	1000180a <Crc32ABufSlow+0x16>
1000181a:	3101      	adds	r1, #1
1000181c:	e7ed      	b.n	100017fa <Crc32ABufSlow+0x6>
1000181e:	46c0      	nop			@ (mov r8, r8)
10001820:	04c11db7 	.word	0x04c11db7

10001824 <Crc32ABufDMA>:
10001824:	b513      	push	{r0, r1, r4, lr}
10001826:	000b      	movs	r3, r1
10001828:	0011      	movs	r1, r2
1000182a:	22d0      	movs	r2, #208	@ 0xd0
1000182c:	240b      	movs	r4, #11
1000182e:	0612      	lsls	r2, r2, #24
10001830:	6812      	ldr	r2, [r2, #0]
10001832:	9100      	str	r1, [sp, #0]
10001834:	1aa2      	subs	r2, r4, r2
10001836:	0001      	movs	r1, r0
10001838:	2000      	movs	r0, #0
1000183a:	f7ff f9a1 	bl	10000b80 <DMA_CRC>
1000183e:	bd16      	pop	{r1, r2, r4, pc}

10001840 <Crc32ASlow>:
10001840:	2301      	movs	r3, #1
10001842:	b510      	push	{r4, lr}
10001844:	000a      	movs	r2, r1
10001846:	0001      	movs	r1, r0
10001848:	4258      	negs	r0, r3
1000184a:	f7ff ffd3 	bl	100017f4 <Crc32ABufSlow>
1000184e:	bd10      	pop	{r4, pc}

10001850 <Crc32ADMA>:
10001850:	2301      	movs	r3, #1
10001852:	b510      	push	{r4, lr}
10001854:	000a      	movs	r2, r1
10001856:	0001      	movs	r1, r0
10001858:	4258      	negs	r0, r3
1000185a:	f7ff ffe3 	bl	10001824 <Crc32ABufDMA>
1000185e:	bd10      	pop	{r4, pc}

10001860 <Crc16ABufFast>:
10001860:	b530      	push	{r4, r5, lr}
10001862:	25ff      	movs	r5, #255	@ 0xff
10001864:	240f      	movs	r4, #15
10001866:	188a      	adds	r2, r1, r2
10001868:	016d      	lsls	r5, r5, #5
1000186a:	1a53      	subs	r3, r2, r1
1000186c:	2b00      	cmp	r3, #0
1000186e:	dc00      	bgt.n	10001872 <Crc16ABufFast+0x12>
10001870:	bd30      	pop	{r4, r5, pc}
10001872:	780b      	ldrb	r3, [r1, #0]
10001874:	ba40      	rev16	r0, r0
10001876:	b280      	uxth	r0, r0
10001878:	4058      	eors	r0, r3
1000187a:	1103      	asrs	r3, r0, #4
1000187c:	4023      	ands	r3, r4
1000187e:	4043      	eors	r3, r0
10001880:	b21b      	sxth	r3, r3
10001882:	0318      	lsls	r0, r3, #12
10001884:	4043      	eors	r3, r0
10001886:	b21b      	sxth	r3, r3
10001888:	0158      	lsls	r0, r3, #5
1000188a:	4028      	ands	r0, r5
1000188c:	4058      	eors	r0, r3
1000188e:	b280      	uxth	r0, r0
10001890:	3101      	adds	r1, #1
10001892:	e7ea      	b.n	1000186a <Crc16ABufFast+0xa>

10001894 <Crc16AFast>:
10001894:	b510      	push	{r4, lr}
10001896:	000a      	movs	r2, r1
10001898:	0001      	movs	r1, r0
1000189a:	4802      	ldr	r0, [pc, #8]	@ (100018a4 <Crc16AFast+0x10>)
1000189c:	f7ff ffe0 	bl	10001860 <Crc16ABufFast>
100018a0:	bd10      	pop	{r4, pc}
100018a2:	46c0      	nop			@ (mov r8, r8)
100018a4:	0000ffff 	.word	0x0000ffff

100018a8 <ConfigGetCRC>:
100018a8:	b510      	push	{r4, lr}
100018aa:	211e      	movs	r1, #30
100018ac:	3002      	adds	r0, #2
100018ae:	f7ff fff1 	bl	10001894 <Crc16AFast>
100018b2:	bd10      	pop	{r4, pc}

100018b4 <ConfigLoad>:
100018b4:	b570      	push	{r4, r5, r6, lr}
100018b6:	4c11      	ldr	r4, [pc, #68]	@ (100018fc <ConfigLoad+0x48>)
100018b8:	257f      	movs	r5, #127	@ 0x7f
100018ba:	0020      	movs	r0, r4
100018bc:	f7ff ff12 	bl	100016e4 <ConfigSetDef>
100018c0:	4b0f      	ldr	r3, [pc, #60]	@ (10001900 <ConfigLoad+0x4c>)
100018c2:	016e      	lsls	r6, r5, #5
100018c4:	18f6      	adds	r6, r6, r3
100018c6:	6973      	ldr	r3, [r6, #20]
100018c8:	3301      	adds	r3, #1
100018ca:	d014      	beq.n	100018f6 <ConfigLoad+0x42>
100018cc:	0030      	movs	r0, r6
100018ce:	f7ff ffeb 	bl	100018a8 <ConfigGetCRC>
100018d2:	8833      	ldrh	r3, [r6, #0]
100018d4:	4283      	cmp	r3, r0
100018d6:	d10e      	bne.n	100018f6 <ConfigLoad+0x42>
100018d8:	0030      	movs	r0, r6
100018da:	0023      	movs	r3, r4
100018dc:	c846      	ldmia	r0!, {r1, r2, r6}
100018de:	c346      	stmia	r3!, {r1, r2, r6}
100018e0:	c846      	ldmia	r0!, {r1, r2, r6}
100018e2:	c346      	stmia	r3!, {r1, r2, r6}
100018e4:	c806      	ldmia	r0!, {r1, r2}
100018e6:	c306      	stmia	r3!, {r1, r2}
100018e8:	78e3      	ldrb	r3, [r4, #3]
100018ea:	2b00      	cmp	r3, #0
100018ec:	d101      	bne.n	100018f2 <ConfigLoad+0x3e>
100018ee:	3301      	adds	r3, #1
100018f0:	70e3      	strb	r3, [r4, #3]
100018f2:	0028      	movs	r0, r5
100018f4:	bd70      	pop	{r4, r5, r6, pc}
100018f6:	3d01      	subs	r5, #1
100018f8:	d2e2      	bcs.n	100018c0 <ConfigLoad+0xc>
100018fa:	e7fa      	b.n	100018f2 <ConfigLoad+0x3e>
100018fc:	20000634 	.word	0x20000634
10001900:	101ff000 	.word	0x101ff000

10001904 <ConfigSave>:
10001904:	b5f0      	push	{r4, r5, r6, r7, lr}
10001906:	4c24      	ldr	r4, [pc, #144]	@ (10001998 <ConfigSave+0x94>)
10001908:	b0c1      	sub	sp, #260	@ 0x104
1000190a:	6963      	ldr	r3, [r4, #20]
1000190c:	3301      	adds	r3, #1
1000190e:	d102      	bne.n	10001916 <ConfigSave+0x12>
10001910:	2302      	movs	r3, #2
10001912:	425b      	negs	r3, r3
10001914:	6163      	str	r3, [r4, #20]
10001916:	0020      	movs	r0, r4
10001918:	f7ff ffc6 	bl	100018a8 <ConfigGetCRC>
1000191c:	2501      	movs	r5, #1
1000191e:	217f      	movs	r1, #127	@ 0x7f
10001920:	4b1e      	ldr	r3, [pc, #120]	@ (1000199c <ConfigSave+0x98>)
10001922:	4f1f      	ldr	r7, [pc, #124]	@ (100019a0 <ConfigSave+0x9c>)
10001924:	8020      	strh	r0, [r4, #0]
10001926:	426d      	negs	r5, r5
10001928:	001e      	movs	r6, r3
1000192a:	001a      	movs	r2, r3
1000192c:	3620      	adds	r6, #32
1000192e:	6810      	ldr	r0, [r2, #0]
10001930:	3001      	adds	r0, #1
10001932:	d109      	bne.n	10001948 <ConfigSave+0x44>
10001934:	3204      	adds	r2, #4
10001936:	42b2      	cmp	r2, r6
10001938:	d1f9      	bne.n	1000192e <ConfigSave+0x2a>
1000193a:	3b20      	subs	r3, #32
1000193c:	000d      	movs	r5, r1
1000193e:	1e4a      	subs	r2, r1, #1
10001940:	42bb      	cmp	r3, r7
10001942:	d005      	beq.n	10001950 <ConfigSave+0x4c>
10001944:	0011      	movs	r1, r2
10001946:	e7ef      	b.n	10001928 <ConfigSave+0x24>
10001948:	1c6b      	adds	r3, r5, #1
1000194a:	d102      	bne.n	10001952 <ConfigSave+0x4e>
1000194c:	f7ff fee8 	bl	10001720 <ConfigClear>
10001950:	2500      	movs	r5, #0
10001952:	2307      	movs	r3, #7
10001954:	002f      	movs	r7, r5
10001956:	2280      	movs	r2, #128	@ 0x80
10001958:	439f      	bics	r7, r3
1000195a:	1bed      	subs	r5, r5, r7
1000195c:	016d      	lsls	r5, r5, #5
1000195e:	3501      	adds	r5, #1
10001960:	35ff      	adds	r5, #255	@ 0xff
10001962:	4b10      	ldr	r3, [pc, #64]	@ (100019a4 <ConfigSave+0xa0>)
10001964:	446d      	add	r5, sp
10001966:	017e      	lsls	r6, r7, #5
10001968:	3d01      	subs	r5, #1
1000196a:	18f1      	adds	r1, r6, r3
1000196c:	0052      	lsls	r2, r2, #1
1000196e:	4668      	mov	r0, sp
10001970:	3dff      	subs	r5, #255	@ 0xff
10001972:	f7fe fd6d 	bl	10000450 <__wrap___aeabi_memcpy>
10001976:	002b      	movs	r3, r5
10001978:	cc07      	ldmia	r4!, {r0, r1, r2}
1000197a:	c307      	stmia	r3!, {r0, r1, r2}
1000197c:	cc07      	ldmia	r4!, {r0, r1, r2}
1000197e:	c307      	stmia	r3!, {r0, r1, r2}
10001980:	cc06      	ldmia	r4!, {r1, r2}
10001982:	c306      	stmia	r3!, {r1, r2}
10001984:	2280      	movs	r2, #128	@ 0x80
10001986:	4b08      	ldr	r3, [pc, #32]	@ (100019a8 <ConfigSave+0xa4>)
10001988:	4669      	mov	r1, sp
1000198a:	18f0      	adds	r0, r6, r3
1000198c:	0052      	lsls	r2, r2, #1
1000198e:	f003 fe6b 	bl	10005668 <__FlashProgram_veneer>
10001992:	b041      	add	sp, #260	@ 0x104
10001994:	bdf0      	pop	{r4, r5, r6, r7, pc}
10001996:	46c0      	nop			@ (mov r8, r8)
10001998:	20000634 	.word	0x20000634
1000199c:	101fffe0 	.word	0x101fffe0
100019a0:	101fefe0 	.word	0x101fefe0
100019a4:	101ff000 	.word	0x101ff000
100019a8:	001ff000 	.word	0x001ff000

100019ac <DecUNum>:
100019ac:	b5f0      	push	{r4, r5, r6, r7, lr}
100019ae:	2400      	movs	r4, #0
100019b0:	b08b      	sub	sp, #44	@ 0x2c
100019b2:	ab06      	add	r3, sp, #24
100019b4:	735c      	strb	r4, [r3, #13]
100019b6:	230d      	movs	r3, #13
100019b8:	000f      	movs	r7, r1
100019ba:	0026      	movs	r6, r4
100019bc:	9203      	str	r2, [sp, #12]
100019be:	aa06      	add	r2, sp, #24
100019c0:	189b      	adds	r3, r3, r2
100019c2:	9005      	str	r0, [sp, #20]
100019c4:	9301      	str	r3, [sp, #4]
100019c6:	210a      	movs	r1, #10
100019c8:	0038      	movs	r0, r7
100019ca:	f7fe fcc3 	bl	10000354 <DivU32>
100019ce:	9b01      	ldr	r3, [sp, #4]
100019d0:	9004      	str	r0, [sp, #16]
100019d2:	210a      	movs	r1, #10
100019d4:	0038      	movs	r0, r7
100019d6:	1e5d      	subs	r5, r3, #1
100019d8:	f7fe fcbc 	bl	10000354 <DivU32>
100019dc:	1c73      	adds	r3, r6, #1
100019de:	3130      	adds	r1, #48	@ 0x30
100019e0:	7029      	strb	r1, [r5, #0]
100019e2:	9302      	str	r3, [sp, #8]
100019e4:	3401      	adds	r4, #1
100019e6:	2f09      	cmp	r7, #9
100019e8:	d807      	bhi.n	100019fa <DecUNum+0x4e>
100019ea:	0029      	movs	r1, r5
100019ec:	9805      	ldr	r0, [sp, #20]
100019ee:	1cb2      	adds	r2, r6, #2
100019f0:	f7fe fd2e 	bl	10000450 <__wrap___aeabi_memcpy>
100019f4:	9802      	ldr	r0, [sp, #8]
100019f6:	b00b      	add	sp, #44	@ 0x2c
100019f8:	bdf0      	pop	{r4, r5, r6, r7, pc}
100019fa:	2c03      	cmp	r4, #3
100019fc:	d109      	bne.n	10001a12 <DecUNum+0x66>
100019fe:	9b03      	ldr	r3, [sp, #12]
10001a00:	2b00      	cmp	r3, #0
10001a02:	d006      	beq.n	10001a12 <DecUNum+0x66>
10001a04:	2400      	movs	r4, #0
10001a06:	1cb3      	adds	r3, r6, #2
10001a08:	9d01      	ldr	r5, [sp, #4]
10001a0a:	9302      	str	r3, [sp, #8]
10001a0c:	9b03      	ldr	r3, [sp, #12]
10001a0e:	3d02      	subs	r5, #2
10001a10:	702b      	strb	r3, [r5, #0]
10001a12:	9f04      	ldr	r7, [sp, #16]
10001a14:	9e02      	ldr	r6, [sp, #8]
10001a16:	9501      	str	r5, [sp, #4]
10001a18:	e7d5      	b.n	100019c6 <DecUNum+0x1a>

10001a1a <DecNum>:
10001a1a:	b510      	push	{r4, lr}
10001a1c:	2900      	cmp	r1, #0
10001a1e:	db02      	blt.n	10001a26 <DecNum+0xc>
10001a20:	f7ff ffc4 	bl	100019ac <DecUNum>
10001a24:	bd10      	pop	{r4, pc}
10001a26:	232d      	movs	r3, #45	@ 0x2d
10001a28:	4249      	negs	r1, r1
10001a2a:	7003      	strb	r3, [r0, #0]
10001a2c:	3001      	adds	r0, #1
10001a2e:	f7ff ffbd 	bl	100019ac <DecUNum>
10001a32:	3001      	adds	r0, #1
10001a34:	e7f6      	b.n	10001a24 <DecNum+0xa>

10001a36 <DecHexDig>:
10001a36:	230f      	movs	r3, #15
10001a38:	4003      	ands	r3, r0
10001a3a:	0018      	movs	r0, r3
10001a3c:	3030      	adds	r0, #48	@ 0x30
10001a3e:	2839      	cmp	r0, #57	@ 0x39
10001a40:	d901      	bls.n	10001a46 <DecHexDig+0x10>
10001a42:	3337      	adds	r3, #55	@ 0x37
10001a44:	0018      	movs	r0, r3
10001a46:	4770      	bx	lr

10001a48 <SelFontUpdate>:
10001a48:	20a0      	movs	r0, #160	@ 0xa0
10001a4a:	4b08      	ldr	r3, [pc, #32]	@ (10001a6c <SelFontUpdate+0x24>)
10001a4c:	b510      	push	{r4, lr}
10001a4e:	6819      	ldr	r1, [r3, #0]
10001a50:	0040      	lsls	r0, r0, #1
10001a52:	f7fe fc6d 	bl	10000330 <DivS32>
10001a56:	4c06      	ldr	r4, [pc, #24]	@ (10001a70 <SelFontUpdate+0x28>)
10001a58:	4b06      	ldr	r3, [pc, #24]	@ (10001a74 <SelFontUpdate+0x2c>)
10001a5a:	7020      	strb	r0, [r4, #0]
10001a5c:	6819      	ldr	r1, [r3, #0]
10001a5e:	20f0      	movs	r0, #240	@ 0xf0
10001a60:	f7fe fc66 	bl	10000330 <DivS32>
10001a64:	4c04      	ldr	r4, [pc, #16]	@ (10001a78 <SelFontUpdate+0x30>)
10001a66:	7020      	strb	r0, [r4, #0]
10001a68:	bd10      	pop	{r4, pc}
10001a6a:	46c0      	nop			@ (mov r8, r8)
10001a6c:	20000278 	.word	0x20000278
10001a70:	20000275 	.word	0x20000275
10001a74:	2000027c 	.word	0x2000027c
10001a78:	20000274 	.word	0x20000274

10001a7c <SelFont8x16>:
10001a7c:	4b06      	ldr	r3, [pc, #24]	@ (10001a98 <SelFont8x16+0x1c>)
10001a7e:	4a07      	ldr	r2, [pc, #28]	@ (10001a9c <SelFont8x16+0x20>)
10001a80:	b510      	push	{r4, lr}
10001a82:	601a      	str	r2, [r3, #0]
10001a84:	2210      	movs	r2, #16
10001a86:	4b06      	ldr	r3, [pc, #24]	@ (10001aa0 <SelFont8x16+0x24>)
10001a88:	601a      	str	r2, [r3, #0]
10001a8a:	4b06      	ldr	r3, [pc, #24]	@ (10001aa4 <SelFont8x16+0x28>)
10001a8c:	3a08      	subs	r2, #8
10001a8e:	601a      	str	r2, [r3, #0]
10001a90:	f7ff ffda 	bl	10001a48 <SelFontUpdate>
10001a94:	bd10      	pop	{r4, pc}
10001a96:	46c0      	nop			@ (mov r8, r8)
10001a98:	20000280 	.word	0x20000280
10001a9c:	10005f0c 	.word	0x10005f0c
10001aa0:	2000027c 	.word	0x2000027c
10001aa4:	20000278 	.word	0x20000278

10001aa8 <SelFont6x8>:
10001aa8:	4b06      	ldr	r3, [pc, #24]	@ (10001ac4 <SelFont6x8+0x1c>)
10001aaa:	4a07      	ldr	r2, [pc, #28]	@ (10001ac8 <SelFont6x8+0x20>)
10001aac:	b510      	push	{r4, lr}
10001aae:	601a      	str	r2, [r3, #0]
10001ab0:	2208      	movs	r2, #8
10001ab2:	4b06      	ldr	r3, [pc, #24]	@ (10001acc <SelFont6x8+0x24>)
10001ab4:	601a      	str	r2, [r3, #0]
10001ab6:	4b06      	ldr	r3, [pc, #24]	@ (10001ad0 <SelFont6x8+0x28>)
10001ab8:	3a02      	subs	r2, #2
10001aba:	601a      	str	r2, [r3, #0]
10001abc:	f7ff ffc4 	bl	10001a48 <SelFontUpdate>
10001ac0:	bd10      	pop	{r4, pc}
10001ac2:	46c0      	nop			@ (mov r8, r8)
10001ac4:	20000280 	.word	0x20000280
10001ac8:	1000570c 	.word	0x1000570c
10001acc:	2000027c 	.word	0x2000027c
10001ad0:	20000278 	.word	0x20000278

10001ad4 <DrawRect>:
10001ad4:	b5f7      	push	{r0, r1, r2, r4, r5, r6, r7, lr}
10001ad6:	001d      	movs	r5, r3
10001ad8:	ab08      	add	r3, sp, #32
10001ada:	881b      	ldrh	r3, [r3, #0]
10001adc:	0007      	movs	r7, r0
10001ade:	000c      	movs	r4, r1
10001ae0:	1e16      	subs	r6, r2, #0
10001ae2:	9301      	str	r3, [sp, #4]
10001ae4:	da01      	bge.n	10001aea <DrawRect+0x16>
10001ae6:	1887      	adds	r7, r0, r2
10001ae8:	4256      	negs	r6, r2
10001aea:	2d00      	cmp	r5, #0
10001aec:	da01      	bge.n	10001af2 <DrawRect+0x1e>
10001aee:	1964      	adds	r4, r4, r5
10001af0:	426d      	negs	r5, r5
10001af2:	2f00      	cmp	r7, #0
10001af4:	da01      	bge.n	10001afa <DrawRect+0x26>
10001af6:	19f6      	adds	r6, r6, r7
10001af8:	2700      	movs	r7, #0
10001afa:	22a0      	movs	r2, #160	@ 0xa0
10001afc:	19bb      	adds	r3, r7, r6
10001afe:	0052      	lsls	r2, r2, #1
10001b00:	4293      	cmp	r3, r2
10001b02:	dd00      	ble.n	10001b06 <DrawRect+0x32>
10001b04:	1bd6      	subs	r6, r2, r7
10001b06:	2e00      	cmp	r6, #0
10001b08:	dd24      	ble.n	10001b54 <DrawRect+0x80>
10001b0a:	2c00      	cmp	r4, #0
10001b0c:	da01      	bge.n	10001b12 <DrawRect+0x3e>
10001b0e:	192d      	adds	r5, r5, r4
10001b10:	2400      	movs	r4, #0
10001b12:	1963      	adds	r3, r4, r5
10001b14:	2bf0      	cmp	r3, #240	@ 0xf0
10001b16:	dd01      	ble.n	10001b1c <DrawRect+0x48>
10001b18:	25f0      	movs	r5, #240	@ 0xf0
10001b1a:	1b2d      	subs	r5, r5, r4
10001b1c:	2d00      	cmp	r5, #0
10001b1e:	dd19      	ble.n	10001b54 <DrawRect+0x80>
10001b20:	0032      	movs	r2, r6
10001b22:	002b      	movs	r3, r5
10001b24:	0021      	movs	r1, r4
10001b26:	0038      	movs	r0, r7
10001b28:	f001 ff4c 	bl	100039c4 <DispDirtyRect>
10001b2c:	23a0      	movs	r3, #160	@ 0xa0
10001b2e:	005b      	lsls	r3, r3, #1
10001b30:	435c      	muls	r4, r3
10001b32:	4a09      	ldr	r2, [pc, #36]	@ (10001b58 <DrawRect+0x84>)
10001b34:	19e4      	adds	r4, r4, r7
10001b36:	1b9b      	subs	r3, r3, r6
10001b38:	0064      	lsls	r4, r4, #1
10001b3a:	18a4      	adds	r4, r4, r2
10001b3c:	005b      	lsls	r3, r3, #1
10001b3e:	0076      	lsls	r6, r6, #1
10001b40:	19a2      	adds	r2, r4, r6
10001b42:	9901      	ldr	r1, [sp, #4]
10001b44:	8021      	strh	r1, [r4, #0]
10001b46:	3402      	adds	r4, #2
10001b48:	4294      	cmp	r4, r2
10001b4a:	d1fa      	bne.n	10001b42 <DrawRect+0x6e>
10001b4c:	3d01      	subs	r5, #1
10001b4e:	18e4      	adds	r4, r4, r3
10001b50:	2d00      	cmp	r5, #0
10001b52:	d1f5      	bne.n	10001b40 <DrawRect+0x6c>
10001b54:	bdf7      	pop	{r0, r1, r2, r4, r5, r6, r7, pc}
10001b56:	46c0      	nop			@ (mov r8, r8)
10001b58:	20000978 	.word	0x20000978

10001b5c <DrawFrameW>:
10001b5c:	b5f0      	push	{r4, r5, r6, r7, lr}
10001b5e:	b087      	sub	sp, #28
10001b60:	001c      	movs	r4, r3
10001b62:	ab0c      	add	r3, sp, #48	@ 0x30
10001b64:	881b      	ldrh	r3, [r3, #0]
10001b66:	0007      	movs	r7, r0
10001b68:	1e15      	subs	r5, r2, #0
10001b6a:	9e0d      	ldr	r6, [sp, #52]	@ 0x34
10001b6c:	9102      	str	r1, [sp, #8]
10001b6e:	9303      	str	r3, [sp, #12]
10001b70:	da30      	bge.n	10001bd4 <DrawFrameW+0x78>
10001b72:	1887      	adds	r7, r0, r2
10001b74:	4255      	negs	r5, r2
10001b76:	2c00      	cmp	r4, #0
10001b78:	da34      	bge.n	10001be4 <DrawFrameW+0x88>
10001b7a:	9b02      	ldr	r3, [sp, #8]
10001b7c:	191b      	adds	r3, r3, r4
10001b7e:	9302      	str	r3, [sp, #8]
10001b80:	4264      	negs	r4, r4
10001b82:	1bab      	subs	r3, r5, r6
10001b84:	9304      	str	r3, [sp, #16]
10001b86:	9b03      	ldr	r3, [sp, #12]
10001b88:	0038      	movs	r0, r7
10001b8a:	9902      	ldr	r1, [sp, #8]
10001b8c:	9300      	str	r3, [sp, #0]
10001b8e:	1baa      	subs	r2, r5, r6
10001b90:	0033      	movs	r3, r6
10001b92:	f7ff ff9f 	bl	10001ad4 <DrawRect>
10001b96:	1ba3      	subs	r3, r4, r6
10001b98:	9305      	str	r3, [sp, #20]
10001b9a:	9b03      	ldr	r3, [sp, #12]
10001b9c:	1978      	adds	r0, r7, r5
10001b9e:	0032      	movs	r2, r6
10001ba0:	9902      	ldr	r1, [sp, #8]
10001ba2:	1b80      	subs	r0, r0, r6
10001ba4:	9300      	str	r3, [sp, #0]
10001ba6:	1ba3      	subs	r3, r4, r6
10001ba8:	f7ff ff94 	bl	10001ad4 <DrawRect>
10001bac:	9b02      	ldr	r3, [sp, #8]
10001bae:	9a04      	ldr	r2, [sp, #16]
10001bb0:	1919      	adds	r1, r3, r4
10001bb2:	9b03      	ldr	r3, [sp, #12]
10001bb4:	1b89      	subs	r1, r1, r6
10001bb6:	19f0      	adds	r0, r6, r7
10001bb8:	9300      	str	r3, [sp, #0]
10001bba:	0033      	movs	r3, r6
10001bbc:	f7ff ff8a 	bl	10001ad4 <DrawRect>
10001bc0:	9b02      	ldr	r3, [sp, #8]
10001bc2:	0032      	movs	r2, r6
10001bc4:	18f1      	adds	r1, r6, r3
10001bc6:	9b03      	ldr	r3, [sp, #12]
10001bc8:	0038      	movs	r0, r7
10001bca:	9300      	str	r3, [sp, #0]
10001bcc:	9b05      	ldr	r3, [sp, #20]
10001bce:	f7ff ff81 	bl	10001ad4 <DrawRect>
10001bd2:	e003      	b.n	10001bdc <DrawFrameW+0x80>
10001bd4:	2c00      	cmp	r4, #0
10001bd6:	da03      	bge.n	10001be0 <DrawFrameW+0x84>
10001bd8:	2a00      	cmp	r2, #0
10001bda:	d1ce      	bne.n	10001b7a <DrawFrameW+0x1e>
10001bdc:	b007      	add	sp, #28
10001bde:	bdf0      	pop	{r4, r5, r6, r7, pc}
10001be0:	2a00      	cmp	r2, #0
10001be2:	d0fb      	beq.n	10001bdc <DrawFrameW+0x80>
10001be4:	2c00      	cmp	r4, #0
10001be6:	d0f9      	beq.n	10001bdc <DrawFrameW+0x80>
10001be8:	e7cb      	b.n	10001b82 <DrawFrameW+0x26>

10001bea <DrawFrame>:
10001bea:	b537      	push	{r0, r1, r2, r4, r5, lr}
10001bec:	2501      	movs	r5, #1
10001bee:	ac06      	add	r4, sp, #24
10001bf0:	8824      	ldrh	r4, [r4, #0]
10001bf2:	9501      	str	r5, [sp, #4]
10001bf4:	9400      	str	r4, [sp, #0]
10001bf6:	f7ff ffb1 	bl	10001b5c <DrawFrameW>
10001bfa:	bd37      	pop	{r0, r1, r2, r4, r5, pc}

10001bfc <DrawClearCol>:
10001bfc:	b507      	push	{r0, r1, r2, lr}
10001bfe:	2100      	movs	r1, #0
10001c00:	22a0      	movs	r2, #160	@ 0xa0
10001c02:	9000      	str	r0, [sp, #0]
10001c04:	23f0      	movs	r3, #240	@ 0xf0
10001c06:	0008      	movs	r0, r1
10001c08:	0052      	lsls	r2, r2, #1
10001c0a:	f7ff ff63 	bl	10001ad4 <DrawRect>
10001c0e:	bd07      	pop	{r0, r1, r2, pc}

10001c10 <DrawClear>:
10001c10:	b510      	push	{r4, lr}
10001c12:	2000      	movs	r0, #0
10001c14:	f7ff fff2 	bl	10001bfc <DrawClearCol>
10001c18:	bd10      	pop	{r4, pc}
	...

10001c1c <DrawPoint>:
10001c1c:	23a0      	movs	r3, #160	@ 0xa0
10001c1e:	b510      	push	{r4, lr}
10001c20:	005b      	lsls	r3, r3, #1
10001c22:	4298      	cmp	r0, r3
10001c24:	d208      	bcs.n	10001c38 <DrawPoint+0x1c>
10001c26:	29ef      	cmp	r1, #239	@ 0xef
10001c28:	d806      	bhi.n	10001c38 <DrawPoint+0x1c>
10001c2a:	434b      	muls	r3, r1
10001c2c:	4c03      	ldr	r4, [pc, #12]	@ (10001c3c <DrawPoint+0x20>)
10001c2e:	181b      	adds	r3, r3, r0
10001c30:	005b      	lsls	r3, r3, #1
10001c32:	531a      	strh	r2, [r3, r4]
10001c34:	f001 fefe 	bl	10003a34 <DispDirtyPoint>
10001c38:	bd10      	pop	{r4, pc}
10001c3a:	46c0      	nop			@ (mov r8, r8)
10001c3c:	20000978 	.word	0x20000978

10001c40 <DrawChar>:
10001c40:	b5f0      	push	{r4, r5, r6, r7, lr}
10001c42:	b087      	sub	sp, #28
10001c44:	9304      	str	r3, [sp, #16]
10001c46:	4b36      	ldr	r3, [pc, #216]	@ (10001d20 <DrawChar+0xe0>)
10001c48:	4f36      	ldr	r7, [pc, #216]	@ (10001d24 <DrawChar+0xe4>)
10001c4a:	681b      	ldr	r3, [r3, #0]
10001c4c:	9102      	str	r1, [sp, #8]
10001c4e:	181b      	adds	r3, r3, r0
10001c50:	9300      	str	r3, [sp, #0]
10001c52:	683b      	ldr	r3, [r7, #0]
10001c54:	9203      	str	r2, [sp, #12]
10001c56:	9301      	str	r3, [sp, #4]
10001c58:	000b      	movs	r3, r1
10001c5a:	4313      	orrs	r3, r2
10001c5c:	d45e      	bmi.n	10001d1c <DrawChar+0xdc>
10001c5e:	25a0      	movs	r5, #160	@ 0xa0
10001c60:	4e31      	ldr	r6, [pc, #196]	@ (10001d28 <DrawChar+0xe8>)
10001c62:	006d      	lsls	r5, r5, #1
10001c64:	6832      	ldr	r2, [r6, #0]
10001c66:	1853      	adds	r3, r2, r1
10001c68:	42ab      	cmp	r3, r5
10001c6a:	dc57      	bgt.n	10001d1c <DrawChar+0xdc>
10001c6c:	9901      	ldr	r1, [sp, #4]
10001c6e:	9b03      	ldr	r3, [sp, #12]
10001c70:	000c      	movs	r4, r1
10001c72:	185b      	adds	r3, r3, r1
10001c74:	2bf0      	cmp	r3, #240	@ 0xf0
10001c76:	dc3b      	bgt.n	10001cf0 <DrawChar+0xb0>
10001c78:	000b      	movs	r3, r1
10001c7a:	9802      	ldr	r0, [sp, #8]
10001c7c:	9903      	ldr	r1, [sp, #12]
10001c7e:	f001 fea1 	bl	100039c4 <DispDirtyRect>
10001c82:	9b03      	ldr	r3, [sp, #12]
10001c84:	9a02      	ldr	r2, [sp, #8]
10001c86:	436b      	muls	r3, r5
10001c88:	6830      	ldr	r0, [r6, #0]
10001c8a:	189b      	adds	r3, r3, r2
10001c8c:	4a27      	ldr	r2, [pc, #156]	@ (10001d2c <DrawChar+0xec>)
10001c8e:	005b      	lsls	r3, r3, #1
10001c90:	1a2d      	subs	r5, r5, r0
10001c92:	189b      	adds	r3, r3, r2
10001c94:	006a      	lsls	r2, r5, #1
10001c96:	4694      	mov	ip, r2
10001c98:	43c2      	mvns	r2, r0
10001c9a:	17d2      	asrs	r2, r2, #31
10001c9c:	4002      	ands	r2, r0
10001c9e:	683c      	ldr	r4, [r7, #0]
10001ca0:	0052      	lsls	r2, r2, #1
10001ca2:	2c00      	cmp	r4, #0
10001ca4:	dc01      	bgt.n	10001caa <DrawChar+0x6a>
10001ca6:	b007      	add	sp, #28
10001ca8:	bdf0      	pop	{r4, r5, r6, r7, pc}
10001caa:	9d00      	ldr	r5, [sp, #0]
10001cac:	9900      	ldr	r1, [sp, #0]
10001cae:	3501      	adds	r5, #1
10001cb0:	35ff      	adds	r5, #255	@ 0xff
10001cb2:	9500      	str	r5, [sp, #0]
10001cb4:	001e      	movs	r6, r3
10001cb6:	0005      	movs	r5, r0
10001cb8:	7809      	ldrb	r1, [r1, #0]
10001cba:	2d00      	cmp	r5, #0
10001cbc:	dc03      	bgt.n	10001cc6 <DrawChar+0x86>
10001cbe:	189b      	adds	r3, r3, r2
10001cc0:	4463      	add	r3, ip
10001cc2:	3c01      	subs	r4, #1
10001cc4:	e7ed      	b.n	10001ca2 <DrawChar+0x62>
10001cc6:	b24f      	sxtb	r7, r1
10001cc8:	2f00      	cmp	r7, #0
10001cca:	da01      	bge.n	10001cd0 <DrawChar+0x90>
10001ccc:	9f04      	ldr	r7, [sp, #16]
10001cce:	8037      	strh	r7, [r6, #0]
10001cd0:	0049      	lsls	r1, r1, #1
10001cd2:	3602      	adds	r6, #2
10001cd4:	b2c9      	uxtb	r1, r1
10001cd6:	3d01      	subs	r5, #1
10001cd8:	e7ef      	b.n	10001cba <DrawChar+0x7a>
10001cda:	9b00      	ldr	r3, [sp, #0]
10001cdc:	781d      	ldrb	r5, [r3, #0]
10001cde:	3301      	adds	r3, #1
10001ce0:	33ff      	adds	r3, #255	@ 0xff
10001ce2:	9300      	str	r3, [sp, #0]
10001ce4:	4b10      	ldr	r3, [pc, #64]	@ (10001d28 <DrawChar+0xe8>)
10001ce6:	681f      	ldr	r7, [r3, #0]
10001ce8:	003e      	movs	r6, r7
10001cea:	2e00      	cmp	r6, #0
10001cec:	dc08      	bgt.n	10001d00 <DrawChar+0xc0>
10001cee:	3c01      	subs	r4, #1
10001cf0:	9b03      	ldr	r3, [sp, #12]
10001cf2:	9a01      	ldr	r2, [sp, #4]
10001cf4:	189b      	adds	r3, r3, r2
10001cf6:	1b1b      	subs	r3, r3, r4
10001cf8:	9305      	str	r3, [sp, #20]
10001cfa:	2c00      	cmp	r4, #0
10001cfc:	dced      	bgt.n	10001cda <DrawChar+0x9a>
10001cfe:	e7d2      	b.n	10001ca6 <DrawChar+0x66>
10001d00:	b26b      	sxtb	r3, r5
10001d02:	2b00      	cmp	r3, #0
10001d04:	da06      	bge.n	10001d14 <DrawChar+0xd4>
10001d06:	9b02      	ldr	r3, [sp, #8]
10001d08:	9a04      	ldr	r2, [sp, #16]
10001d0a:	18f8      	adds	r0, r7, r3
10001d0c:	9905      	ldr	r1, [sp, #20]
10001d0e:	1b80      	subs	r0, r0, r6
10001d10:	f7ff ff84 	bl	10001c1c <DrawPoint>
10001d14:	006d      	lsls	r5, r5, #1
10001d16:	b2ed      	uxtb	r5, r5
10001d18:	3e01      	subs	r6, #1
10001d1a:	e7e6      	b.n	10001cea <DrawChar+0xaa>
10001d1c:	9c01      	ldr	r4, [sp, #4]
10001d1e:	e7e7      	b.n	10001cf0 <DrawChar+0xb0>
10001d20:	20000280 	.word	0x20000280
10001d24:	2000027c 	.word	0x2000027c
10001d28:	20000278 	.word	0x20000278
10001d2c:	20000978 	.word	0x20000978

10001d30 <DrawChar2>:
10001d30:	b5f0      	push	{r4, r5, r6, r7, lr}
10001d32:	b087      	sub	sp, #28
10001d34:	9300      	str	r3, [sp, #0]
10001d36:	4b47      	ldr	r3, [pc, #284]	@ (10001e54 <DrawChar2+0x124>)
10001d38:	4f47      	ldr	r7, [pc, #284]	@ (10001e58 <DrawChar2+0x128>)
10001d3a:	681b      	ldr	r3, [r3, #0]
10001d3c:	0014      	movs	r4, r2
10001d3e:	181b      	adds	r3, r3, r0
10001d40:	9301      	str	r3, [sp, #4]
10001d42:	683b      	ldr	r3, [r7, #0]
10001d44:	9102      	str	r1, [sp, #8]
10001d46:	9303      	str	r3, [sp, #12]
10001d48:	000b      	movs	r3, r1
10001d4a:	4313      	orrs	r3, r2
10001d4c:	d459      	bmi.n	10001e02 <DrawChar2+0xd2>
10001d4e:	25a0      	movs	r5, #160	@ 0xa0
10001d50:	4e42      	ldr	r6, [pc, #264]	@ (10001e5c <DrawChar2+0x12c>)
10001d52:	006d      	lsls	r5, r5, #1
10001d54:	6832      	ldr	r2, [r6, #0]
10001d56:	0052      	lsls	r2, r2, #1
10001d58:	1853      	adds	r3, r2, r1
10001d5a:	42ab      	cmp	r3, r5
10001d5c:	dc51      	bgt.n	10001e02 <DrawChar2+0xd2>
10001d5e:	9b03      	ldr	r3, [sp, #12]
10001d60:	005b      	lsls	r3, r3, #1
10001d62:	1919      	adds	r1, r3, r4
10001d64:	29f0      	cmp	r1, #240	@ 0xf0
10001d66:	dc4c      	bgt.n	10001e02 <DrawChar2+0xd2>
10001d68:	0021      	movs	r1, r4
10001d6a:	436c      	muls	r4, r5
10001d6c:	9802      	ldr	r0, [sp, #8]
10001d6e:	f001 fe29 	bl	100039c4 <DispDirtyRect>
10001d72:	9b02      	ldr	r3, [sp, #8]
10001d74:	6831      	ldr	r1, [r6, #0]
10001d76:	18e4      	adds	r4, r4, r3
10001d78:	4b39      	ldr	r3, [pc, #228]	@ (10001e60 <DrawChar2+0x130>)
10001d7a:	0064      	lsls	r4, r4, #1
10001d7c:	1a6d      	subs	r5, r5, r1
10001d7e:	18e4      	adds	r4, r4, r3
10001d80:	00ab      	lsls	r3, r5, #2
10001d82:	9302      	str	r3, [sp, #8]
10001d84:	43cb      	mvns	r3, r1
10001d86:	17db      	asrs	r3, r3, #31
10001d88:	400b      	ands	r3, r1
10001d8a:	009b      	lsls	r3, r3, #2
10001d8c:	9303      	str	r3, [sp, #12]
10001d8e:	23a0      	movs	r3, #160	@ 0xa0
10001d90:	009b      	lsls	r3, r3, #2
10001d92:	469c      	mov	ip, r3
10001d94:	6838      	ldr	r0, [r7, #0]
10001d96:	2800      	cmp	r0, #0
10001d98:	dc01      	bgt.n	10001d9e <DrawChar2+0x6e>
10001d9a:	b007      	add	sp, #28
10001d9c:	bdf0      	pop	{r4, r5, r6, r7, pc}
10001d9e:	9b01      	ldr	r3, [sp, #4]
10001da0:	000d      	movs	r5, r1
10001da2:	781a      	ldrb	r2, [r3, #0]
10001da4:	3301      	adds	r3, #1
10001da6:	33ff      	adds	r3, #255	@ 0xff
10001da8:	9301      	str	r3, [sp, #4]
10001daa:	0023      	movs	r3, r4
10001dac:	2d00      	cmp	r5, #0
10001dae:	dc05      	bgt.n	10001dbc <DrawChar2+0x8c>
10001db0:	9b03      	ldr	r3, [sp, #12]
10001db2:	3801      	subs	r0, #1
10001db4:	18e4      	adds	r4, r4, r3
10001db6:	9b02      	ldr	r3, [sp, #8]
10001db8:	18e4      	adds	r4, r4, r3
10001dba:	e7ec      	b.n	10001d96 <DrawChar2+0x66>
10001dbc:	b256      	sxtb	r6, r2
10001dbe:	2e00      	cmp	r6, #0
10001dc0:	da08      	bge.n	10001dd4 <DrawChar2+0xa4>
10001dc2:	9e00      	ldr	r6, [sp, #0]
10001dc4:	9f00      	ldr	r7, [sp, #0]
10001dc6:	801e      	strh	r6, [r3, #0]
10001dc8:	805e      	strh	r6, [r3, #2]
10001dca:	4666      	mov	r6, ip
10001dcc:	539f      	strh	r7, [r3, r6]
10001dce:	003e      	movs	r6, r7
10001dd0:	4f24      	ldr	r7, [pc, #144]	@ (10001e64 <DrawChar2+0x134>)
10001dd2:	53de      	strh	r6, [r3, r7]
10001dd4:	0052      	lsls	r2, r2, #1
10001dd6:	3304      	adds	r3, #4
10001dd8:	b2d2      	uxtb	r2, r2
10001dda:	3d01      	subs	r5, #1
10001ddc:	e7e6      	b.n	10001dac <DrawChar2+0x7c>
10001dde:	9b01      	ldr	r3, [sp, #4]
10001de0:	9d02      	ldr	r5, [sp, #8]
10001de2:	781b      	ldrb	r3, [r3, #0]
10001de4:	9304      	str	r3, [sp, #16]
10001de6:	9b01      	ldr	r3, [sp, #4]
10001de8:	3301      	adds	r3, #1
10001dea:	33ff      	adds	r3, #255	@ 0xff
10001dec:	9301      	str	r3, [sp, #4]
10001dee:	4b1b      	ldr	r3, [pc, #108]	@ (10001e5c <DrawChar2+0x12c>)
10001df0:	681b      	ldr	r3, [r3, #0]
10001df2:	9305      	str	r3, [sp, #20]
10001df4:	9b05      	ldr	r3, [sp, #20]
10001df6:	2b00      	cmp	r3, #0
10001df8:	dc07      	bgt.n	10001e0a <DrawChar2+0xda>
10001dfa:	9b03      	ldr	r3, [sp, #12]
10001dfc:	3402      	adds	r4, #2
10001dfe:	3b01      	subs	r3, #1
10001e00:	9303      	str	r3, [sp, #12]
10001e02:	9b03      	ldr	r3, [sp, #12]
10001e04:	2b00      	cmp	r3, #0
10001e06:	dcea      	bgt.n	10001dde <DrawChar2+0xae>
10001e08:	e7c7      	b.n	10001d9a <DrawChar2+0x6a>
10001e0a:	466b      	mov	r3, sp
10001e0c:	7c1b      	ldrb	r3, [r3, #16]
10001e0e:	b25b      	sxtb	r3, r3
10001e10:	2b00      	cmp	r3, #0
10001e12:	da15      	bge.n	10001e40 <DrawChar2+0x110>
10001e14:	0021      	movs	r1, r4
10001e16:	0028      	movs	r0, r5
10001e18:	9a00      	ldr	r2, [sp, #0]
10001e1a:	1c6e      	adds	r6, r5, #1
10001e1c:	f7ff fefe 	bl	10001c1c <DrawPoint>
10001e20:	1c67      	adds	r7, r4, #1
10001e22:	0021      	movs	r1, r4
10001e24:	0030      	movs	r0, r6
10001e26:	9a00      	ldr	r2, [sp, #0]
10001e28:	f7ff fef8 	bl	10001c1c <DrawPoint>
10001e2c:	0039      	movs	r1, r7
10001e2e:	0028      	movs	r0, r5
10001e30:	9a00      	ldr	r2, [sp, #0]
10001e32:	f7ff fef3 	bl	10001c1c <DrawPoint>
10001e36:	0039      	movs	r1, r7
10001e38:	0030      	movs	r0, r6
10001e3a:	9a00      	ldr	r2, [sp, #0]
10001e3c:	f7ff feee 	bl	10001c1c <DrawPoint>
10001e40:	9b04      	ldr	r3, [sp, #16]
10001e42:	3502      	adds	r5, #2
10001e44:	005b      	lsls	r3, r3, #1
10001e46:	b2db      	uxtb	r3, r3
10001e48:	9304      	str	r3, [sp, #16]
10001e4a:	9b05      	ldr	r3, [sp, #20]
10001e4c:	3b01      	subs	r3, #1
10001e4e:	9305      	str	r3, [sp, #20]
10001e50:	e7d0      	b.n	10001df4 <DrawChar2+0xc4>
10001e52:	46c0      	nop			@ (mov r8, r8)
10001e54:	20000280 	.word	0x20000280
10001e58:	2000027c 	.word	0x2000027c
10001e5c:	20000278 	.word	0x20000278
10001e60:	20000978 	.word	0x20000978
10001e64:	00000282 	.word	0x00000282

10001e68 <DrawCharBg>:
10001e68:	b5f0      	push	{r4, r5, r6, r7, lr}
10001e6a:	b089      	sub	sp, #36	@ 0x24
10001e6c:	9305      	str	r3, [sp, #20]
10001e6e:	ab0e      	add	r3, sp, #56	@ 0x38
10001e70:	881b      	ldrh	r3, [r3, #0]
10001e72:	4f39      	ldr	r7, [pc, #228]	@ (10001f58 <DrawCharBg+0xf0>)
10001e74:	9306      	str	r3, [sp, #24]
10001e76:	4b39      	ldr	r3, [pc, #228]	@ (10001f5c <DrawCharBg+0xf4>)
10001e78:	9103      	str	r1, [sp, #12]
10001e7a:	681b      	ldr	r3, [r3, #0]
10001e7c:	9204      	str	r2, [sp, #16]
10001e7e:	181b      	adds	r3, r3, r0
10001e80:	9301      	str	r3, [sp, #4]
10001e82:	683b      	ldr	r3, [r7, #0]
10001e84:	9302      	str	r3, [sp, #8]
10001e86:	000b      	movs	r3, r1
10001e88:	4313      	orrs	r3, r2
10001e8a:	d462      	bmi.n	10001f52 <DrawCharBg+0xea>
10001e8c:	25a0      	movs	r5, #160	@ 0xa0
10001e8e:	4e34      	ldr	r6, [pc, #208]	@ (10001f60 <DrawCharBg+0xf8>)
10001e90:	006d      	lsls	r5, r5, #1
10001e92:	6832      	ldr	r2, [r6, #0]
10001e94:	1853      	adds	r3, r2, r1
10001e96:	42ab      	cmp	r3, r5
10001e98:	dc5b      	bgt.n	10001f52 <DrawCharBg+0xea>
10001e9a:	9902      	ldr	r1, [sp, #8]
10001e9c:	9b04      	ldr	r3, [sp, #16]
10001e9e:	000c      	movs	r4, r1
10001ea0:	185b      	adds	r3, r3, r1
10001ea2:	2bf0      	cmp	r3, #240	@ 0xf0
10001ea4:	dc41      	bgt.n	10001f2a <DrawCharBg+0xc2>
10001ea6:	000b      	movs	r3, r1
10001ea8:	9803      	ldr	r0, [sp, #12]
10001eaa:	9904      	ldr	r1, [sp, #16]
10001eac:	f001 fd8a 	bl	100039c4 <DispDirtyRect>
10001eb0:	9b04      	ldr	r3, [sp, #16]
10001eb2:	9a03      	ldr	r2, [sp, #12]
10001eb4:	436b      	muls	r3, r5
10001eb6:	6831      	ldr	r1, [r6, #0]
10001eb8:	189b      	adds	r3, r3, r2
10001eba:	4a2a      	ldr	r2, [pc, #168]	@ (10001f64 <DrawCharBg+0xfc>)
10001ebc:	005b      	lsls	r3, r3, #1
10001ebe:	1a6d      	subs	r5, r5, r1
10001ec0:	189b      	adds	r3, r3, r2
10001ec2:	006a      	lsls	r2, r5, #1
10001ec4:	9202      	str	r2, [sp, #8]
10001ec6:	43ca      	mvns	r2, r1
10001ec8:	17d2      	asrs	r2, r2, #31
10001eca:	400a      	ands	r2, r1
10001ecc:	0052      	lsls	r2, r2, #1
10001ece:	4694      	mov	ip, r2
10001ed0:	6838      	ldr	r0, [r7, #0]
10001ed2:	2800      	cmp	r0, #0
10001ed4:	dc01      	bgt.n	10001eda <DrawCharBg+0x72>
10001ed6:	b009      	add	sp, #36	@ 0x24
10001ed8:	bdf0      	pop	{r4, r5, r6, r7, pc}
10001eda:	9c01      	ldr	r4, [sp, #4]
10001edc:	9a01      	ldr	r2, [sp, #4]
10001ede:	3401      	adds	r4, #1
10001ee0:	34ff      	adds	r4, #255	@ 0xff
10001ee2:	9401      	str	r4, [sp, #4]
10001ee4:	001d      	movs	r5, r3
10001ee6:	000c      	movs	r4, r1
10001ee8:	7812      	ldrb	r2, [r2, #0]
10001eea:	2c00      	cmp	r4, #0
10001eec:	dc04      	bgt.n	10001ef8 <DrawCharBg+0x90>
10001eee:	9a02      	ldr	r2, [sp, #8]
10001ef0:	4463      	add	r3, ip
10001ef2:	189b      	adds	r3, r3, r2
10001ef4:	3801      	subs	r0, #1
10001ef6:	e7ec      	b.n	10001ed2 <DrawCharBg+0x6a>
10001ef8:	b256      	sxtb	r6, r2
10001efa:	9f06      	ldr	r7, [sp, #24]
10001efc:	2e00      	cmp	r6, #0
10001efe:	da00      	bge.n	10001f02 <DrawCharBg+0x9a>
10001f00:	9f05      	ldr	r7, [sp, #20]
10001f02:	0052      	lsls	r2, r2, #1
10001f04:	802f      	strh	r7, [r5, #0]
10001f06:	b2d2      	uxtb	r2, r2
10001f08:	3c01      	subs	r4, #1
10001f0a:	3502      	adds	r5, #2
10001f0c:	e7ed      	b.n	10001eea <DrawCharBg+0x82>
10001f0e:	9b01      	ldr	r3, [sp, #4]
10001f10:	781d      	ldrb	r5, [r3, #0]
10001f12:	3301      	adds	r3, #1
10001f14:	33ff      	adds	r3, #255	@ 0xff
10001f16:	9301      	str	r3, [sp, #4]
10001f18:	4b11      	ldr	r3, [pc, #68]	@ (10001f60 <DrawCharBg+0xf8>)
10001f1a:	681f      	ldr	r7, [r3, #0]
10001f1c:	003e      	movs	r6, r7
10001f1e:	9b03      	ldr	r3, [sp, #12]
10001f20:	19d8      	adds	r0, r3, r7
10001f22:	1b80      	subs	r0, r0, r6
10001f24:	2e00      	cmp	r6, #0
10001f26:	dc08      	bgt.n	10001f3a <DrawCharBg+0xd2>
10001f28:	3c01      	subs	r4, #1
10001f2a:	9b04      	ldr	r3, [sp, #16]
10001f2c:	9a02      	ldr	r2, [sp, #8]
10001f2e:	189b      	adds	r3, r3, r2
10001f30:	1b1b      	subs	r3, r3, r4
10001f32:	9307      	str	r3, [sp, #28]
10001f34:	2c00      	cmp	r4, #0
10001f36:	dcea      	bgt.n	10001f0e <DrawCharBg+0xa6>
10001f38:	e7cd      	b.n	10001ed6 <DrawCharBg+0x6e>
10001f3a:	b26b      	sxtb	r3, r5
10001f3c:	9a06      	ldr	r2, [sp, #24]
10001f3e:	2b00      	cmp	r3, #0
10001f40:	da00      	bge.n	10001f44 <DrawCharBg+0xdc>
10001f42:	9a05      	ldr	r2, [sp, #20]
10001f44:	9907      	ldr	r1, [sp, #28]
10001f46:	006d      	lsls	r5, r5, #1
10001f48:	f7ff fe68 	bl	10001c1c <DrawPoint>
10001f4c:	b2ed      	uxtb	r5, r5
10001f4e:	3e01      	subs	r6, #1
10001f50:	e7e5      	b.n	10001f1e <DrawCharBg+0xb6>
10001f52:	9c02      	ldr	r4, [sp, #8]
10001f54:	e7e9      	b.n	10001f2a <DrawCharBg+0xc2>
10001f56:	46c0      	nop			@ (mov r8, r8)
10001f58:	2000027c 	.word	0x2000027c
10001f5c:	20000280 	.word	0x20000280
10001f60:	20000278 	.word	0x20000278
10001f64:	20000978 	.word	0x20000978

10001f68 <DrawCharBg2>:
10001f68:	b5f0      	push	{r4, r5, r6, r7, lr}
10001f6a:	b089      	sub	sp, #36	@ 0x24
10001f6c:	9306      	str	r3, [sp, #24]
10001f6e:	ab0e      	add	r3, sp, #56	@ 0x38
10001f70:	881b      	ldrh	r3, [r3, #0]
10001f72:	4f49      	ldr	r7, [pc, #292]	@ (10002098 <DrawCharBg2+0x130>)
10001f74:	9307      	str	r3, [sp, #28]
10001f76:	4b49      	ldr	r3, [pc, #292]	@ (1000209c <DrawCharBg2+0x134>)
10001f78:	0014      	movs	r4, r2
10001f7a:	681b      	ldr	r3, [r3, #0]
10001f7c:	9102      	str	r1, [sp, #8]
10001f7e:	181b      	adds	r3, r3, r0
10001f80:	9301      	str	r3, [sp, #4]
10001f82:	683b      	ldr	r3, [r7, #0]
10001f84:	9303      	str	r3, [sp, #12]
10001f86:	000b      	movs	r3, r1
10001f88:	4313      	orrs	r3, r2
10001f8a:	d45b      	bmi.n	10002044 <DrawCharBg2+0xdc>
10001f8c:	25a0      	movs	r5, #160	@ 0xa0
10001f8e:	4e44      	ldr	r6, [pc, #272]	@ (100020a0 <DrawCharBg2+0x138>)
10001f90:	006d      	lsls	r5, r5, #1
10001f92:	6832      	ldr	r2, [r6, #0]
10001f94:	0052      	lsls	r2, r2, #1
10001f96:	1853      	adds	r3, r2, r1
10001f98:	42ab      	cmp	r3, r5
10001f9a:	dc53      	bgt.n	10002044 <DrawCharBg2+0xdc>
10001f9c:	9b03      	ldr	r3, [sp, #12]
10001f9e:	005b      	lsls	r3, r3, #1
10001fa0:	1919      	adds	r1, r3, r4
10001fa2:	29f0      	cmp	r1, #240	@ 0xf0
10001fa4:	dc4e      	bgt.n	10002044 <DrawCharBg2+0xdc>
10001fa6:	0021      	movs	r1, r4
10001fa8:	436c      	muls	r4, r5
10001faa:	9802      	ldr	r0, [sp, #8]
10001fac:	f001 fd0a 	bl	100039c4 <DispDirtyRect>
10001fb0:	9b02      	ldr	r3, [sp, #8]
10001fb2:	6831      	ldr	r1, [r6, #0]
10001fb4:	18e4      	adds	r4, r4, r3
10001fb6:	4b3b      	ldr	r3, [pc, #236]	@ (100020a4 <DrawCharBg2+0x13c>)
10001fb8:	0064      	lsls	r4, r4, #1
10001fba:	1a6d      	subs	r5, r5, r1
10001fbc:	18e4      	adds	r4, r4, r3
10001fbe:	00ab      	lsls	r3, r5, #2
10001fc0:	9302      	str	r3, [sp, #8]
10001fc2:	43cb      	mvns	r3, r1
10001fc4:	17db      	asrs	r3, r3, #31
10001fc6:	400b      	ands	r3, r1
10001fc8:	009b      	lsls	r3, r3, #2
10001fca:	683f      	ldr	r7, [r7, #0]
10001fcc:	9303      	str	r3, [sp, #12]
10001fce:	2f00      	cmp	r7, #0
10001fd0:	dc01      	bgt.n	10001fd6 <DrawCharBg2+0x6e>
10001fd2:	b009      	add	sp, #36	@ 0x24
10001fd4:	bdf0      	pop	{r4, r5, r6, r7, pc}
10001fd6:	9a01      	ldr	r2, [sp, #4]
10001fd8:	9b01      	ldr	r3, [sp, #4]
10001fda:	3201      	adds	r2, #1
10001fdc:	32ff      	adds	r2, #255	@ 0xff
10001fde:	9201      	str	r2, [sp, #4]
10001fe0:	22a0      	movs	r2, #160	@ 0xa0
10001fe2:	0020      	movs	r0, r4
10001fe4:	468c      	mov	ip, r1
10001fe6:	0092      	lsls	r2, r2, #2
10001fe8:	781b      	ldrb	r3, [r3, #0]
10001fea:	18a5      	adds	r5, r4, r2
10001fec:	4662      	mov	r2, ip
10001fee:	2a00      	cmp	r2, #0
10001ff0:	dc05      	bgt.n	10001ffe <DrawCharBg2+0x96>
10001ff2:	9b03      	ldr	r3, [sp, #12]
10001ff4:	3f01      	subs	r7, #1
10001ff6:	18e4      	adds	r4, r4, r3
10001ff8:	9b02      	ldr	r3, [sp, #8]
10001ffa:	18e4      	adds	r4, r4, r3
10001ffc:	e7e7      	b.n	10001fce <DrawCharBg2+0x66>
10001ffe:	b25e      	sxtb	r6, r3
10002000:	9a07      	ldr	r2, [sp, #28]
10002002:	2e00      	cmp	r6, #0
10002004:	da00      	bge.n	10002008 <DrawCharBg2+0xa0>
10002006:	9a06      	ldr	r2, [sp, #24]
10002008:	8002      	strh	r2, [r0, #0]
1000200a:	8042      	strh	r2, [r0, #2]
1000200c:	802a      	strh	r2, [r5, #0]
1000200e:	806a      	strh	r2, [r5, #2]
10002010:	2201      	movs	r2, #1
10002012:	005b      	lsls	r3, r3, #1
10002014:	4252      	negs	r2, r2
10002016:	3004      	adds	r0, #4
10002018:	b2db      	uxtb	r3, r3
1000201a:	4494      	add	ip, r2
1000201c:	3504      	adds	r5, #4
1000201e:	e7e5      	b.n	10001fec <DrawCharBg2+0x84>
10002020:	9b01      	ldr	r3, [sp, #4]
10002022:	9f02      	ldr	r7, [sp, #8]
10002024:	781b      	ldrb	r3, [r3, #0]
10002026:	9304      	str	r3, [sp, #16]
10002028:	9b01      	ldr	r3, [sp, #4]
1000202a:	3301      	adds	r3, #1
1000202c:	33ff      	adds	r3, #255	@ 0xff
1000202e:	9301      	str	r3, [sp, #4]
10002030:	4b1b      	ldr	r3, [pc, #108]	@ (100020a0 <DrawCharBg2+0x138>)
10002032:	681b      	ldr	r3, [r3, #0]
10002034:	9305      	str	r3, [sp, #20]
10002036:	9b05      	ldr	r3, [sp, #20]
10002038:	2b00      	cmp	r3, #0
1000203a:	dc07      	bgt.n	1000204c <DrawCharBg2+0xe4>
1000203c:	9b03      	ldr	r3, [sp, #12]
1000203e:	3402      	adds	r4, #2
10002040:	3b01      	subs	r3, #1
10002042:	9303      	str	r3, [sp, #12]
10002044:	9b03      	ldr	r3, [sp, #12]
10002046:	2b00      	cmp	r3, #0
10002048:	dcea      	bgt.n	10002020 <DrawCharBg2+0xb8>
1000204a:	e7c2      	b.n	10001fd2 <DrawCharBg2+0x6a>
1000204c:	466b      	mov	r3, sp
1000204e:	7c1b      	ldrb	r3, [r3, #16]
10002050:	9d07      	ldr	r5, [sp, #28]
10002052:	b25b      	sxtb	r3, r3
10002054:	2b00      	cmp	r3, #0
10002056:	da00      	bge.n	1000205a <DrawCharBg2+0xf2>
10002058:	9d06      	ldr	r5, [sp, #24]
1000205a:	0038      	movs	r0, r7
1000205c:	002a      	movs	r2, r5
1000205e:	0021      	movs	r1, r4
10002060:	f7ff fddc 	bl	10001c1c <DrawPoint>
10002064:	1c66      	adds	r6, r4, #1
10002066:	1c78      	adds	r0, r7, #1
10002068:	002a      	movs	r2, r5
1000206a:	0021      	movs	r1, r4
1000206c:	f7ff fdd6 	bl	10001c1c <DrawPoint>
10002070:	0038      	movs	r0, r7
10002072:	002a      	movs	r2, r5
10002074:	0031      	movs	r1, r6
10002076:	f7ff fdd1 	bl	10001c1c <DrawPoint>
1000207a:	1c78      	adds	r0, r7, #1
1000207c:	002a      	movs	r2, r5
1000207e:	0031      	movs	r1, r6
10002080:	f7ff fdcc 	bl	10001c1c <DrawPoint>
10002084:	9b04      	ldr	r3, [sp, #16]
10002086:	3702      	adds	r7, #2
10002088:	005b      	lsls	r3, r3, #1
1000208a:	b2db      	uxtb	r3, r3
1000208c:	9304      	str	r3, [sp, #16]
1000208e:	9b05      	ldr	r3, [sp, #20]
10002090:	3b01      	subs	r3, #1
10002092:	9305      	str	r3, [sp, #20]
10002094:	e7cf      	b.n	10002036 <DrawCharBg2+0xce>
10002096:	46c0      	nop			@ (mov r8, r8)
10002098:	2000027c 	.word	0x2000027c
1000209c:	20000280 	.word	0x20000280
100020a0:	20000278 	.word	0x20000278
100020a4:	20000978 	.word	0x20000978

100020a8 <DrawText>:
100020a8:	b5f8      	push	{r3, r4, r5, r6, r7, lr}
100020aa:	000c      	movs	r4, r1
100020ac:	0016      	movs	r6, r2
100020ae:	001f      	movs	r7, r3
100020b0:	0005      	movs	r5, r0
100020b2:	3501      	adds	r5, #1
100020b4:	1e6b      	subs	r3, r5, #1
100020b6:	7818      	ldrb	r0, [r3, #0]
100020b8:	2800      	cmp	r0, #0
100020ba:	d008      	beq.n	100020ce <DrawText+0x26>
100020bc:	003b      	movs	r3, r7
100020be:	0021      	movs	r1, r4
100020c0:	0032      	movs	r2, r6
100020c2:	f7ff fdbd 	bl	10001c40 <DrawChar>
100020c6:	4b02      	ldr	r3, [pc, #8]	@ (100020d0 <DrawText+0x28>)
100020c8:	681b      	ldr	r3, [r3, #0]
100020ca:	18e4      	adds	r4, r4, r3
100020cc:	e7f1      	b.n	100020b2 <DrawText+0xa>
100020ce:	bdf8      	pop	{r3, r4, r5, r6, r7, pc}
100020d0:	20000278 	.word	0x20000278

100020d4 <DrawText2>:
100020d4:	b5f8      	push	{r3, r4, r5, r6, r7, lr}
100020d6:	000c      	movs	r4, r1
100020d8:	0016      	movs	r6, r2
100020da:	001f      	movs	r7, r3
100020dc:	0005      	movs	r5, r0
100020de:	3501      	adds	r5, #1
100020e0:	1e6b      	subs	r3, r5, #1
100020e2:	7818      	ldrb	r0, [r3, #0]
100020e4:	2800      	cmp	r0, #0
100020e6:	d009      	beq.n	100020fc <DrawText2+0x28>
100020e8:	003b      	movs	r3, r7
100020ea:	0021      	movs	r1, r4
100020ec:	0032      	movs	r2, r6
100020ee:	f7ff fe1f 	bl	10001d30 <DrawChar2>
100020f2:	4b03      	ldr	r3, [pc, #12]	@ (10002100 <DrawText2+0x2c>)
100020f4:	681b      	ldr	r3, [r3, #0]
100020f6:	005b      	lsls	r3, r3, #1
100020f8:	18e4      	adds	r4, r4, r3
100020fa:	e7f0      	b.n	100020de <DrawText2+0xa>
100020fc:	bdf8      	pop	{r3, r4, r5, r6, r7, pc}
100020fe:	46c0      	nop			@ (mov r8, r8)
10002100:	20000278 	.word	0x20000278

10002104 <DrawTextBg>:
10002104:	b5f0      	push	{r4, r5, r6, r7, lr}
10002106:	000c      	movs	r4, r1
10002108:	0005      	movs	r5, r0
1000210a:	b085      	sub	sp, #20
1000210c:	001e      	movs	r6, r3
1000210e:	ab0a      	add	r3, sp, #40	@ 0x28
10002110:	881f      	ldrh	r7, [r3, #0]
10002112:	9203      	str	r2, [sp, #12]
10002114:	3501      	adds	r5, #1
10002116:	1e6b      	subs	r3, r5, #1
10002118:	7818      	ldrb	r0, [r3, #0]
1000211a:	2800      	cmp	r0, #0
1000211c:	d009      	beq.n	10002132 <DrawTextBg+0x2e>
1000211e:	0033      	movs	r3, r6
10002120:	0021      	movs	r1, r4
10002122:	9a03      	ldr	r2, [sp, #12]
10002124:	9700      	str	r7, [sp, #0]
10002126:	f7ff fe9f 	bl	10001e68 <DrawCharBg>
1000212a:	4b03      	ldr	r3, [pc, #12]	@ (10002138 <DrawTextBg+0x34>)
1000212c:	681b      	ldr	r3, [r3, #0]
1000212e:	18e4      	adds	r4, r4, r3
10002130:	e7f0      	b.n	10002114 <DrawTextBg+0x10>
10002132:	b005      	add	sp, #20
10002134:	bdf0      	pop	{r4, r5, r6, r7, pc}
10002136:	46c0      	nop			@ (mov r8, r8)
10002138:	20000278 	.word	0x20000278

1000213c <DrawTextBg2>:
1000213c:	b5f0      	push	{r4, r5, r6, r7, lr}
1000213e:	000c      	movs	r4, r1
10002140:	0005      	movs	r5, r0
10002142:	b085      	sub	sp, #20
10002144:	001e      	movs	r6, r3
10002146:	ab0a      	add	r3, sp, #40	@ 0x28
10002148:	881f      	ldrh	r7, [r3, #0]
1000214a:	9203      	str	r2, [sp, #12]
1000214c:	3501      	adds	r5, #1
1000214e:	1e6b      	subs	r3, r5, #1
10002150:	7818      	ldrb	r0, [r3, #0]
10002152:	2800      	cmp	r0, #0
10002154:	d00a      	beq.n	1000216c <DrawTextBg2+0x30>
10002156:	0033      	movs	r3, r6
10002158:	0021      	movs	r1, r4
1000215a:	9a03      	ldr	r2, [sp, #12]
1000215c:	9700      	str	r7, [sp, #0]
1000215e:	f7ff ff03 	bl	10001f68 <DrawCharBg2>
10002162:	4b03      	ldr	r3, [pc, #12]	@ (10002170 <DrawTextBg2+0x34>)
10002164:	681b      	ldr	r3, [r3, #0]
10002166:	005b      	lsls	r3, r3, #1
10002168:	18e4      	adds	r4, r4, r3
1000216a:	e7ef      	b.n	1000214c <DrawTextBg2+0x10>
1000216c:	b005      	add	sp, #20
1000216e:	bdf0      	pop	{r4, r5, r6, r7, pc}
10002170:	20000278 	.word	0x20000278

10002174 <Disk_ClustValid>:
10002174:	2300      	movs	r3, #0
10002176:	2801      	cmp	r0, #1
10002178:	d904      	bls.n	10002184 <Disk_ClustValid+0x10>
1000217a:	4b03      	ldr	r3, [pc, #12]	@ (10002188 <Disk_ClustValid+0x14>)
1000217c:	681b      	ldr	r3, [r3, #0]
1000217e:	4298      	cmp	r0, r3
10002180:	419b      	sbcs	r3, r3
10002182:	425b      	negs	r3, r3
10002184:	b2d8      	uxtb	r0, r3
10002186:	4770      	bx	lr
10002188:	200008f4 	.word	0x200008f4

1000218c <Disk_CompFATName>:
1000218c:	4b08      	ldr	r3, [pc, #32]	@ (100021b0 <Disk_CompFATName+0x24>)
1000218e:	0089      	lsls	r1, r1, #2
10002190:	58c9      	ldr	r1, [r1, r3]
10002192:	2300      	movs	r3, #0
10002194:	b510      	push	{r4, lr}
10002196:	5cca      	ldrb	r2, [r1, r3]
10002198:	2a00      	cmp	r2, #0
1000219a:	d005      	beq.n	100021a8 <Disk_CompFATName+0x1c>
1000219c:	5cc4      	ldrb	r4, [r0, r3]
1000219e:	4294      	cmp	r4, r2
100021a0:	d104      	bne.n	100021ac <Disk_CompFATName+0x20>
100021a2:	3301      	adds	r3, #1
100021a4:	2b05      	cmp	r3, #5
100021a6:	d1f6      	bne.n	10002196 <Disk_CompFATName+0xa>
100021a8:	2001      	movs	r0, #1
100021aa:	bd10      	pop	{r4, pc}
100021ac:	2000      	movs	r0, #0
100021ae:	e7fc      	b.n	100021aa <Disk_CompFATName+0x1e>
100021b0:	100056dc 	.word	0x100056dc

100021b4 <Disk_ClustSect>:
100021b4:	b510      	push	{r4, lr}
100021b6:	0004      	movs	r4, r0
100021b8:	f7ff ffdc 	bl	10002174 <Disk_ClustValid>
100021bc:	2800      	cmp	r0, #0
100021be:	d006      	beq.n	100021ce <Disk_ClustSect+0x1a>
100021c0:	4b03      	ldr	r3, [pc, #12]	@ (100021d0 <Disk_ClustSect+0x1c>)
100021c2:	3c02      	subs	r4, #2
100021c4:	781b      	ldrb	r3, [r3, #0]
100021c6:	435c      	muls	r4, r3
100021c8:	4b02      	ldr	r3, [pc, #8]	@ (100021d4 <Disk_ClustSect+0x20>)
100021ca:	6818      	ldr	r0, [r3, #0]
100021cc:	1820      	adds	r0, r4, r0
100021ce:	bd10      	pop	{r4, pc}
100021d0:	200365fa 	.word	0x200365fa
100021d4:	20000698 	.word	0x20000698

100021d8 <Disk_LoadStartClust>:
100021d8:	4b07      	ldr	r3, [pc, #28]	@ (100021f8 <Disk_LoadStartClust+0x20>)
100021da:	7e81      	ldrb	r1, [r0, #26]
100021dc:	0002      	movs	r2, r0
100021de:	7ec0      	ldrb	r0, [r0, #27]
100021e0:	781b      	ldrb	r3, [r3, #0]
100021e2:	0200      	lsls	r0, r0, #8
100021e4:	4308      	orrs	r0, r1
100021e6:	2b03      	cmp	r3, #3
100021e8:	d105      	bne.n	100021f6 <Disk_LoadStartClust+0x1e>
100021ea:	7d53      	ldrb	r3, [r2, #21]
100021ec:	7d11      	ldrb	r1, [r2, #20]
100021ee:	021b      	lsls	r3, r3, #8
100021f0:	430b      	orrs	r3, r1
100021f2:	041b      	lsls	r3, r3, #16
100021f4:	4318      	orrs	r0, r3
100021f6:	4770      	bx	lr
100021f8:	2003660c 	.word	0x2003660c

100021fc <Disk_SaveStartClust>:
100021fc:	b28b      	uxth	r3, r1
100021fe:	0a1b      	lsrs	r3, r3, #8
10002200:	76c3      	strb	r3, [r0, #27]
10002202:	4b05      	ldr	r3, [pc, #20]	@ (10002218 <Disk_SaveStartClust+0x1c>)
10002204:	7681      	strb	r1, [r0, #26]
10002206:	781b      	ldrb	r3, [r3, #0]
10002208:	2b03      	cmp	r3, #3
1000220a:	d103      	bne.n	10002214 <Disk_SaveStartClust+0x18>
1000220c:	0c09      	lsrs	r1, r1, #16
1000220e:	7501      	strb	r1, [r0, #20]
10002210:	0a09      	lsrs	r1, r1, #8
10002212:	7541      	strb	r1, [r0, #21]
10002214:	4770      	bx	lr
10002216:	46c0      	nop			@ (mov r8, r8)
10002218:	2003660c 	.word	0x2003660c

1000221c <Disk_GetFileInfo>:
1000221c:	2300      	movs	r3, #0
1000221e:	b530      	push	{r4, r5, lr}
10002220:	720b      	strb	r3, [r1, #8]
10002222:	754b      	strb	r3, [r1, #21]
10002224:	6a84      	ldr	r4, [r0, #40]	@ 0x28
10002226:	0002      	movs	r2, r0
10002228:	0020      	movs	r0, r4
1000222a:	429c      	cmp	r4, r3
1000222c:	d03e      	beq.n	100022ac <Disk_GetFileInfo+0x90>
1000222e:	0018      	movs	r0, r3
10002230:	001c      	movs	r4, r3
10002232:	68d2      	ldr	r2, [r2, #12]
10002234:	0003      	movs	r3, r0
10002236:	5d10      	ldrb	r0, [r2, r4]
10002238:	2820      	cmp	r0, #32
1000223a:	d003      	beq.n	10002244 <Disk_GetFileInfo+0x28>
1000223c:	1c5d      	adds	r5, r3, #1
1000223e:	18cb      	adds	r3, r1, r3
10002240:	7218      	strb	r0, [r3, #8]
10002242:	b2eb      	uxtb	r3, r5
10002244:	b2e0      	uxtb	r0, r4
10002246:	2807      	cmp	r0, #7
10002248:	d106      	bne.n	10002258 <Disk_GetFileInfo+0x3c>
1000224a:	242e      	movs	r4, #46	@ 0x2e
1000224c:	1c58      	adds	r0, r3, #1
1000224e:	18cb      	adds	r3, r1, r3
10002250:	721c      	strb	r4, [r3, #8]
10002252:	b2c0      	uxtb	r0, r0
10002254:	3c26      	subs	r4, #38	@ 0x26
10002256:	e7ed      	b.n	10002234 <Disk_GetFileInfo+0x18>
10002258:	3401      	adds	r4, #1
1000225a:	b2e0      	uxtb	r0, r4
1000225c:	280b      	cmp	r0, #11
1000225e:	d1ea      	bne.n	10002236 <Disk_GetFileInfo+0x1a>
10002260:	2b00      	cmp	r3, #0
10002262:	d005      	beq.n	10002270 <Disk_GetFileInfo+0x54>
10002264:	18c8      	adds	r0, r1, r3
10002266:	79c0      	ldrb	r0, [r0, #7]
10002268:	282e      	cmp	r0, #46	@ 0x2e
1000226a:	d101      	bne.n	10002270 <Disk_GetFileInfo+0x54>
1000226c:	3b01      	subs	r3, #1
1000226e:	b2db      	uxtb	r3, r3
10002270:	2400      	movs	r4, #0
10002272:	18c8      	adds	r0, r1, r3
10002274:	7204      	strb	r4, [r0, #8]
10002276:	754b      	strb	r3, [r1, #21]
10002278:	7f53      	ldrb	r3, [r2, #29]
1000227a:	7f10      	ldrb	r0, [r2, #28]
1000227c:	021b      	lsls	r3, r3, #8
1000227e:	4303      	orrs	r3, r0
10002280:	7f90      	ldrb	r0, [r2, #30]
10002282:	0400      	lsls	r0, r0, #16
10002284:	4318      	orrs	r0, r3
10002286:	7fd3      	ldrb	r3, [r2, #31]
10002288:	061b      	lsls	r3, r3, #24
1000228a:	4303      	orrs	r3, r0
1000228c:	600b      	str	r3, [r1, #0]
1000228e:	7dd3      	ldrb	r3, [r2, #23]
10002290:	7d90      	ldrb	r0, [r2, #22]
10002292:	021b      	lsls	r3, r3, #8
10002294:	4303      	orrs	r3, r0
10002296:	808b      	strh	r3, [r1, #4]
10002298:	7e53      	ldrb	r3, [r2, #25]
1000229a:	7e10      	ldrb	r0, [r2, #24]
1000229c:	021b      	lsls	r3, r3, #8
1000229e:	4303      	orrs	r3, r0
100022a0:	80cb      	strh	r3, [r1, #6]
100022a2:	7ad3      	ldrb	r3, [r2, #11]
100022a4:	223f      	movs	r2, #63	@ 0x3f
100022a6:	2001      	movs	r0, #1
100022a8:	4013      	ands	r3, r2
100022aa:	758b      	strb	r3, [r1, #22]
100022ac:	bd30      	pop	{r4, r5, pc}

100022ae <FileUpperCase>:
100022ae:	0003      	movs	r3, r0
100022b0:	3b61      	subs	r3, #97	@ 0x61
100022b2:	2b19      	cmp	r3, #25
100022b4:	d801      	bhi.n	100022ba <FileUpperCase+0xc>
100022b6:	3820      	subs	r0, #32
100022b8:	b2c0      	uxtb	r0, r0
100022ba:	4770      	bx	lr

100022bc <Disk_GetChar>:
100022bc:	0003      	movs	r3, r0
100022be:	6802      	ldr	r2, [r0, #0]
100022c0:	7810      	ldrb	r0, [r2, #0]
100022c2:	3201      	adds	r2, #1
100022c4:	601a      	str	r2, [r3, #0]
100022c6:	0003      	movs	r3, r0
100022c8:	3b61      	subs	r3, #97	@ 0x61
100022ca:	2b19      	cmp	r3, #25
100022cc:	d801      	bhi.n	100022d2 <Disk_GetChar+0x16>
100022ce:	3820      	subs	r0, #32
100022d0:	b2c0      	uxtb	r0, r0
100022d2:	4770      	bx	lr

100022d4 <Disk_Match>:
100022d4:	b5f7      	push	{r0, r1, r2, r4, r5, r6, r7, lr}
100022d6:	7802      	ldrb	r2, [r0, #0]
100022d8:	000f      	movs	r7, r1
100022da:	9001      	str	r0, [sp, #4]
100022dc:	2a2e      	cmp	r2, #46	@ 0x2e
100022de:	d012      	beq.n	10002306 <Disk_Match+0x32>
100022e0:	2500      	movs	r5, #0
100022e2:	002c      	movs	r4, r5
100022e4:	a801      	add	r0, sp, #4
100022e6:	f7ff ffe9 	bl	100022bc <Disk_GetChar>
100022ea:	0006      	movs	r6, r0
100022ec:	5d38      	ldrb	r0, [r7, r4]
100022ee:	2e00      	cmp	r6, #0
100022f0:	d11f      	bne.n	10002332 <Disk_Match+0x5e>
100022f2:	2301      	movs	r3, #1
100022f4:	2820      	cmp	r0, #32
100022f6:	d004      	beq.n	10002302 <Disk_Match+0x2e>
100022f8:	0033      	movs	r3, r6
100022fa:	2c08      	cmp	r4, #8
100022fc:	d101      	bne.n	10002302 <Disk_Match+0x2e>
100022fe:	3301      	adds	r3, #1
10002300:	406b      	eors	r3, r5
10002302:	b2d8      	uxtb	r0, r3
10002304:	e00e      	b.n	10002324 <Disk_Match+0x50>
10002306:	2500      	movs	r5, #0
10002308:	780a      	ldrb	r2, [r1, #0]
1000230a:	002c      	movs	r4, r5
1000230c:	2a2e      	cmp	r2, #46	@ 0x2e
1000230e:	d1e9      	bne.n	100022e4 <Disk_Match+0x10>
10002310:	7844      	ldrb	r4, [r0, #1]
10002312:	2c2e      	cmp	r4, #46	@ 0x2e
10002314:	d107      	bne.n	10002326 <Disk_Match+0x52>
10002316:	7884      	ldrb	r4, [r0, #2]
10002318:	42ac      	cmp	r4, r5
1000231a:	d1e2      	bne.n	100022e2 <Disk_Match+0xe>
1000231c:	784b      	ldrb	r3, [r1, #1]
1000231e:	2b2e      	cmp	r3, #46	@ 0x2e
10002320:	d1e0      	bne.n	100022e4 <Disk_Match+0x10>
10002322:	2001      	movs	r0, #1
10002324:	bdfe      	pop	{r1, r2, r3, r4, r5, r6, r7, pc}
10002326:	2c00      	cmp	r4, #0
10002328:	d1db      	bne.n	100022e2 <Disk_Match+0xe>
1000232a:	784b      	ldrb	r3, [r1, #1]
1000232c:	2b20      	cmp	r3, #32
1000232e:	d1d9      	bne.n	100022e4 <Disk_Match+0x10>
10002330:	e7f7      	b.n	10002322 <Disk_Match+0x4e>
10002332:	f7ff ffbc 	bl	100022ae <FileUpperCase>
10002336:	2e3f      	cmp	r6, #63	@ 0x3f
10002338:	d001      	beq.n	1000233e <Disk_Match+0x6a>
1000233a:	4286      	cmp	r6, r0
1000233c:	d10b      	bne.n	10002356 <Disk_Match+0x82>
1000233e:	2c07      	cmp	r4, #7
10002340:	d802      	bhi.n	10002348 <Disk_Match+0x74>
10002342:	3401      	adds	r4, #1
10002344:	b2e4      	uxtb	r4, r4
10002346:	e7cd      	b.n	100022e4 <Disk_Match+0x10>
10002348:	2d00      	cmp	r5, #0
1000234a:	d0cb      	beq.n	100022e4 <Disk_Match+0x10>
1000234c:	3401      	adds	r4, #1
1000234e:	b2e4      	uxtb	r4, r4
10002350:	2c0b      	cmp	r4, #11
10002352:	d1c7      	bne.n	100022e4 <Disk_Match+0x10>
10002354:	e7e5      	b.n	10002322 <Disk_Match+0x4e>
10002356:	2e2e      	cmp	r6, #46	@ 0x2e
10002358:	d005      	beq.n	10002366 <Disk_Match+0x92>
1000235a:	2e2a      	cmp	r6, #42	@ 0x2a
1000235c:	d106      	bne.n	1000236c <Disk_Match+0x98>
1000235e:	2d00      	cmp	r5, #0
10002360:	d1df      	bne.n	10002322 <Disk_Match+0x4e>
10002362:	2408      	movs	r4, #8
10002364:	e7be      	b.n	100022e4 <Disk_Match+0x10>
10002366:	2408      	movs	r4, #8
10002368:	2501      	movs	r5, #1
1000236a:	e7bb      	b.n	100022e4 <Disk_Match+0x10>
1000236c:	2000      	movs	r0, #0
1000236e:	e7d9      	b.n	10002324 <Disk_Match+0x50>

10002370 <Disk_CheckChar>:
10002370:	287a      	cmp	r0, #122	@ 0x7a
10002372:	d81b      	bhi.n	100023ac <Disk_CheckChar+0x3c>
10002374:	2860      	cmp	r0, #96	@ 0x60
10002376:	d81c      	bhi.n	100023b2 <Disk_CheckChar+0x42>
10002378:	283c      	cmp	r0, #60	@ 0x3c
1000237a:	d80f      	bhi.n	1000239c <Disk_CheckChar+0x2c>
1000237c:	2829      	cmp	r0, #41	@ 0x29
1000237e:	d803      	bhi.n	10002388 <Disk_CheckChar+0x18>
10002380:	281f      	cmp	r0, #31
10002382:	d80a      	bhi.n	1000239a <Disk_CheckChar+0x2a>
10002384:	2000      	movs	r0, #0
10002386:	e008      	b.n	1000239a <Disk_CheckChar+0x2a>
10002388:	0002      	movs	r2, r0
1000238a:	4b0b      	ldr	r3, [pc, #44]	@ (100023b8 <Disk_CheckChar+0x48>)
1000238c:	3a2a      	subs	r2, #42	@ 0x2a
1000238e:	b2d2      	uxtb	r2, r2
10002390:	40d3      	lsrs	r3, r2
10002392:	2201      	movs	r2, #1
10002394:	4013      	ands	r3, r2
10002396:	3b01      	subs	r3, #1
10002398:	4018      	ands	r0, r3
1000239a:	4770      	bx	lr
1000239c:	283f      	cmp	r0, #63	@ 0x3f
1000239e:	d802      	bhi.n	100023a6 <Disk_CheckChar+0x36>
100023a0:	283d      	cmp	r0, #61	@ 0x3d
100023a2:	d1ef      	bne.n	10002384 <Disk_CheckChar+0x14>
100023a4:	e7f9      	b.n	1000239a <Disk_CheckChar+0x2a>
100023a6:	285c      	cmp	r0, #92	@ 0x5c
100023a8:	d0ec      	beq.n	10002384 <Disk_CheckChar+0x14>
100023aa:	e7f6      	b.n	1000239a <Disk_CheckChar+0x2a>
100023ac:	287c      	cmp	r0, #124	@ 0x7c
100023ae:	d1f4      	bne.n	1000239a <Disk_CheckChar+0x2a>
100023b0:	e7e8      	b.n	10002384 <Disk_CheckChar+0x14>
100023b2:	3820      	subs	r0, #32
100023b4:	b2c0      	uxtb	r0, r0
100023b6:	e7f0      	b.n	1000239a <Disk_CheckChar+0x2a>
100023b8:	00050021 	.word	0x00050021

100023bc <Disk_ExtractName>:
100023bc:	b5f7      	push	{r0, r1, r2, r4, r5, r6, r7, lr}
100023be:	000e      	movs	r6, r1
100023c0:	220b      	movs	r2, #11
100023c2:	2120      	movs	r1, #32
100023c4:	9001      	str	r0, [sp, #4]
100023c6:	f7fe f83e 	bl	10000446 <__wrap_memset>
100023ca:	6834      	ldr	r4, [r6, #0]
100023cc:	7823      	ldrb	r3, [r4, #0]
100023ce:	2b22      	cmp	r3, #34	@ 0x22
100023d0:	d013      	beq.n	100023fa <Disk_ExtractName+0x3e>
100023d2:	2b2e      	cmp	r3, #46	@ 0x2e
100023d4:	d013      	beq.n	100023fe <Disk_ExtractName+0x42>
100023d6:	2700      	movs	r7, #0
100023d8:	003d      	movs	r5, r7
100023da:	7820      	ldrb	r0, [r4, #0]
100023dc:	281f      	cmp	r0, #31
100023de:	d909      	bls.n	100023f4 <Disk_ExtractName+0x38>
100023e0:	3401      	adds	r4, #1
100023e2:	282f      	cmp	r0, #47	@ 0x2f
100023e4:	d001      	beq.n	100023ea <Disk_ExtractName+0x2e>
100023e6:	285c      	cmp	r0, #92	@ 0x5c
100023e8:	d121      	bne.n	1000242e <Disk_ExtractName+0x72>
100023ea:	7823      	ldrb	r3, [r4, #0]
100023ec:	2b2f      	cmp	r3, #47	@ 0x2f
100023ee:	d01c      	beq.n	1000242a <Disk_ExtractName+0x6e>
100023f0:	2b5c      	cmp	r3, #92	@ 0x5c
100023f2:	d01a      	beq.n	1000242a <Disk_ExtractName+0x6e>
100023f4:	2001      	movs	r0, #1
100023f6:	6034      	str	r4, [r6, #0]
100023f8:	e016      	b.n	10002428 <Disk_ExtractName+0x6c>
100023fa:	3401      	adds	r4, #1
100023fc:	e7e6      	b.n	100023cc <Disk_ExtractName+0x10>
100023fe:	2200      	movs	r2, #0
10002400:	7823      	ldrb	r3, [r4, #0]
10002402:	2b1f      	cmp	r3, #31
10002404:	d9f6      	bls.n	100023f4 <Disk_ExtractName+0x38>
10002406:	3401      	adds	r4, #1
10002408:	2b22      	cmp	r3, #34	@ 0x22
1000240a:	d0f9      	beq.n	10002400 <Disk_ExtractName+0x44>
1000240c:	2b2e      	cmp	r3, #46	@ 0x2e
1000240e:	d106      	bne.n	1000241e <Disk_ExtractName+0x62>
10002410:	2a02      	cmp	r2, #2
10002412:	d008      	beq.n	10002426 <Disk_ExtractName+0x6a>
10002414:	9801      	ldr	r0, [sp, #4]
10002416:	1c51      	adds	r1, r2, #1
10002418:	5483      	strb	r3, [r0, r2]
1000241a:	b2ca      	uxtb	r2, r1
1000241c:	e7f0      	b.n	10002400 <Disk_ExtractName+0x44>
1000241e:	2b2f      	cmp	r3, #47	@ 0x2f
10002420:	d0e8      	beq.n	100023f4 <Disk_ExtractName+0x38>
10002422:	2b5c      	cmp	r3, #92	@ 0x5c
10002424:	d0e6      	beq.n	100023f4 <Disk_ExtractName+0x38>
10002426:	2000      	movs	r0, #0
10002428:	bdfe      	pop	{r1, r2, r3, r4, r5, r6, r7, pc}
1000242a:	3401      	adds	r4, #1
1000242c:	e7dd      	b.n	100023ea <Disk_ExtractName+0x2e>
1000242e:	282e      	cmp	r0, #46	@ 0x2e
10002430:	d104      	bne.n	1000243c <Disk_ExtractName+0x80>
10002432:	2f00      	cmp	r7, #0
10002434:	d1f7      	bne.n	10002426 <Disk_ExtractName+0x6a>
10002436:	2508      	movs	r5, #8
10002438:	3701      	adds	r7, #1
1000243a:	e7ce      	b.n	100023da <Disk_ExtractName+0x1e>
1000243c:	2822      	cmp	r0, #34	@ 0x22
1000243e:	d0cc      	beq.n	100023da <Disk_ExtractName+0x1e>
10002440:	f7ff ff96 	bl	10002370 <Disk_CheckChar>
10002444:	2800      	cmp	r0, #0
10002446:	d0ee      	beq.n	10002426 <Disk_ExtractName+0x6a>
10002448:	2d07      	cmp	r5, #7
1000244a:	d903      	bls.n	10002454 <Disk_ExtractName+0x98>
1000244c:	2f00      	cmp	r7, #0
1000244e:	d0c4      	beq.n	100023da <Disk_ExtractName+0x1e>
10002450:	2d0a      	cmp	r5, #10
10002452:	d8c2      	bhi.n	100023da <Disk_ExtractName+0x1e>
10002454:	9a01      	ldr	r2, [sp, #4]
10002456:	1c6b      	adds	r3, r5, #1
10002458:	5550      	strb	r0, [r2, r5]
1000245a:	b2dd      	uxtb	r5, r3
1000245c:	e7bd      	b.n	100023da <Disk_ExtractName+0x1e>
	...

10002460 <DiskUnmount>:
10002460:	2201      	movs	r2, #1
10002462:	4b17      	ldr	r3, [pc, #92]	@ (100024c0 <DiskUnmount+0x60>)
10002464:	4252      	negs	r2, r2
10002466:	601a      	str	r2, [r3, #0]
10002468:	2300      	movs	r3, #0
1000246a:	2002      	movs	r0, #2
1000246c:	4915      	ldr	r1, [pc, #84]	@ (100024c4 <DiskUnmount+0x64>)
1000246e:	700b      	strb	r3, [r1, #0]
10002470:	4915      	ldr	r1, [pc, #84]	@ (100024c8 <DiskUnmount+0x68>)
10002472:	700b      	strb	r3, [r1, #0]
10002474:	4915      	ldr	r1, [pc, #84]	@ (100024cc <DiskUnmount+0x6c>)
10002476:	7008      	strb	r0, [r1, #0]
10002478:	4915      	ldr	r1, [pc, #84]	@ (100024d0 <DiskUnmount+0x70>)
1000247a:	700b      	strb	r3, [r1, #0]
1000247c:	4915      	ldr	r1, [pc, #84]	@ (100024d4 <DiskUnmount+0x74>)
1000247e:	700b      	strb	r3, [r1, #0]
10002480:	4915      	ldr	r1, [pc, #84]	@ (100024d8 <DiskUnmount+0x78>)
10002482:	800b      	strh	r3, [r1, #0]
10002484:	4915      	ldr	r1, [pc, #84]	@ (100024dc <DiskUnmount+0x7c>)
10002486:	600b      	str	r3, [r1, #0]
10002488:	4915      	ldr	r1, [pc, #84]	@ (100024e0 <DiskUnmount+0x80>)
1000248a:	600b      	str	r3, [r1, #0]
1000248c:	4915      	ldr	r1, [pc, #84]	@ (100024e4 <DiskUnmount+0x84>)
1000248e:	600a      	str	r2, [r1, #0]
10002490:	4915      	ldr	r1, [pc, #84]	@ (100024e8 <DiskUnmount+0x88>)
10002492:	600a      	str	r2, [r1, #0]
10002494:	4a15      	ldr	r2, [pc, #84]	@ (100024ec <DiskUnmount+0x8c>)
10002496:	6013      	str	r3, [r2, #0]
10002498:	4a15      	ldr	r2, [pc, #84]	@ (100024f0 <DiskUnmount+0x90>)
1000249a:	6013      	str	r3, [r2, #0]
1000249c:	4a15      	ldr	r2, [pc, #84]	@ (100024f4 <DiskUnmount+0x94>)
1000249e:	6013      	str	r3, [r2, #0]
100024a0:	4a15      	ldr	r2, [pc, #84]	@ (100024f8 <DiskUnmount+0x98>)
100024a2:	6013      	str	r3, [r2, #0]
100024a4:	4a15      	ldr	r2, [pc, #84]	@ (100024fc <DiskUnmount+0x9c>)
100024a6:	6013      	str	r3, [r2, #0]
100024a8:	4a15      	ldr	r2, [pc, #84]	@ (10002500 <DiskUnmount+0xa0>)
100024aa:	6013      	str	r3, [r2, #0]
100024ac:	4a15      	ldr	r2, [pc, #84]	@ (10002504 <DiskUnmount+0xa4>)
100024ae:	6013      	str	r3, [r2, #0]
100024b0:	4a15      	ldr	r2, [pc, #84]	@ (10002508 <DiskUnmount+0xa8>)
100024b2:	6013      	str	r3, [r2, #0]
100024b4:	4a15      	ldr	r2, [pc, #84]	@ (1000250c <DiskUnmount+0xac>)
100024b6:	6013      	str	r3, [r2, #0]
100024b8:	4a15      	ldr	r2, [pc, #84]	@ (10002510 <DiskUnmount+0xb0>)
100024ba:	61d3      	str	r3, [r2, #28]
100024bc:	6293      	str	r3, [r2, #40]	@ 0x28
100024be:	4770      	bx	lr
100024c0:	20000270 	.word	0x20000270
100024c4:	2003660b 	.word	0x2003660b
100024c8:	2003660c 	.word	0x2003660c
100024cc:	2000026c 	.word	0x2000026c
100024d0:	2003660d 	.word	0x2003660d
100024d4:	200365fa 	.word	0x200365fa
100024d8:	200365f8 	.word	0x200365f8
100024dc:	200008d4 	.word	0x200008d4
100024e0:	20000630 	.word	0x20000630
100024e4:	20000628 	.word	0x20000628
100024e8:	20000624 	.word	0x20000624
100024ec:	2000062c 	.word	0x2000062c
100024f0:	200008f4 	.word	0x200008f4
100024f4:	200008f8 	.word	0x200008f8
100024f8:	200006cc 	.word	0x200006cc
100024fc:	200008f0 	.word	0x200008f0
10002500:	2000069c 	.word	0x2000069c
10002504:	20000698 	.word	0x20000698
10002508:	20000654 	.word	0x20000654
1000250c:	200008d0 	.word	0x200008d0
10002510:	200006a0 	.word	0x200006a0

10002514 <FileInit>:
10002514:	2300      	movs	r3, #0
10002516:	7003      	strb	r3, [r0, #0]
10002518:	4770      	bx	lr

1000251a <FileIsOpen>:
1000251a:	1e03      	subs	r3, r0, #0
1000251c:	d002      	beq.n	10002524 <FileIsOpen+0xa>
1000251e:	7803      	ldrb	r3, [r0, #0]
10002520:	1e5a      	subs	r2, r3, #1
10002522:	4193      	sbcs	r3, r2
10002524:	b2d8      	uxtb	r0, r3
10002526:	4770      	bx	lr

10002528 <CheckApp>:
10002528:	b5f8      	push	{r3, r4, r5, r6, r7, lr}
1000252a:	4d11      	ldr	r5, [pc, #68]	@ (10002570 <CheckApp+0x48>)
1000252c:	000b      	movs	r3, r1
1000252e:	0014      	movs	r4, r2
10002530:	6829      	ldr	r1, [r5, #0]
10002532:	4a10      	ldr	r2, [pc, #64]	@ (10002574 <CheckApp+0x4c>)
10002534:	0006      	movs	r6, r0
10002536:	2000      	movs	r0, #0
10002538:	4291      	cmp	r1, r2
1000253a:	d117      	bne.n	1000256c <CheckApp+0x44>
1000253c:	6869      	ldr	r1, [r5, #4]
1000253e:	4a0e      	ldr	r2, [pc, #56]	@ (10002578 <CheckApp+0x50>)
10002540:	1f0f      	subs	r7, r1, #4
10002542:	4297      	cmp	r7, r2
10002544:	d812      	bhi.n	1000256c <CheckApp+0x44>
10002546:	4286      	cmp	r6, r0
10002548:	d000      	beq.n	1000254c <CheckApp+0x24>
1000254a:	6031      	str	r1, [r6, #0]
1000254c:	2b00      	cmp	r3, #0
1000254e:	d002      	beq.n	10002556 <CheckApp+0x2e>
10002550:	4a0a      	ldr	r2, [pc, #40]	@ (1000257c <CheckApp+0x54>)
10002552:	188a      	adds	r2, r1, r2
10002554:	601a      	str	r2, [r3, #0]
10002556:	480a      	ldr	r0, [pc, #40]	@ (10002580 <CheckApp+0x58>)
10002558:	f7ff f97a 	bl	10001850 <Crc32ADMA>
1000255c:	2c00      	cmp	r4, #0
1000255e:	d000      	beq.n	10002562 <CheckApp+0x3a>
10002560:	6020      	str	r0, [r4, #0]
10002562:	68ab      	ldr	r3, [r5, #8]
10002564:	1a18      	subs	r0, r3, r0
10002566:	4243      	negs	r3, r0
10002568:	4158      	adcs	r0, r3
1000256a:	b2c0      	uxtb	r0, r0
1000256c:	bdf8      	pop	{r3, r4, r5, r6, r7, pc}
1000256e:	46c0      	nop			@ (mov r8, r8)
10002570:	100080c0 	.word	0x100080c0
10002574:	44415050 	.word	0x44415050
10002578:	00ff7ffc 	.word	0x00ff7ffc
1000257c:	000080cc 	.word	0x000080cc
10002580:	100080cc 	.word	0x100080cc

10002584 <MemInit>:
10002584:	4b14      	ldr	r3, [pc, #80]	@ (100025d8 <MemInit+0x54>)
10002586:	4a15      	ldr	r2, [pc, #84]	@ (100025dc <MemInit+0x58>)
10002588:	4915      	ldr	r1, [pc, #84]	@ (100025e0 <MemInit+0x5c>)
1000258a:	1ad2      	subs	r2, r2, r3
1000258c:	0010      	movs	r0, r2
1000258e:	3818      	subs	r0, #24
10002590:	b530      	push	{r4, r5, lr}
10002592:	6008      	str	r0, [r1, #0]
10002594:	2000      	movs	r0, #0
10002596:	4913      	ldr	r1, [pc, #76]	@ (100025e4 <MemInit+0x60>)
10002598:	2508      	movs	r5, #8
1000259a:	6008      	str	r0, [r1, #0]
1000259c:	4912      	ldr	r1, [pc, #72]	@ (100025e8 <MemInit+0x64>)
1000259e:	7018      	strb	r0, [r3, #0]
100025a0:	6008      	str	r0, [r1, #0]
100025a2:	0019      	movs	r1, r3
100025a4:	7058      	strb	r0, [r3, #1]
100025a6:	7098      	strb	r0, [r3, #2]
100025a8:	70d8      	strb	r0, [r3, #3]
100025aa:	3108      	adds	r1, #8
100025ac:	426d      	negs	r5, r5
100025ae:	3801      	subs	r0, #1
100025b0:	3a10      	subs	r2, #16
100025b2:	711d      	strb	r5, [r3, #4]
100025b4:	7158      	strb	r0, [r3, #5]
100025b6:	7198      	strb	r0, [r3, #6]
100025b8:	71d8      	strb	r0, [r3, #7]
100025ba:	609b      	str	r3, [r3, #8]
100025bc:	188c      	adds	r4, r1, r2
100025be:	604a      	str	r2, [r1, #4]
100025c0:	000a      	movs	r2, r1
100025c2:	4b0a      	ldr	r3, [pc, #40]	@ (100025ec <MemInit+0x68>)
100025c4:	3208      	adds	r2, #8
100025c6:	605a      	str	r2, [r3, #4]
100025c8:	601a      	str	r2, [r3, #0]
100025ca:	2201      	movs	r2, #1
100025cc:	608b      	str	r3, [r1, #8]
100025ce:	60cb      	str	r3, [r1, #12]
100025d0:	609a      	str	r2, [r3, #8]
100025d2:	c422      	stmia	r4!, {r1, r5}
100025d4:	bd30      	pop	{r4, r5, pc}
100025d6:	46c0      	nop			@ (mov r8, r8)
100025d8:	20039450 	.word	0x20039450
100025dc:	20040000 	.word	0x20040000
100025e0:	200364f4 	.word	0x200364f4
100025e4:	20036504 	.word	0x20036504
100025e8:	20036500 	.word	0x20036500
100025ec:	200364e8 	.word	0x200364e8

100025f0 <SDByte>:
100025f0:	2302      	movs	r3, #2
100025f2:	4a06      	ldr	r2, [pc, #24]	@ (1000260c <SDByte+0x1c>)
100025f4:	6811      	ldr	r1, [r2, #0]
100025f6:	4219      	tst	r1, r3
100025f8:	d0fc      	beq.n	100025f4 <SDByte+0x4>
100025fa:	2104      	movs	r1, #4
100025fc:	4b04      	ldr	r3, [pc, #16]	@ (10002610 <SDByte+0x20>)
100025fe:	6018      	str	r0, [r3, #0]
10002600:	6810      	ldr	r0, [r2, #0]
10002602:	4208      	tst	r0, r1
10002604:	d0fc      	beq.n	10002600 <SDByte+0x10>
10002606:	6818      	ldr	r0, [r3, #0]
10002608:	b2c0      	uxtb	r0, r0
1000260a:	4770      	bx	lr
1000260c:	4004000c 	.word	0x4004000c
10002610:	40040008 	.word	0x40040008

10002614 <SDUnsel>:
10002614:	23d0      	movs	r3, #208	@ 0xd0
10002616:	2280      	movs	r2, #128	@ 0x80
10002618:	b510      	push	{r4, lr}
1000261a:	061b      	lsls	r3, r3, #24
1000261c:	0192      	lsls	r2, r2, #6
1000261e:	615a      	str	r2, [r3, #20]
10002620:	20ff      	movs	r0, #255	@ 0xff
10002622:	f7ff ffe5 	bl	100025f0 <SDByte>
10002626:	20ff      	movs	r0, #255	@ 0xff
10002628:	f7ff ffe2 	bl	100025f0 <SDByte>
1000262c:	20ff      	movs	r0, #255	@ 0xff
1000262e:	f7ff ffdf 	bl	100025f0 <SDByte>
10002632:	bd10      	pop	{r4, pc}

10002634 <SDSendCmd>:
10002634:	b243      	sxtb	r3, r0
10002636:	b570      	push	{r4, r5, r6, lr}
10002638:	0004      	movs	r4, r0
1000263a:	000d      	movs	r5, r1
1000263c:	2b00      	cmp	r3, #0
1000263e:	da07      	bge.n	10002650 <SDSendCmd+0x1c>
10002640:	2100      	movs	r1, #0
10002642:	2037      	movs	r0, #55	@ 0x37
10002644:	f7ff fff6 	bl	10002634 <SDSendCmd>
10002648:	2801      	cmp	r0, #1
1000264a:	d830      	bhi.n	100026ae <SDSendCmd+0x7a>
1000264c:	237f      	movs	r3, #127	@ 0x7f
1000264e:	401c      	ands	r4, r3
10002650:	20ff      	movs	r0, #255	@ 0xff
10002652:	f7ff ffcd 	bl	100025f0 <SDByte>
10002656:	20ff      	movs	r0, #255	@ 0xff
10002658:	f7ff ffca 	bl	100025f0 <SDByte>
1000265c:	20ff      	movs	r0, #255	@ 0xff
1000265e:	f7ff ffc7 	bl	100025f0 <SDByte>
10002662:	2040      	movs	r0, #64	@ 0x40
10002664:	4320      	orrs	r0, r4
10002666:	f7ff ffc3 	bl	100025f0 <SDByte>
1000266a:	0e28      	lsrs	r0, r5, #24
1000266c:	f7ff ffc0 	bl	100025f0 <SDByte>
10002670:	0c28      	lsrs	r0, r5, #16
10002672:	b2c0      	uxtb	r0, r0
10002674:	f7ff ffbc 	bl	100025f0 <SDByte>
10002678:	0a28      	lsrs	r0, r5, #8
1000267a:	b2c0      	uxtb	r0, r0
1000267c:	f7ff ffb8 	bl	100025f0 <SDByte>
10002680:	b2e8      	uxtb	r0, r5
10002682:	f7ff ffb5 	bl	100025f0 <SDByte>
10002686:	2095      	movs	r0, #149	@ 0x95
10002688:	2c00      	cmp	r4, #0
1000268a:	d003      	beq.n	10002694 <SDSendCmd+0x60>
1000268c:	380e      	subs	r0, #14
1000268e:	2c08      	cmp	r4, #8
10002690:	d000      	beq.n	10002694 <SDSendCmd+0x60>
10002692:	3078      	adds	r0, #120	@ 0x78
10002694:	f7ff ffac 	bl	100025f0 <SDByte>
10002698:	240a      	movs	r4, #10
1000269a:	20ff      	movs	r0, #255	@ 0xff
1000269c:	f7ff ffa8 	bl	100025f0 <SDByte>
100026a0:	b243      	sxtb	r3, r0
100026a2:	2b00      	cmp	r3, #0
100026a4:	da03      	bge.n	100026ae <SDSendCmd+0x7a>
100026a6:	3c01      	subs	r4, #1
100026a8:	b2e4      	uxtb	r4, r4
100026aa:	2c00      	cmp	r4, #0
100026ac:	d1f5      	bne.n	1000269a <SDSendCmd+0x66>
100026ae:	bd70      	pop	{r4, r5, r6, pc}

100026b0 <SDConnect>:
100026b0:	b5f8      	push	{r3, r4, r5, r6, r7, lr}
100026b2:	2300      	movs	r3, #0
100026b4:	4c4a      	ldr	r4, [pc, #296]	@ (100027e0 <SDConnect+0x130>)
100026b6:	494b      	ldr	r1, [pc, #300]	@ (100027e4 <SDConnect+0x134>)
100026b8:	484b      	ldr	r0, [pc, #300]	@ (100027e8 <SDConnect+0x138>)
100026ba:	7023      	strb	r3, [r4, #0]
100026bc:	f7fe fdea 	bl	10001294 <SPI_Baudrate_hw>
100026c0:	2304      	movs	r3, #4
100026c2:	494a      	ldr	r1, [pc, #296]	@ (100027ec <SDConnect+0x13c>)
100026c4:	484a      	ldr	r0, [pc, #296]	@ (100027f0 <SDConnect+0x140>)
100026c6:	680a      	ldr	r2, [r1, #0]
100026c8:	421a      	tst	r2, r3
100026ca:	d120      	bne.n	1000270e <SDConnect+0x5e>
100026cc:	f7ff ffa2 	bl	10002614 <SDUnsel>
100026d0:	2514      	movs	r5, #20
100026d2:	3d01      	subs	r5, #1
100026d4:	20ff      	movs	r0, #255	@ 0xff
100026d6:	b2ed      	uxtb	r5, r5
100026d8:	f7ff ff8a 	bl	100025f0 <SDByte>
100026dc:	2d00      	cmp	r5, #0
100026de:	d1f8      	bne.n	100026d2 <SDConnect+0x22>
100026e0:	23d0      	movs	r3, #208	@ 0xd0
100026e2:	2280      	movs	r2, #128	@ 0x80
100026e4:	061b      	lsls	r3, r3, #24
100026e6:	0192      	lsls	r2, r2, #6
100026e8:	20ff      	movs	r0, #255	@ 0xff
100026ea:	619a      	str	r2, [r3, #24]
100026ec:	f7ff ff80 	bl	100025f0 <SDByte>
100026f0:	2664      	movs	r6, #100	@ 0x64
100026f2:	2100      	movs	r1, #0
100026f4:	0008      	movs	r0, r1
100026f6:	f7ff ff9d 	bl	10002634 <SDSendCmd>
100026fa:	0007      	movs	r7, r0
100026fc:	2801      	cmp	r0, #1
100026fe:	d042      	beq.n	10002786 <SDConnect+0xd6>
10002700:	3e01      	subs	r6, #1
10002702:	b2f6      	uxtb	r6, r6
10002704:	2e00      	cmp	r6, #0
10002706:	d1f4      	bne.n	100026f2 <SDConnect+0x42>
10002708:	f7ff ff84 	bl	10002614 <SDUnsel>
1000270c:	e039      	b.n	10002782 <SDConnect+0xd2>
1000270e:	6802      	ldr	r2, [r0, #0]
10002710:	e7d9      	b.n	100026c6 <SDConnect+0x16>
10002712:	2100      	movs	r1, #0
10002714:	2001      	movs	r0, #1
10002716:	2b02      	cmp	r3, #2
10002718:	d060      	beq.n	100027dc <SDConnect+0x12c>
1000271a:	f7ff ff8b 	bl	10002634 <SDSendCmd>
1000271e:	2101      	movs	r1, #1
10002720:	2301      	movs	r3, #1
10002722:	4001      	ands	r1, r0
10002724:	4218      	tst	r0, r3
10002726:	d008      	beq.n	1000273a <SDConnect+0x8a>
10002728:	3e01      	subs	r6, #1
1000272a:	200a      	movs	r0, #10
1000272c:	b2f6      	uxtb	r6, r6
1000272e:	f7fe fec1 	bl	100014b4 <WaitMs>
10002732:	2e00      	cmp	r6, #0
10002734:	d14d      	bne.n	100027d2 <SDConnect+0x122>
10002736:	7026      	strb	r6, [r4, #0]
10002738:	e7e6      	b.n	10002708 <SDConnect+0x58>
1000273a:	7823      	ldrb	r3, [r4, #0]
1000273c:	2b03      	cmp	r3, #3
1000273e:	d114      	bne.n	1000276a <SDConnect+0xba>
10002740:	203a      	movs	r0, #58	@ 0x3a
10002742:	f7ff ff77 	bl	10002634 <SDSendCmd>
10002746:	2801      	cmp	r0, #1
10002748:	d80f      	bhi.n	1000276a <SDConnect+0xba>
1000274a:	20ff      	movs	r0, #255	@ 0xff
1000274c:	f7ff ff50 	bl	100025f0 <SDByte>
10002750:	0640      	lsls	r0, r0, #25
10002752:	d501      	bpl.n	10002758 <SDConnect+0xa8>
10002754:	2304      	movs	r3, #4
10002756:	7023      	strb	r3, [r4, #0]
10002758:	20ff      	movs	r0, #255	@ 0xff
1000275a:	f7ff ff49 	bl	100025f0 <SDByte>
1000275e:	20ff      	movs	r0, #255	@ 0xff
10002760:	f7ff ff46 	bl	100025f0 <SDByte>
10002764:	20ff      	movs	r0, #255	@ 0xff
10002766:	f7ff ff43 	bl	100025f0 <SDByte>
1000276a:	2180      	movs	r1, #128	@ 0x80
1000276c:	2010      	movs	r0, #16
1000276e:	0089      	lsls	r1, r1, #2
10002770:	f7ff ff60 	bl	10002634 <SDSendCmd>
10002774:	f7ff ff4e 	bl	10002614 <SDUnsel>
10002778:	491e      	ldr	r1, [pc, #120]	@ (100027f4 <SDConnect+0x144>)
1000277a:	481b      	ldr	r0, [pc, #108]	@ (100027e8 <SDConnect+0x138>)
1000277c:	f7fe fd8a 	bl	10001294 <SPI_Baudrate_hw>
10002780:	003d      	movs	r5, r7
10002782:	0028      	movs	r0, r5
10002784:	bdf8      	pop	{r3, r4, r5, r6, r7, pc}
10002786:	21d5      	movs	r1, #213	@ 0xd5
10002788:	7020      	strb	r0, [r4, #0]
1000278a:	0049      	lsls	r1, r1, #1
1000278c:	2008      	movs	r0, #8
1000278e:	f7ff ff51 	bl	10002634 <SDSendCmd>
10002792:	0740      	lsls	r0, r0, #29
10002794:	d411      	bmi.n	100027ba <SDConnect+0x10a>
10002796:	20ff      	movs	r0, #255	@ 0xff
10002798:	f7ff ff2a 	bl	100025f0 <SDByte>
1000279c:	20ff      	movs	r0, #255	@ 0xff
1000279e:	f7ff ff27 	bl	100025f0 <SDByte>
100027a2:	20ff      	movs	r0, #255	@ 0xff
100027a4:	f7ff ff24 	bl	100025f0 <SDByte>
100027a8:	0006      	movs	r6, r0
100027aa:	20ff      	movs	r0, #255	@ 0xff
100027ac:	f7ff ff20 	bl	100025f0 <SDByte>
100027b0:	2e01      	cmp	r6, #1
100027b2:	d102      	bne.n	100027ba <SDConnect+0x10a>
100027b4:	2303      	movs	r3, #3
100027b6:	28aa      	cmp	r0, #170	@ 0xaa
100027b8:	d009      	beq.n	100027ce <SDConnect+0x11e>
100027ba:	7823      	ldrb	r3, [r4, #0]
100027bc:	2b01      	cmp	r3, #1
100027be:	d107      	bne.n	100027d0 <SDConnect+0x120>
100027c0:	2100      	movs	r1, #0
100027c2:	20a9      	movs	r0, #169	@ 0xa9
100027c4:	f7ff ff36 	bl	10002634 <SDSendCmd>
100027c8:	0740      	lsls	r0, r0, #29
100027ca:	d401      	bmi.n	100027d0 <SDConnect+0x120>
100027cc:	2302      	movs	r3, #2
100027ce:	7023      	strb	r3, [r4, #0]
100027d0:	261e      	movs	r6, #30
100027d2:	7823      	ldrb	r3, [r4, #0]
100027d4:	2b03      	cmp	r3, #3
100027d6:	d19c      	bne.n	10002712 <SDConnect+0x62>
100027d8:	2180      	movs	r1, #128	@ 0x80
100027da:	05c9      	lsls	r1, r1, #23
100027dc:	20a9      	movs	r0, #169	@ 0xa9
100027de:	e79c      	b.n	1000271a <SDConnect+0x6a>
100027e0:	20038f40 	.word	0x20038f40
100027e4:	0003d090 	.word	0x0003d090
100027e8:	40040000 	.word	0x40040000
100027ec:	4004000c 	.word	0x4004000c
100027f0:	40040008 	.word	0x40040008
100027f4:	000f4240 	.word	0x000f4240

100027f8 <SDReadBlock>:
100027f8:	b570      	push	{r4, r5, r6, lr}
100027fa:	0006      	movs	r6, r0
100027fc:	000d      	movs	r5, r1
100027fe:	4c0e      	ldr	r4, [pc, #56]	@ (10002838 <SDReadBlock+0x40>)
10002800:	20ff      	movs	r0, #255	@ 0xff
10002802:	f7ff fef5 	bl	100025f0 <SDByte>
10002806:	28ff      	cmp	r0, #255	@ 0xff
10002808:	d104      	bne.n	10002814 <SDReadBlock+0x1c>
1000280a:	3c01      	subs	r4, #1
1000280c:	2c00      	cmp	r4, #0
1000280e:	d1f7      	bne.n	10002800 <SDReadBlock+0x8>
10002810:	0020      	movs	r0, r4
10002812:	bd70      	pop	{r4, r5, r6, pc}
10002814:	2400      	movs	r4, #0
10002816:	28fe      	cmp	r0, #254	@ 0xfe
10002818:	d1fa      	bne.n	10002810 <SDReadBlock+0x18>
1000281a:	20ff      	movs	r0, #255	@ 0xff
1000281c:	42a5      	cmp	r5, r4
1000281e:	dc06      	bgt.n	1000282e <SDReadBlock+0x36>
10002820:	f7ff fee6 	bl	100025f0 <SDByte>
10002824:	20ff      	movs	r0, #255	@ 0xff
10002826:	f7ff fee3 	bl	100025f0 <SDByte>
1000282a:	2401      	movs	r4, #1
1000282c:	e7f0      	b.n	10002810 <SDReadBlock+0x18>
1000282e:	f7ff fedf 	bl	100025f0 <SDByte>
10002832:	5530      	strb	r0, [r6, r4]
10002834:	3401      	adds	r4, #1
10002836:	e7f0      	b.n	1000281a <SDReadBlock+0x22>
10002838:	0000ea60 	.word	0x0000ea60

1000283c <SDOpen>:
1000283c:	b510      	push	{r4, lr}
1000283e:	490b      	ldr	r1, [pc, #44]	@ (1000286c <SDOpen+0x30>)
10002840:	480b      	ldr	r0, [pc, #44]	@ (10002870 <SDOpen+0x34>)
10002842:	f7fe fd27 	bl	10001294 <SPI_Baudrate_hw>
10002846:	23d0      	movs	r3, #208	@ 0xd0
10002848:	2280      	movs	r2, #128	@ 0x80
1000284a:	061b      	lsls	r3, r3, #24
1000284c:	0192      	lsls	r2, r2, #6
1000284e:	619a      	str	r2, [r3, #24]
10002850:	20ff      	movs	r0, #255	@ 0xff
10002852:	f7ff fecd 	bl	100025f0 <SDByte>
10002856:	20ff      	movs	r0, #255	@ 0xff
10002858:	f7ff feca 	bl	100025f0 <SDByte>
1000285c:	20ff      	movs	r0, #255	@ 0xff
1000285e:	f7ff fec7 	bl	100025f0 <SDByte>
10002862:	20ff      	movs	r0, #255	@ 0xff
10002864:	f7ff fec4 	bl	100025f0 <SDByte>
10002868:	bd10      	pop	{r4, pc}
1000286a:	46c0      	nop			@ (mov r8, r8)
1000286c:	000f4240 	.word	0x000f4240
10002870:	40040000 	.word	0x40040000

10002874 <SDClose>:
10002874:	b510      	push	{r4, lr}
10002876:	f7ff fecd 	bl	10002614 <SDUnsel>
1000287a:	20ff      	movs	r0, #255	@ 0xff
1000287c:	f7ff feb8 	bl	100025f0 <SDByte>
10002880:	20ff      	movs	r0, #255	@ 0xff
10002882:	f7ff feb5 	bl	100025f0 <SDByte>
10002886:	20ff      	movs	r0, #255	@ 0xff
10002888:	f7ff feb2 	bl	100025f0 <SDByte>
1000288c:	20ff      	movs	r0, #255	@ 0xff
1000288e:	f7ff feaf 	bl	100025f0 <SDByte>
10002892:	bd10      	pop	{r4, pc}

10002894 <SDReadSect>:
10002894:	b570      	push	{r4, r5, r6, lr}
10002896:	4e12      	ldr	r6, [pc, #72]	@ (100028e0 <SDReadSect+0x4c>)
10002898:	0004      	movs	r4, r0
1000289a:	7833      	ldrb	r3, [r6, #0]
1000289c:	000d      	movs	r5, r1
1000289e:	2b00      	cmp	r3, #0
100028a0:	d011      	beq.n	100028c6 <SDReadSect+0x32>
100028a2:	f7ff ffcb 	bl	1000283c <SDOpen>
100028a6:	490f      	ldr	r1, [pc, #60]	@ (100028e4 <SDReadSect+0x50>)
100028a8:	480f      	ldr	r0, [pc, #60]	@ (100028e8 <SDReadSect+0x54>)
100028aa:	f7fe fcf3 	bl	10001294 <SPI_Baudrate_hw>
100028ae:	7833      	ldrb	r3, [r6, #0]
100028b0:	2b04      	cmp	r3, #4
100028b2:	d000      	beq.n	100028b6 <SDReadSect+0x22>
100028b4:	0264      	lsls	r4, r4, #9
100028b6:	0021      	movs	r1, r4
100028b8:	2011      	movs	r0, #17
100028ba:	f7ff febb 	bl	10002634 <SDSendCmd>
100028be:	2800      	cmp	r0, #0
100028c0:	d004      	beq.n	100028cc <SDReadSect+0x38>
100028c2:	f7ff fea7 	bl	10002614 <SDUnsel>
100028c6:	2400      	movs	r4, #0
100028c8:	0020      	movs	r0, r4
100028ca:	bd70      	pop	{r4, r5, r6, pc}
100028cc:	2180      	movs	r1, #128	@ 0x80
100028ce:	0028      	movs	r0, r5
100028d0:	0089      	lsls	r1, r1, #2
100028d2:	f7ff ff91 	bl	100027f8 <SDReadBlock>
100028d6:	0004      	movs	r4, r0
100028d8:	f7ff ffcc 	bl	10002874 <SDClose>
100028dc:	e7f4      	b.n	100028c8 <SDReadSect+0x34>
100028de:	46c0      	nop			@ (mov r8, r8)
100028e0:	20038f40 	.word	0x20038f40
100028e4:	003d0900 	.word	0x003d0900
100028e8:	40040000 	.word	0x40040000

100028ec <SDWriteSect>:
100028ec:	b570      	push	{r4, r5, r6, lr}
100028ee:	4e23      	ldr	r6, [pc, #140]	@ (1000297c <SDWriteSect+0x90>)
100028f0:	0005      	movs	r5, r0
100028f2:	7833      	ldrb	r3, [r6, #0]
100028f4:	000c      	movs	r4, r1
100028f6:	2b00      	cmp	r3, #0
100028f8:	d011      	beq.n	1000291e <SDWriteSect+0x32>
100028fa:	f7ff ff9f 	bl	1000283c <SDOpen>
100028fe:	4920      	ldr	r1, [pc, #128]	@ (10002980 <SDWriteSect+0x94>)
10002900:	4820      	ldr	r0, [pc, #128]	@ (10002984 <SDWriteSect+0x98>)
10002902:	f7fe fcc7 	bl	10001294 <SPI_Baudrate_hw>
10002906:	7833      	ldrb	r3, [r6, #0]
10002908:	2b04      	cmp	r3, #4
1000290a:	d000      	beq.n	1000290e <SDWriteSect+0x22>
1000290c:	026d      	lsls	r5, r5, #9
1000290e:	0029      	movs	r1, r5
10002910:	2018      	movs	r0, #24
10002912:	f7ff fe8f 	bl	10002634 <SDSendCmd>
10002916:	2800      	cmp	r0, #0
10002918:	d003      	beq.n	10002922 <SDWriteSect+0x36>
1000291a:	f7ff fe7b 	bl	10002614 <SDUnsel>
1000291e:	2000      	movs	r0, #0
10002920:	bd70      	pop	{r4, r5, r6, pc}
10002922:	4d19      	ldr	r5, [pc, #100]	@ (10002988 <SDWriteSect+0x9c>)
10002924:	20ff      	movs	r0, #255	@ 0xff
10002926:	f7ff fe63 	bl	100025f0 <SDByte>
1000292a:	28ff      	cmp	r0, #255	@ 0xff
1000292c:	d003      	beq.n	10002936 <SDWriteSect+0x4a>
1000292e:	3d01      	subs	r5, #1
10002930:	2d00      	cmp	r5, #0
10002932:	d1f7      	bne.n	10002924 <SDWriteSect+0x38>
10002934:	e7f1      	b.n	1000291a <SDWriteSect+0x2e>
10002936:	20fe      	movs	r0, #254	@ 0xfe
10002938:	f7ff fe5a 	bl	100025f0 <SDByte>
1000293c:	2380      	movs	r3, #128	@ 0x80
1000293e:	009b      	lsls	r3, r3, #2
10002940:	18e5      	adds	r5, r4, r3
10002942:	7820      	ldrb	r0, [r4, #0]
10002944:	3401      	adds	r4, #1
10002946:	f7ff fe53 	bl	100025f0 <SDByte>
1000294a:	42ac      	cmp	r4, r5
1000294c:	d1f9      	bne.n	10002942 <SDWriteSect+0x56>
1000294e:	20ff      	movs	r0, #255	@ 0xff
10002950:	f7ff fe4e 	bl	100025f0 <SDByte>
10002954:	20ff      	movs	r0, #255	@ 0xff
10002956:	f7ff fe4b 	bl	100025f0 <SDByte>
1000295a:	4c0b      	ldr	r4, [pc, #44]	@ (10002988 <SDWriteSect+0x9c>)
1000295c:	20ff      	movs	r0, #255	@ 0xff
1000295e:	f7ff fe47 	bl	100025f0 <SDByte>
10002962:	28ff      	cmp	r0, #255	@ 0xff
10002964:	d002      	beq.n	1000296c <SDWriteSect+0x80>
10002966:	3c01      	subs	r4, #1
10002968:	2c00      	cmp	r4, #0
1000296a:	d1f7      	bne.n	1000295c <SDWriteSect+0x70>
1000296c:	20ff      	movs	r0, #255	@ 0xff
1000296e:	f7ff fe3f 	bl	100025f0 <SDByte>
10002972:	f7ff ff7f 	bl	10002874 <SDClose>
10002976:	2001      	movs	r0, #1
10002978:	e7d2      	b.n	10002920 <SDWriteSect+0x34>
1000297a:	46c0      	nop			@ (mov r8, r8)
1000297c:	20038f40 	.word	0x20038f40
10002980:	000f4240 	.word	0x000f4240
10002984:	40040000 	.word	0x40040000
10002988:	0000ea60 	.word	0x0000ea60

1000298c <Disk_FlushBuf>:
1000298c:	b570      	push	{r4, r5, r6, lr}
1000298e:	4b12      	ldr	r3, [pc, #72]	@ (100029d8 <Disk_FlushBuf+0x4c>)
10002990:	781a      	ldrb	r2, [r3, #0]
10002992:	2a00      	cmp	r2, #0
10002994:	d101      	bne.n	1000299a <Disk_FlushBuf+0xe>
10002996:	2001      	movs	r0, #1
10002998:	bd70      	pop	{r4, r5, r6, pc}
1000299a:	2200      	movs	r2, #0
1000299c:	4c0f      	ldr	r4, [pc, #60]	@ (100029dc <Disk_FlushBuf+0x50>)
1000299e:	4d10      	ldr	r5, [pc, #64]	@ (100029e0 <Disk_FlushBuf+0x54>)
100029a0:	0021      	movs	r1, r4
100029a2:	6828      	ldr	r0, [r5, #0]
100029a4:	701a      	strb	r2, [r3, #0]
100029a6:	f7ff ffa1 	bl	100028ec <SDWriteSect>
100029aa:	2800      	cmp	r0, #0
100029ac:	d0f4      	beq.n	10002998 <Disk_FlushBuf+0xc>
100029ae:	4b0d      	ldr	r3, [pc, #52]	@ (100029e4 <Disk_FlushBuf+0x58>)
100029b0:	781b      	ldrb	r3, [r3, #0]
100029b2:	2b00      	cmp	r3, #0
100029b4:	d0ef      	beq.n	10002996 <Disk_FlushBuf+0xa>
100029b6:	4b0c      	ldr	r3, [pc, #48]	@ (100029e8 <Disk_FlushBuf+0x5c>)
100029b8:	6828      	ldr	r0, [r5, #0]
100029ba:	681a      	ldr	r2, [r3, #0]
100029bc:	4b0b      	ldr	r3, [pc, #44]	@ (100029ec <Disk_FlushBuf+0x60>)
100029be:	681b      	ldr	r3, [r3, #0]
100029c0:	1ac3      	subs	r3, r0, r3
100029c2:	4293      	cmp	r3, r2
100029c4:	d2e7      	bcs.n	10002996 <Disk_FlushBuf+0xa>
100029c6:	4b0a      	ldr	r3, [pc, #40]	@ (100029f0 <Disk_FlushBuf+0x64>)
100029c8:	781b      	ldrb	r3, [r3, #0]
100029ca:	2b02      	cmp	r3, #2
100029cc:	d1e3      	bne.n	10002996 <Disk_FlushBuf+0xa>
100029ce:	0021      	movs	r1, r4
100029d0:	1880      	adds	r0, r0, r2
100029d2:	f7ff ff8b 	bl	100028ec <SDWriteSect>
100029d6:	e7de      	b.n	10002996 <Disk_FlushBuf+0xa>
100029d8:	2003660b 	.word	0x2003660b
100029dc:	200006d0 	.word	0x200006d0
100029e0:	20000270 	.word	0x20000270
100029e4:	2003660c 	.word	0x2003660c
100029e8:	200008f8 	.word	0x200008f8
100029ec:	200008f0 	.word	0x200008f0
100029f0:	2003660d 	.word	0x2003660d

100029f4 <Disk_MoveBuf>:
100029f4:	b570      	push	{r4, r5, r6, lr}
100029f6:	4d0c      	ldr	r5, [pc, #48]	@ (10002a28 <Disk_MoveBuf+0x34>)
100029f8:	0004      	movs	r4, r0
100029fa:	682b      	ldr	r3, [r5, #0]
100029fc:	4283      	cmp	r3, r0
100029fe:	d101      	bne.n	10002a04 <Disk_MoveBuf+0x10>
10002a00:	2001      	movs	r0, #1
10002a02:	bd70      	pop	{r4, r5, r6, pc}
10002a04:	f7ff ffc2 	bl	1000298c <Disk_FlushBuf>
10002a08:	2800      	cmp	r0, #0
10002a0a:	d008      	beq.n	10002a1e <Disk_MoveBuf+0x2a>
10002a0c:	0020      	movs	r0, r4
10002a0e:	4907      	ldr	r1, [pc, #28]	@ (10002a2c <Disk_MoveBuf+0x38>)
10002a10:	f7ff ff40 	bl	10002894 <SDReadSect>
10002a14:	2800      	cmp	r0, #0
10002a16:	d104      	bne.n	10002a22 <Disk_MoveBuf+0x2e>
10002a18:	2301      	movs	r3, #1
10002a1a:	425b      	negs	r3, r3
10002a1c:	602b      	str	r3, [r5, #0]
10002a1e:	2000      	movs	r0, #0
10002a20:	e7ef      	b.n	10002a02 <Disk_MoveBuf+0xe>
10002a22:	602c      	str	r4, [r5, #0]
10002a24:	e7ec      	b.n	10002a00 <Disk_MoveBuf+0xc>
10002a26:	46c0      	nop			@ (mov r8, r8)
10002a28:	20000270 	.word	0x20000270
10002a2c:	200006d0 	.word	0x200006d0

10002a30 <Disk_ReadFat>:
10002a30:	b5f7      	push	{r0, r1, r2, r4, r5, r6, r7, lr}
10002a32:	0004      	movs	r4, r0
10002a34:	f7ff fb9e 	bl	10002174 <Disk_ClustValid>
10002a38:	2800      	cmp	r0, #0
10002a3a:	d007      	beq.n	10002a4c <Disk_ReadFat+0x1c>
10002a3c:	4b27      	ldr	r3, [pc, #156]	@ (10002adc <Disk_ReadFat+0xac>)
10002a3e:	781e      	ldrb	r6, [r3, #0]
10002a40:	2e02      	cmp	r6, #2
10002a42:	d02d      	beq.n	10002aa0 <Disk_ReadFat+0x70>
10002a44:	2e03      	cmp	r6, #3
10002a46:	d039      	beq.n	10002abc <Disk_ReadFat+0x8c>
10002a48:	2e01      	cmp	r6, #1
10002a4a:	d002      	beq.n	10002a52 <Disk_ReadFat+0x22>
10002a4c:	2001      	movs	r0, #1
10002a4e:	4240      	negs	r0, r0
10002a50:	bdfe      	pop	{r1, r2, r3, r4, r5, r6, r7, pc}
10002a52:	4f23      	ldr	r7, [pc, #140]	@ (10002ae0 <Disk_ReadFat+0xb0>)
10002a54:	0865      	lsrs	r5, r4, #1
10002a56:	683b      	ldr	r3, [r7, #0]
10002a58:	192d      	adds	r5, r5, r4
10002a5a:	0a68      	lsrs	r0, r5, #9
10002a5c:	18c0      	adds	r0, r0, r3
10002a5e:	f7ff ffc9 	bl	100029f4 <Disk_MoveBuf>
10002a62:	2800      	cmp	r0, #0
10002a64:	d0f2      	beq.n	10002a4c <Disk_ReadFat+0x1c>
10002a66:	4b1f      	ldr	r3, [pc, #124]	@ (10002ae4 <Disk_ReadFat+0xb4>)
10002a68:	9300      	str	r3, [sp, #0]
10002a6a:	9a00      	ldr	r2, [sp, #0]
10002a6c:	05eb      	lsls	r3, r5, #23
10002a6e:	0ddb      	lsrs	r3, r3, #23
10002a70:	5cd3      	ldrb	r3, [r2, r3]
10002a72:	3501      	adds	r5, #1
10002a74:	9301      	str	r3, [sp, #4]
10002a76:	683b      	ldr	r3, [r7, #0]
10002a78:	0a68      	lsrs	r0, r5, #9
10002a7a:	18c0      	adds	r0, r0, r3
10002a7c:	f7ff ffba 	bl	100029f4 <Disk_MoveBuf>
10002a80:	2800      	cmp	r0, #0
10002a82:	d0e3      	beq.n	10002a4c <Disk_ReadFat+0x1c>
10002a84:	9b00      	ldr	r3, [sp, #0]
10002a86:	05ed      	lsls	r5, r5, #23
10002a88:	0ded      	lsrs	r5, r5, #23
10002a8a:	5d58      	ldrb	r0, [r3, r5]
10002a8c:	9b01      	ldr	r3, [sp, #4]
10002a8e:	0200      	lsls	r0, r0, #8
10002a90:	4318      	orrs	r0, r3
10002a92:	4234      	tst	r4, r6
10002a94:	d001      	beq.n	10002a9a <Disk_ReadFat+0x6a>
10002a96:	0900      	lsrs	r0, r0, #4
10002a98:	e7da      	b.n	10002a50 <Disk_ReadFat+0x20>
10002a9a:	0500      	lsls	r0, r0, #20
10002a9c:	0d00      	lsrs	r0, r0, #20
10002a9e:	e7d7      	b.n	10002a50 <Disk_ReadFat+0x20>
10002aa0:	4b0f      	ldr	r3, [pc, #60]	@ (10002ae0 <Disk_ReadFat+0xb0>)
10002aa2:	0060      	lsls	r0, r4, #1
10002aa4:	681b      	ldr	r3, [r3, #0]
10002aa6:	0a40      	lsrs	r0, r0, #9
10002aa8:	18c0      	adds	r0, r0, r3
10002aaa:	f7ff ffa3 	bl	100029f4 <Disk_MoveBuf>
10002aae:	2800      	cmp	r0, #0
10002ab0:	d0cc      	beq.n	10002a4c <Disk_ReadFat+0x1c>
10002ab2:	4b0c      	ldr	r3, [pc, #48]	@ (10002ae4 <Disk_ReadFat+0xb4>)
10002ab4:	0624      	lsls	r4, r4, #24
10002ab6:	0de4      	lsrs	r4, r4, #23
10002ab8:	5b18      	ldrh	r0, [r3, r4]
10002aba:	e7c9      	b.n	10002a50 <Disk_ReadFat+0x20>
10002abc:	4b08      	ldr	r3, [pc, #32]	@ (10002ae0 <Disk_ReadFat+0xb0>)
10002abe:	00a0      	lsls	r0, r4, #2
10002ac0:	681b      	ldr	r3, [r3, #0]
10002ac2:	0a40      	lsrs	r0, r0, #9
10002ac4:	18c0      	adds	r0, r0, r3
10002ac6:	f7ff ff95 	bl	100029f4 <Disk_MoveBuf>
10002aca:	2800      	cmp	r0, #0
10002acc:	d0be      	beq.n	10002a4c <Disk_ReadFat+0x1c>
10002ace:	4b05      	ldr	r3, [pc, #20]	@ (10002ae4 <Disk_ReadFat+0xb4>)
10002ad0:	0664      	lsls	r4, r4, #25
10002ad2:	0de4      	lsrs	r4, r4, #23
10002ad4:	5918      	ldr	r0, [r3, r4]
10002ad6:	0100      	lsls	r0, r0, #4
10002ad8:	e7dd      	b.n	10002a96 <Disk_ReadFat+0x66>
10002ada:	46c0      	nop			@ (mov r8, r8)
10002adc:	2003660c 	.word	0x2003660c
10002ae0:	200008f0 	.word	0x200008f0
10002ae4:	200006d0 	.word	0x200006d0

10002ae8 <Disk_DirInx>:
10002ae8:	b5f8      	push	{r3, r4, r5, r6, r7, lr}
10002aea:	2300      	movs	r3, #0
10002aec:	0005      	movs	r5, r0
10002aee:	000c      	movs	r4, r1
10002af0:	6283      	str	r3, [r0, #40]	@ 0x28
10002af2:	06cb      	lsls	r3, r1, #27
10002af4:	d001      	beq.n	10002afa <Disk_DirInx+0x12>
10002af6:	2000      	movs	r0, #0
10002af8:	bdf8      	pop	{r3, r4, r5, r6, r7, pc}
10002afa:	69c6      	ldr	r6, [r0, #28]
10002afc:	6201      	str	r1, [r0, #32]
10002afe:	2e00      	cmp	r6, #0
10002b00:	d009      	beq.n	10002b16 <Disk_DirInx+0x2e>
10002b02:	4f18      	ldr	r7, [pc, #96]	@ (10002b64 <Disk_DirInx+0x7c>)
10002b04:	0030      	movs	r0, r6
10002b06:	683b      	ldr	r3, [r7, #0]
10002b08:	42a3      	cmp	r3, r4
10002b0a:	d921      	bls.n	10002b50 <Disk_DirInx+0x68>
10002b0c:	f7ff fb52 	bl	100021b4 <Disk_ClustSect>
10002b10:	e010      	b.n	10002b34 <Disk_DirInx+0x4c>
10002b12:	001e      	movs	r6, r3
10002b14:	e7f5      	b.n	10002b02 <Disk_DirInx+0x1a>
10002b16:	4b14      	ldr	r3, [pc, #80]	@ (10002b68 <Disk_DirInx+0x80>)
10002b18:	781b      	ldrb	r3, [r3, #0]
10002b1a:	2b03      	cmp	r3, #3
10002b1c:	d103      	bne.n	10002b26 <Disk_DirInx+0x3e>
10002b1e:	4b13      	ldr	r3, [pc, #76]	@ (10002b6c <Disk_DirInx+0x84>)
10002b20:	681b      	ldr	r3, [r3, #0]
10002b22:	2b00      	cmp	r3, #0
10002b24:	d1f5      	bne.n	10002b12 <Disk_DirInx+0x2a>
10002b26:	4b12      	ldr	r3, [pc, #72]	@ (10002b70 <Disk_DirInx+0x88>)
10002b28:	881b      	ldrh	r3, [r3, #0]
10002b2a:	015b      	lsls	r3, r3, #5
10002b2c:	42a3      	cmp	r3, r4
10002b2e:	d9e2      	bls.n	10002af6 <Disk_DirInx+0xe>
10002b30:	4b0e      	ldr	r3, [pc, #56]	@ (10002b6c <Disk_DirInx+0x84>)
10002b32:	6818      	ldr	r0, [r3, #0]
10002b34:	62a8      	str	r0, [r5, #40]	@ 0x28
10002b36:	2800      	cmp	r0, #0
10002b38:	d0dd      	beq.n	10002af6 <Disk_DirInx+0xe>
10002b3a:	0a63      	lsrs	r3, r4, #9
10002b3c:	181b      	adds	r3, r3, r0
10002b3e:	62ab      	str	r3, [r5, #40]	@ 0x28
10002b40:	05e4      	lsls	r4, r4, #23
10002b42:	4b0c      	ldr	r3, [pc, #48]	@ (10002b74 <Disk_DirInx+0x8c>)
10002b44:	0de4      	lsrs	r4, r4, #23
10002b46:	18e4      	adds	r4, r4, r3
10002b48:	2001      	movs	r0, #1
10002b4a:	626e      	str	r6, [r5, #36]	@ 0x24
10002b4c:	60ec      	str	r4, [r5, #12]
10002b4e:	e7d3      	b.n	10002af8 <Disk_DirInx+0x10>
10002b50:	f7ff ff6e 	bl	10002a30 <Disk_ReadFat>
10002b54:	0006      	movs	r6, r0
10002b56:	f7ff fb0d 	bl	10002174 <Disk_ClustValid>
10002b5a:	2800      	cmp	r0, #0
10002b5c:	d0cb      	beq.n	10002af6 <Disk_DirInx+0xe>
10002b5e:	683b      	ldr	r3, [r7, #0]
10002b60:	1ae4      	subs	r4, r4, r3
10002b62:	e7ce      	b.n	10002b02 <Disk_DirInx+0x1a>
10002b64:	20000630 	.word	0x20000630
10002b68:	2003660c 	.word	0x2003660c
10002b6c:	2000069c 	.word	0x2000069c
10002b70:	200365f8 	.word	0x200365f8
10002b74:	200006d0 	.word	0x200006d0

10002b78 <FileSeek>:
10002b78:	b5f8      	push	{r3, r4, r5, r6, r7, lr}
10002b7a:	1e04      	subs	r4, r0, #0
10002b7c:	d101      	bne.n	10002b82 <FileSeek+0xa>
10002b7e:	2000      	movs	r0, #0
10002b80:	bdf8      	pop	{r3, r4, r5, r6, r7, pc}
10002b82:	7803      	ldrb	r3, [r0, #0]
10002b84:	2b00      	cmp	r3, #0
10002b86:	d0fa      	beq.n	10002b7e <FileSeek+0x6>
10002b88:	6986      	ldr	r6, [r0, #24]
10002b8a:	428e      	cmp	r6, r1
10002b8c:	d900      	bls.n	10002b90 <FileSeek+0x18>
10002b8e:	000e      	movs	r6, r1
10002b90:	6a22      	ldr	r2, [r4, #32]
10002b92:	42b2      	cmp	r2, r6
10002b94:	d011      	beq.n	10002bba <FileSeek+0x42>
10002b96:	2200      	movs	r2, #0
10002b98:	6226      	str	r6, [r4, #32]
10002b9a:	62a2      	str	r2, [r4, #40]	@ 0x28
10002b9c:	4296      	cmp	r6, r2
10002b9e:	d00c      	beq.n	10002bba <FileSeek+0x42>
10002ba0:	69e5      	ldr	r5, [r4, #28]
10002ba2:	3e01      	subs	r6, #1
10002ba4:	4f0b      	ldr	r7, [pc, #44]	@ (10002bd4 <FileSeek+0x5c>)
10002ba6:	683b      	ldr	r3, [r7, #0]
10002ba8:	42b3      	cmp	r3, r6
10002baa:	d908      	bls.n	10002bbe <FileSeek+0x46>
10002bac:	0028      	movs	r0, r5
10002bae:	6265      	str	r5, [r4, #36]	@ 0x24
10002bb0:	f7ff fb00 	bl	100021b4 <Disk_ClustSect>
10002bb4:	0a73      	lsrs	r3, r6, #9
10002bb6:	181b      	adds	r3, r3, r0
10002bb8:	62a3      	str	r3, [r4, #40]	@ 0x28
10002bba:	2001      	movs	r0, #1
10002bbc:	e7e0      	b.n	10002b80 <FileSeek+0x8>
10002bbe:	0028      	movs	r0, r5
10002bc0:	f7ff ff36 	bl	10002a30 <Disk_ReadFat>
10002bc4:	0005      	movs	r5, r0
10002bc6:	f7ff fad5 	bl	10002174 <Disk_ClustValid>
10002bca:	2800      	cmp	r0, #0
10002bcc:	d0d7      	beq.n	10002b7e <FileSeek+0x6>
10002bce:	683b      	ldr	r3, [r7, #0]
10002bd0:	1af6      	subs	r6, r6, r3
10002bd2:	e7e7      	b.n	10002ba4 <FileSeek+0x2c>
10002bd4:	20000630 	.word	0x20000630

10002bd8 <Disk_WriteFat>:
10002bd8:	b5f0      	push	{r4, r5, r6, r7, lr}
10002bda:	b085      	sub	sp, #20
10002bdc:	0004      	movs	r4, r0
10002bde:	000d      	movs	r5, r1
10002be0:	f7ff fac8 	bl	10002174 <Disk_ClustValid>
10002be4:	9002      	str	r0, [sp, #8]
10002be6:	2800      	cmp	r0, #0
10002be8:	d007      	beq.n	10002bfa <Disk_WriteFat+0x22>
10002bea:	4b38      	ldr	r3, [pc, #224]	@ (10002ccc <Disk_WriteFat+0xf4>)
10002bec:	781f      	ldrb	r7, [r3, #0]
10002bee:	2f02      	cmp	r7, #2
10002bf0:	d046      	beq.n	10002c80 <Disk_WriteFat+0xa8>
10002bf2:	2f03      	cmp	r7, #3
10002bf4:	d055      	beq.n	10002ca2 <Disk_WriteFat+0xca>
10002bf6:	2f01      	cmp	r7, #1
10002bf8:	d004      	beq.n	10002c04 <Disk_WriteFat+0x2c>
10002bfa:	2300      	movs	r3, #0
10002bfc:	9302      	str	r3, [sp, #8]
10002bfe:	9802      	ldr	r0, [sp, #8]
10002c00:	b005      	add	sp, #20
10002c02:	bdf0      	pop	{r4, r5, r6, r7, pc}
10002c04:	4e32      	ldr	r6, [pc, #200]	@ (10002cd0 <Disk_WriteFat+0xf8>)
10002c06:	0863      	lsrs	r3, r4, #1
10002c08:	191b      	adds	r3, r3, r4
10002c0a:	0a58      	lsrs	r0, r3, #9
10002c0c:	9301      	str	r3, [sp, #4]
10002c0e:	6833      	ldr	r3, [r6, #0]
10002c10:	18c0      	adds	r0, r0, r3
10002c12:	f7ff feef 	bl	100029f4 <Disk_MoveBuf>
10002c16:	2800      	cmp	r0, #0
10002c18:	d0ef      	beq.n	10002bfa <Disk_WriteFat+0x22>
10002c1a:	9b01      	ldr	r3, [sp, #4]
10002c1c:	4a2d      	ldr	r2, [pc, #180]	@ (10002cd4 <Disk_WriteFat+0xfc>)
10002c1e:	05d9      	lsls	r1, r3, #23
10002c20:	0023      	movs	r3, r4
10002c22:	403b      	ands	r3, r7
10002c24:	9303      	str	r3, [sp, #12]
10002c26:	0dc9      	lsrs	r1, r1, #23
10002c28:	b2eb      	uxtb	r3, r5
10002c2a:	9200      	str	r2, [sp, #0]
10002c2c:	423c      	tst	r4, r7
10002c2e:	d005      	beq.n	10002c3c <Disk_WriteFat+0x64>
10002c30:	200f      	movs	r0, #15
10002c32:	5c52      	ldrb	r2, [r2, r1]
10002c34:	011b      	lsls	r3, r3, #4
10002c36:	4002      	ands	r2, r0
10002c38:	4313      	orrs	r3, r2
10002c3a:	b2db      	uxtb	r3, r3
10002c3c:	9a00      	ldr	r2, [sp, #0]
10002c3e:	4f26      	ldr	r7, [pc, #152]	@ (10002cd8 <Disk_WriteFat+0x100>)
10002c40:	5453      	strb	r3, [r2, r1]
10002c42:	2301      	movs	r3, #1
10002c44:	9c01      	ldr	r4, [sp, #4]
10002c46:	703b      	strb	r3, [r7, #0]
10002c48:	18e4      	adds	r4, r4, r3
10002c4a:	6833      	ldr	r3, [r6, #0]
10002c4c:	0a60      	lsrs	r0, r4, #9
10002c4e:	18c0      	adds	r0, r0, r3
10002c50:	f7ff fed0 	bl	100029f4 <Disk_MoveBuf>
10002c54:	2800      	cmp	r0, #0
10002c56:	d0d0      	beq.n	10002bfa <Disk_WriteFat+0x22>
10002c58:	9b03      	ldr	r3, [sp, #12]
10002c5a:	05e4      	lsls	r4, r4, #23
10002c5c:	0de4      	lsrs	r4, r4, #23
10002c5e:	2b00      	cmp	r3, #0
10002c60:	d006      	beq.n	10002c70 <Disk_WriteFat+0x98>
10002c62:	092d      	lsrs	r5, r5, #4
10002c64:	b2ed      	uxtb	r5, r5
10002c66:	9b00      	ldr	r3, [sp, #0]
10002c68:	551d      	strb	r5, [r3, r4]
10002c6a:	2301      	movs	r3, #1
10002c6c:	703b      	strb	r3, [r7, #0]
10002c6e:	e7c6      	b.n	10002bfe <Disk_WriteFat+0x26>
10002c70:	220f      	movs	r2, #15
10002c72:	9b00      	ldr	r3, [sp, #0]
10002c74:	0a2d      	lsrs	r5, r5, #8
10002c76:	5d1b      	ldrb	r3, [r3, r4]
10002c78:	4015      	ands	r5, r2
10002c7a:	4393      	bics	r3, r2
10002c7c:	431d      	orrs	r5, r3
10002c7e:	e7f2      	b.n	10002c66 <Disk_WriteFat+0x8e>
10002c80:	4b13      	ldr	r3, [pc, #76]	@ (10002cd0 <Disk_WriteFat+0xf8>)
10002c82:	0060      	lsls	r0, r4, #1
10002c84:	681b      	ldr	r3, [r3, #0]
10002c86:	0a40      	lsrs	r0, r0, #9
10002c88:	18c0      	adds	r0, r0, r3
10002c8a:	f7ff feb3 	bl	100029f4 <Disk_MoveBuf>
10002c8e:	2800      	cmp	r0, #0
10002c90:	d0b3      	beq.n	10002bfa <Disk_WriteFat+0x22>
10002c92:	4b10      	ldr	r3, [pc, #64]	@ (10002cd4 <Disk_WriteFat+0xfc>)
10002c94:	0624      	lsls	r4, r4, #24
10002c96:	0de4      	lsrs	r4, r4, #23
10002c98:	531d      	strh	r5, [r3, r4]
10002c9a:	2201      	movs	r2, #1
10002c9c:	4b0e      	ldr	r3, [pc, #56]	@ (10002cd8 <Disk_WriteFat+0x100>)
10002c9e:	701a      	strb	r2, [r3, #0]
10002ca0:	e7ad      	b.n	10002bfe <Disk_WriteFat+0x26>
10002ca2:	4b0b      	ldr	r3, [pc, #44]	@ (10002cd0 <Disk_WriteFat+0xf8>)
10002ca4:	00a0      	lsls	r0, r4, #2
10002ca6:	681b      	ldr	r3, [r3, #0]
10002ca8:	0a40      	lsrs	r0, r0, #9
10002caa:	18c0      	adds	r0, r0, r3
10002cac:	f7ff fea2 	bl	100029f4 <Disk_MoveBuf>
10002cb0:	2800      	cmp	r0, #0
10002cb2:	d0a2      	beq.n	10002bfa <Disk_WriteFat+0x22>
10002cb4:	4b07      	ldr	r3, [pc, #28]	@ (10002cd4 <Disk_WriteFat+0xfc>)
10002cb6:	0664      	lsls	r4, r4, #25
10002cb8:	0de4      	lsrs	r4, r4, #23
10002cba:	18e4      	adds	r4, r4, r3
10002cbc:	6823      	ldr	r3, [r4, #0]
10002cbe:	012d      	lsls	r5, r5, #4
10002cc0:	0f1b      	lsrs	r3, r3, #28
10002cc2:	071b      	lsls	r3, r3, #28
10002cc4:	092d      	lsrs	r5, r5, #4
10002cc6:	432b      	orrs	r3, r5
10002cc8:	6023      	str	r3, [r4, #0]
10002cca:	e7e6      	b.n	10002c9a <Disk_WriteFat+0xc2>
10002ccc:	2003660c 	.word	0x2003660c
10002cd0:	200008f0 	.word	0x200008f0
10002cd4:	200006d0 	.word	0x200006d0
10002cd8:	2003660b 	.word	0x2003660b

10002cdc <Disk_CreateFat>:
10002cdc:	b5f7      	push	{r0, r1, r2, r4, r5, r6, r7, lr}
10002cde:	1e05      	subs	r5, r0, #0
10002ce0:	d10d      	bne.n	10002cfe <Disk_CreateFat+0x22>
10002ce2:	4b39      	ldr	r3, [pc, #228]	@ (10002dc8 <Disk_CreateFat+0xec>)
10002ce4:	681e      	ldr	r6, [r3, #0]
10002ce6:	2e00      	cmp	r6, #0
10002ce8:	d019      	beq.n	10002d1e <Disk_CreateFat+0x42>
10002cea:	4b38      	ldr	r3, [pc, #224]	@ (10002dcc <Disk_CreateFat+0xf0>)
10002cec:	681b      	ldr	r3, [r3, #0]
10002cee:	42b3      	cmp	r3, r6
10002cf0:	d915      	bls.n	10002d1e <Disk_CreateFat+0x42>
10002cf2:	4f37      	ldr	r7, [pc, #220]	@ (10002dd0 <Disk_CreateFat+0xf4>)
10002cf4:	683b      	ldr	r3, [r7, #0]
10002cf6:	2b00      	cmp	r3, #0
10002cf8:	d113      	bne.n	10002d22 <Disk_CreateFat+0x46>
10002cfa:	2400      	movs	r4, #0
10002cfc:	e007      	b.n	10002d0e <Disk_CreateFat+0x32>
10002cfe:	f7ff fe97 	bl	10002a30 <Disk_ReadFat>
10002d02:	1e83      	subs	r3, r0, #2
10002d04:	0004      	movs	r4, r0
10002d06:	3304      	adds	r3, #4
10002d08:	d903      	bls.n	10002d12 <Disk_CreateFat+0x36>
10002d0a:	2401      	movs	r4, #1
10002d0c:	4264      	negs	r4, r4
10002d0e:	0020      	movs	r0, r4
10002d10:	bdfe      	pop	{r1, r2, r3, r4, r5, r6, r7, pc}
10002d12:	4b2e      	ldr	r3, [pc, #184]	@ (10002dcc <Disk_CreateFat+0xf0>)
10002d14:	002e      	movs	r6, r5
10002d16:	681b      	ldr	r3, [r3, #0]
10002d18:	4283      	cmp	r3, r0
10002d1a:	d9ea      	bls.n	10002cf2 <Disk_CreateFat+0x16>
10002d1c:	e7f7      	b.n	10002d0e <Disk_CreateFat+0x32>
10002d1e:	2601      	movs	r6, #1
10002d20:	e7e7      	b.n	10002cf2 <Disk_CreateFat+0x16>
10002d22:	4b2a      	ldr	r3, [pc, #168]	@ (10002dcc <Disk_CreateFat+0xf0>)
10002d24:	9301      	str	r3, [sp, #4]
10002d26:	42ae      	cmp	r6, r5
10002d28:	d113      	bne.n	10002d52 <Disk_CreateFat+0x76>
10002d2a:	681b      	ldr	r3, [r3, #0]
10002d2c:	1c74      	adds	r4, r6, #1
10002d2e:	42a3      	cmp	r3, r4
10002d30:	d800      	bhi.n	10002d34 <Disk_CreateFat+0x58>
10002d32:	2402      	movs	r4, #2
10002d34:	0020      	movs	r0, r4
10002d36:	f7ff fe7b 	bl	10002a30 <Disk_ReadFat>
10002d3a:	1c43      	adds	r3, r0, #1
10002d3c:	d0e5      	beq.n	10002d0a <Disk_CreateFat+0x2e>
10002d3e:	2800      	cmp	r0, #0
10002d40:	d01d      	beq.n	10002d7e <Disk_CreateFat+0xa2>
10002d42:	4b21      	ldr	r3, [pc, #132]	@ (10002dc8 <Disk_CreateFat+0xec>)
10002d44:	681b      	ldr	r3, [r3, #0]
10002d46:	0018      	movs	r0, r3
10002d48:	9300      	str	r3, [sp, #0]
10002d4a:	f7ff fa13 	bl	10002174 <Disk_ClustValid>
10002d4e:	2800      	cmp	r0, #0
10002d50:	d100      	bne.n	10002d54 <Disk_CreateFat+0x78>
10002d52:	9600      	str	r6, [sp, #0]
10002d54:	9c00      	ldr	r4, [sp, #0]
10002d56:	9b01      	ldr	r3, [sp, #4]
10002d58:	3401      	adds	r4, #1
10002d5a:	681b      	ldr	r3, [r3, #0]
10002d5c:	42a3      	cmp	r3, r4
10002d5e:	d803      	bhi.n	10002d68 <Disk_CreateFat+0x8c>
10002d60:	9b00      	ldr	r3, [sp, #0]
10002d62:	2b01      	cmp	r3, #1
10002d64:	d9c9      	bls.n	10002cfa <Disk_CreateFat+0x1e>
10002d66:	2402      	movs	r4, #2
10002d68:	0020      	movs	r0, r4
10002d6a:	f7ff fe61 	bl	10002a30 <Disk_ReadFat>
10002d6e:	2800      	cmp	r0, #0
10002d70:	d007      	beq.n	10002d82 <Disk_CreateFat+0xa6>
10002d72:	3001      	adds	r0, #1
10002d74:	d0c9      	beq.n	10002d0a <Disk_CreateFat+0x2e>
10002d76:	9b00      	ldr	r3, [sp, #0]
10002d78:	429c      	cmp	r4, r3
10002d7a:	d1ec      	bne.n	10002d56 <Disk_CreateFat+0x7a>
10002d7c:	e7bd      	b.n	10002cfa <Disk_CreateFat+0x1e>
10002d7e:	2c00      	cmp	r4, #0
10002d80:	d0e7      	beq.n	10002d52 <Disk_CreateFat+0x76>
10002d82:	2101      	movs	r1, #1
10002d84:	0020      	movs	r0, r4
10002d86:	4249      	negs	r1, r1
10002d88:	f7ff ff26 	bl	10002bd8 <Disk_WriteFat>
10002d8c:	2800      	cmp	r0, #0
10002d8e:	d0bc      	beq.n	10002d0a <Disk_CreateFat+0x2e>
10002d90:	2d00      	cmp	r5, #0
10002d92:	d10c      	bne.n	10002dae <Disk_CreateFat+0xd2>
10002d94:	4b0c      	ldr	r3, [pc, #48]	@ (10002dc8 <Disk_CreateFat+0xec>)
10002d96:	4a0f      	ldr	r2, [pc, #60]	@ (10002dd4 <Disk_CreateFat+0xf8>)
10002d98:	601c      	str	r4, [r3, #0]
10002d9a:	6812      	ldr	r2, [r2, #0]
10002d9c:	683b      	ldr	r3, [r7, #0]
10002d9e:	4293      	cmp	r3, r2
10002da0:	d90c      	bls.n	10002dbc <Disk_CreateFat+0xe0>
10002da2:	2301      	movs	r3, #1
10002da4:	4a0c      	ldr	r2, [pc, #48]	@ (10002dd8 <Disk_CreateFat+0xfc>)
10002da6:	7811      	ldrb	r1, [r2, #0]
10002da8:	430b      	orrs	r3, r1
10002daa:	7013      	strb	r3, [r2, #0]
10002dac:	e7af      	b.n	10002d0e <Disk_CreateFat+0x32>
10002dae:	0021      	movs	r1, r4
10002db0:	0028      	movs	r0, r5
10002db2:	f7ff ff11 	bl	10002bd8 <Disk_WriteFat>
10002db6:	2800      	cmp	r0, #0
10002db8:	d1ec      	bne.n	10002d94 <Disk_CreateFat+0xb8>
10002dba:	e7a6      	b.n	10002d0a <Disk_CreateFat+0x2e>
10002dbc:	2b00      	cmp	r3, #0
10002dbe:	d0f0      	beq.n	10002da2 <Disk_CreateFat+0xc6>
10002dc0:	3b01      	subs	r3, #1
10002dc2:	603b      	str	r3, [r7, #0]
10002dc4:	e7ed      	b.n	10002da2 <Disk_CreateFat+0xc6>
10002dc6:	46c0      	nop			@ (mov r8, r8)
10002dc8:	20000628 	.word	0x20000628
10002dcc:	200008f4 	.word	0x200008f4
10002dd0:	20000624 	.word	0x20000624
10002dd4:	2000062c 	.word	0x2000062c
10002dd8:	2000026c 	.word	0x2000026c

10002ddc <Disk_CheckFS>:
10002ddc:	b5f8      	push	{r3, r4, r5, r6, r7, lr}
10002dde:	f7ff fe09 	bl	100029f4 <Disk_MoveBuf>
10002de2:	2104      	movs	r1, #4
10002de4:	1e04      	subs	r4, r0, #0
10002de6:	d051      	beq.n	10002e8c <Disk_CheckFS+0xb0>
10002de8:	23ff      	movs	r3, #255	@ 0xff
10002dea:	4d2a      	ldr	r5, [pc, #168]	@ (10002e94 <Disk_CheckFS+0xb8>)
10002dec:	005b      	lsls	r3, r3, #1
10002dee:	5aea      	ldrh	r2, [r5, r3]
10002df0:	4b29      	ldr	r3, [pc, #164]	@ (10002e98 <Disk_CheckFS+0xbc>)
10002df2:	429a      	cmp	r2, r3
10002df4:	d14a      	bne.n	10002e8c <Disk_CheckFS+0xb0>
10002df6:	4829      	ldr	r0, [pc, #164]	@ (10002e9c <Disk_CheckFS+0xc0>)
10002df8:	f7ff f9c8 	bl	1000218c <Disk_CompFATName>
10002dfc:	2800      	cmp	r0, #0
10002dfe:	d105      	bne.n	10002e0c <Disk_CheckFS+0x30>
10002e00:	2103      	movs	r1, #3
10002e02:	4827      	ldr	r0, [pc, #156]	@ (10002ea0 <Disk_CheckFS+0xc4>)
10002e04:	f7ff f9c2 	bl	1000218c <Disk_CompFATName>
10002e08:	1e01      	subs	r1, r0, #0
10002e0a:	d03f      	beq.n	10002e8c <Disk_CheckFS+0xb0>
10002e0c:	2280      	movs	r2, #128	@ 0x80
10002e0e:	7b2b      	ldrb	r3, [r5, #12]
10002e10:	7ae9      	ldrb	r1, [r5, #11]
10002e12:	021b      	lsls	r3, r3, #8
10002e14:	430b      	orrs	r3, r1
10002e16:	0092      	lsls	r2, r2, #2
10002e18:	2100      	movs	r1, #0
10002e1a:	4293      	cmp	r3, r2
10002e1c:	d136      	bne.n	10002e8c <Disk_CheckFS+0xb0>
10002e1e:	8aea      	ldrh	r2, [r5, #22]
10002e20:	428a      	cmp	r2, r1
10002e22:	d102      	bne.n	10002e2a <Disk_CheckFS+0x4e>
10002e24:	6a6a      	ldr	r2, [r5, #36]	@ 0x24
10002e26:	428a      	cmp	r2, r1
10002e28:	d030      	beq.n	10002e8c <Disk_CheckFS+0xb0>
10002e2a:	7c2e      	ldrb	r6, [r5, #16]
10002e2c:	2100      	movs	r1, #0
10002e2e:	1e73      	subs	r3, r6, #1
10002e30:	2b01      	cmp	r3, #1
10002e32:	d82b      	bhi.n	10002e8c <Disk_CheckFS+0xb0>
10002e34:	7b69      	ldrb	r1, [r5, #13]
10002e36:	2900      	cmp	r1, #0
10002e38:	d028      	beq.n	10002e8c <Disk_CheckFS+0xb0>
10002e3a:	1e4b      	subs	r3, r1, #1
10002e3c:	4219      	tst	r1, r3
10002e3e:	d127      	bne.n	10002e90 <Disk_CheckFS+0xb4>
10002e40:	692b      	ldr	r3, [r5, #16]
10002e42:	021b      	lsls	r3, r3, #8
10002e44:	0c1b      	lsrs	r3, r3, #16
10002e46:	071f      	lsls	r7, r3, #28
10002e48:	d122      	bne.n	10002e90 <Disk_CheckFS+0xb4>
10002e4a:	7d28      	ldrb	r0, [r5, #20]
10002e4c:	7cef      	ldrb	r7, [r5, #19]
10002e4e:	0200      	lsls	r0, r0, #8
10002e50:	4338      	orrs	r0, r7
10002e52:	d100      	bne.n	10002e56 <Disk_CheckFS+0x7a>
10002e54:	6a28      	ldr	r0, [r5, #32]
10002e56:	89ed      	ldrh	r5, [r5, #14]
10002e58:	2d00      	cmp	r5, #0
10002e5a:	d019      	beq.n	10002e90 <Disk_CheckFS+0xb4>
10002e5c:	4372      	muls	r2, r6
10002e5e:	091b      	lsrs	r3, r3, #4
10002e60:	195b      	adds	r3, r3, r5
10002e62:	189b      	adds	r3, r3, r2
10002e64:	4283      	cmp	r3, r0
10002e66:	d813      	bhi.n	10002e90 <Disk_CheckFS+0xb4>
10002e68:	1ac0      	subs	r0, r0, r3
10002e6a:	4288      	cmp	r0, r1
10002e6c:	d310      	bcc.n	10002e90 <Disk_CheckFS+0xb4>
10002e6e:	f7fd fa71 	bl	10000354 <DivU32>
10002e72:	4b0c      	ldr	r3, [pc, #48]	@ (10002ea4 <Disk_CheckFS+0xc8>)
10002e74:	2100      	movs	r1, #0
10002e76:	4298      	cmp	r0, r3
10002e78:	d808      	bhi.n	10002e8c <Disk_CheckFS+0xb0>
10002e7a:	4b0b      	ldr	r3, [pc, #44]	@ (10002ea8 <Disk_CheckFS+0xcc>)
10002e7c:	3103      	adds	r1, #3
10002e7e:	4298      	cmp	r0, r3
10002e80:	d804      	bhi.n	10002e8c <Disk_CheckFS+0xb0>
10002e82:	4b0a      	ldr	r3, [pc, #40]	@ (10002eac <Disk_CheckFS+0xd0>)
10002e84:	0021      	movs	r1, r4
10002e86:	4298      	cmp	r0, r3
10002e88:	d900      	bls.n	10002e8c <Disk_CheckFS+0xb0>
10002e8a:	2102      	movs	r1, #2
10002e8c:	0008      	movs	r0, r1
10002e8e:	bdf8      	pop	{r3, r4, r5, r6, r7, pc}
10002e90:	2100      	movs	r1, #0
10002e92:	e7fb      	b.n	10002e8c <Disk_CheckFS+0xb0>
10002e94:	200006d0 	.word	0x200006d0
10002e98:	0000aa55 	.word	0x0000aa55
10002e9c:	20000706 	.word	0x20000706
10002ea0:	20000722 	.word	0x20000722
10002ea4:	0ffffff5 	.word	0x0ffffff5
10002ea8:	0000fff8 	.word	0x0000fff8
10002eac:	00000ff5 	.word	0x00000ff5

10002eb0 <DiskMount>:
10002eb0:	b5f0      	push	{r4, r5, r6, r7, lr}
10002eb2:	b08b      	sub	sp, #44	@ 0x2c
10002eb4:	f7ff fad4 	bl	10002460 <DiskUnmount>
10002eb8:	f7ff fbfa 	bl	100026b0 <SDConnect>
10002ebc:	9003      	str	r0, [sp, #12]
10002ebe:	2800      	cmp	r0, #0
10002ec0:	d104      	bne.n	10002ecc <DiskMount+0x1c>
10002ec2:	2300      	movs	r3, #0
10002ec4:	9303      	str	r3, [sp, #12]
10002ec6:	9803      	ldr	r0, [sp, #12]
10002ec8:	b00b      	add	sp, #44	@ 0x2c
10002eca:	bdf0      	pop	{r4, r5, r6, r7, pc}
10002ecc:	2000      	movs	r0, #0
10002ece:	f7ff ff85 	bl	10002ddc <Disk_CheckFS>
10002ed2:	0006      	movs	r6, r0
10002ed4:	2804      	cmp	r0, #4
10002ed6:	d0f4      	beq.n	10002ec2 <DiskMount+0x12>
10002ed8:	2800      	cmp	r0, #0
10002eda:	d000      	beq.n	10002ede <DiskMount+0x2e>
10002edc:	e0b3      	b.n	10003046 <DiskMount+0x196>
10002ede:	0003      	movs	r3, r0
10002ee0:	4965      	ldr	r1, [pc, #404]	@ (10003078 <DiskMount+0x1c8>)
10002ee2:	ad06      	add	r5, sp, #24
10002ee4:	011a      	lsls	r2, r3, #4
10002ee6:	5c88      	ldrb	r0, [r1, r2]
10002ee8:	2200      	movs	r2, #0
10002eea:	4290      	cmp	r0, r2
10002eec:	d008      	beq.n	10002f00 <DiskMount+0x50>
10002eee:	0018      	movs	r0, r3
10002ef0:	4a62      	ldr	r2, [pc, #392]	@ (1000307c <DiskMount+0x1cc>)
10002ef2:	301c      	adds	r0, #28
10002ef4:	0100      	lsls	r0, r0, #4
10002ef6:	1812      	adds	r2, r2, r0
10002ef8:	88d0      	ldrh	r0, [r2, #6]
10002efa:	8912      	ldrh	r2, [r2, #8]
10002efc:	0412      	lsls	r2, r2, #16
10002efe:	4302      	orrs	r2, r0
10002f00:	0098      	lsls	r0, r3, #2
10002f02:	3301      	adds	r3, #1
10002f04:	5142      	str	r2, [r0, r5]
10002f06:	2b04      	cmp	r3, #4
10002f08:	d1ec      	bne.n	10002ee4 <DiskMount+0x34>
10002f0a:	2400      	movs	r4, #0
10002f0c:	00a3      	lsls	r3, r4, #2
10002f0e:	58eb      	ldr	r3, [r5, r3]
10002f10:	9301      	str	r3, [sp, #4]
10002f12:	2b00      	cmp	r3, #0
10002f14:	d007      	beq.n	10002f26 <DiskMount+0x76>
10002f16:	0018      	movs	r0, r3
10002f18:	f7ff ff60 	bl	10002ddc <Disk_CheckFS>
10002f1c:	1e43      	subs	r3, r0, #1
10002f1e:	b2db      	uxtb	r3, r3
10002f20:	0006      	movs	r6, r0
10002f22:	2b02      	cmp	r3, #2
10002f24:	d906      	bls.n	10002f34 <DiskMount+0x84>
10002f26:	3401      	adds	r4, #1
10002f28:	2c04      	cmp	r4, #4
10002f2a:	d1ef      	bne.n	10002f0c <DiskMount+0x5c>
10002f2c:	1e73      	subs	r3, r6, #1
10002f2e:	b2db      	uxtb	r3, r3
10002f30:	2b02      	cmp	r3, #2
10002f32:	d8c6      	bhi.n	10002ec2 <DiskMount+0x12>
10002f34:	4b51      	ldr	r3, [pc, #324]	@ (1000307c <DiskMount+0x1cc>)
10002f36:	8add      	ldrh	r5, [r3, #22]
10002f38:	2d00      	cmp	r5, #0
10002f3a:	d100      	bne.n	10002f3e <DiskMount+0x8e>
10002f3c:	6a5d      	ldr	r5, [r3, #36]	@ 0x24
10002f3e:	4a50      	ldr	r2, [pc, #320]	@ (10003080 <DiskMount+0x1d0>)
10002f40:	4950      	ldr	r1, [pc, #320]	@ (10003084 <DiskMount+0x1d4>)
10002f42:	6015      	str	r5, [r2, #0]
10002f44:	7c1a      	ldrb	r2, [r3, #16]
10002f46:	700a      	strb	r2, [r1, #0]
10002f48:	436a      	muls	r2, r5
10002f4a:	9205      	str	r2, [sp, #20]
10002f4c:	7b59      	ldrb	r1, [r3, #13]
10002f4e:	4a4e      	ldr	r2, [pc, #312]	@ (10003088 <DiskMount+0x1d8>)
10002f50:	0248      	lsls	r0, r1, #9
10002f52:	7011      	strb	r1, [r2, #0]
10002f54:	4a4d      	ldr	r2, [pc, #308]	@ (1000308c <DiskMount+0x1dc>)
10002f56:	6010      	str	r0, [r2, #0]
10002f58:	691a      	ldr	r2, [r3, #16]
10002f5a:	0212      	lsls	r2, r2, #8
10002f5c:	0c10      	lsrs	r0, r2, #16
10002f5e:	4a4c      	ldr	r2, [pc, #304]	@ (10003090 <DiskMount+0x1e0>)
10002f60:	9002      	str	r0, [sp, #8]
10002f62:	8010      	strh	r0, [r2, #0]
10002f64:	7d18      	ldrb	r0, [r3, #20]
10002f66:	7cda      	ldrb	r2, [r3, #19]
10002f68:	0200      	lsls	r0, r0, #8
10002f6a:	4310      	orrs	r0, r2
10002f6c:	d100      	bne.n	10002f70 <DiskMount+0xc0>
10002f6e:	6a18      	ldr	r0, [r3, #32]
10002f70:	4b48      	ldr	r3, [pc, #288]	@ (10003094 <DiskMount+0x1e4>)
10002f72:	4c42      	ldr	r4, [pc, #264]	@ (1000307c <DiskMount+0x1cc>)
10002f74:	6018      	str	r0, [r3, #0]
10002f76:	89e3      	ldrh	r3, [r4, #14]
10002f78:	9304      	str	r3, [sp, #16]
10002f7a:	9b02      	ldr	r3, [sp, #8]
10002f7c:	9a04      	ldr	r2, [sp, #16]
10002f7e:	091b      	lsrs	r3, r3, #4
10002f80:	189b      	adds	r3, r3, r2
10002f82:	9a05      	ldr	r2, [sp, #20]
10002f84:	189f      	adds	r7, r3, r2
10002f86:	1bc0      	subs	r0, r0, r7
10002f88:	f7fd f9e4 	bl	10000354 <DivU32>
10002f8c:	9a01      	ldr	r2, [sp, #4]
10002f8e:	4b42      	ldr	r3, [pc, #264]	@ (10003098 <DiskMount+0x1e8>)
10002f90:	4694      	mov	ip, r2
10002f92:	4661      	mov	r1, ip
10002f94:	6018      	str	r0, [r3, #0]
10002f96:	4b41      	ldr	r3, [pc, #260]	@ (1000309c <DiskMount+0x1ec>)
10002f98:	3002      	adds	r0, #2
10002f9a:	6018      	str	r0, [r3, #0]
10002f9c:	4b40      	ldr	r3, [pc, #256]	@ (100030a0 <DiskMount+0x1f0>)
10002f9e:	187f      	adds	r7, r7, r1
10002fa0:	601a      	str	r2, [r3, #0]
10002fa2:	9b04      	ldr	r3, [sp, #16]
10002fa4:	4a3f      	ldr	r2, [pc, #252]	@ (100030a4 <DiskMount+0x1f4>)
10002fa6:	4463      	add	r3, ip
10002fa8:	6013      	str	r3, [r2, #0]
10002faa:	4a3f      	ldr	r2, [pc, #252]	@ (100030a8 <DiskMount+0x1f8>)
10002fac:	6017      	str	r7, [r2, #0]
10002fae:	2e03      	cmp	r6, #3
10002fb0:	d14c      	bne.n	1000304c <DiskMount+0x19c>
10002fb2:	9b02      	ldr	r3, [sp, #8]
10002fb4:	2b00      	cmp	r3, #0
10002fb6:	d000      	beq.n	10002fba <DiskMount+0x10a>
10002fb8:	e783      	b.n	10002ec2 <DiskMount+0x12>
10002fba:	4b3c      	ldr	r3, [pc, #240]	@ (100030ac <DiskMount+0x1fc>)
10002fbc:	6ae2      	ldr	r2, [r4, #44]	@ 0x2c
10002fbe:	0080      	lsls	r0, r0, #2
10002fc0:	601a      	str	r2, [r3, #0]
10002fc2:	0023      	movs	r3, r4
10002fc4:	3343      	adds	r3, #67	@ 0x43
10002fc6:	781a      	ldrb	r2, [r3, #0]
10002fc8:	6c63      	ldr	r3, [r4, #68]	@ 0x44
10002fca:	021b      	lsls	r3, r3, #8
10002fcc:	4313      	orrs	r3, r2
10002fce:	4a38      	ldr	r2, [pc, #224]	@ (100030b0 <DiskMount+0x200>)
10002fd0:	6013      	str	r3, [r2, #0]
10002fd2:	4b38      	ldr	r3, [pc, #224]	@ (100030b4 <DiskMount+0x204>)
10002fd4:	18c0      	adds	r0, r0, r3
10002fd6:	0a40      	lsrs	r0, r0, #9
10002fd8:	42a8      	cmp	r0, r5
10002fda:	d900      	bls.n	10002fde <DiskMount+0x12e>
10002fdc:	e771      	b.n	10002ec2 <DiskMount+0x12>
10002fde:	2301      	movs	r3, #1
10002fe0:	4f35      	ldr	r7, [pc, #212]	@ (100030b8 <DiskMount+0x208>)
10002fe2:	4d36      	ldr	r5, [pc, #216]	@ (100030bc <DiskMount+0x20c>)
10002fe4:	425b      	negs	r3, r3
10002fe6:	603b      	str	r3, [r7, #0]
10002fe8:	602b      	str	r3, [r5, #0]
10002fea:	4b35      	ldr	r3, [pc, #212]	@ (100030c0 <DiskMount+0x210>)
10002fec:	9302      	str	r3, [sp, #8]
10002fee:	2302      	movs	r3, #2
10002ff0:	9a02      	ldr	r2, [sp, #8]
10002ff2:	7013      	strb	r3, [r2, #0]
10002ff4:	2e03      	cmp	r6, #3
10002ff6:	d123      	bne.n	10003040 <DiskMount+0x190>
10002ff8:	8e23      	ldrh	r3, [r4, #48]	@ 0x30
10002ffa:	2b01      	cmp	r3, #1
10002ffc:	d120      	bne.n	10003040 <DiskMount+0x190>
10002ffe:	9801      	ldr	r0, [sp, #4]
10003000:	3001      	adds	r0, #1
10003002:	f7ff fcf7 	bl	100029f4 <Disk_MoveBuf>
10003006:	2800      	cmp	r0, #0
10003008:	d01a      	beq.n	10003040 <DiskMount+0x190>
1000300a:	2300      	movs	r3, #0
1000300c:	9a02      	ldr	r2, [sp, #8]
1000300e:	7013      	strb	r3, [r2, #0]
10003010:	4b2c      	ldr	r3, [pc, #176]	@ (100030c4 <DiskMount+0x214>)
10003012:	6822      	ldr	r2, [r4, #0]
10003014:	429a      	cmp	r2, r3
10003016:	d113      	bne.n	10003040 <DiskMount+0x190>
10003018:	22f2      	movs	r2, #242	@ 0xf2
1000301a:	0052      	lsls	r2, r2, #1
1000301c:	4b2a      	ldr	r3, [pc, #168]	@ (100030c8 <DiskMount+0x218>)
1000301e:	58a2      	ldr	r2, [r4, r2]
10003020:	429a      	cmp	r2, r3
10003022:	d10d      	bne.n	10003040 <DiskMount+0x190>
10003024:	23ff      	movs	r3, #255	@ 0xff
10003026:	005b      	lsls	r3, r3, #1
10003028:	5ae2      	ldrh	r2, [r4, r3]
1000302a:	4b28      	ldr	r3, [pc, #160]	@ (100030cc <DiskMount+0x21c>)
1000302c:	429a      	cmp	r2, r3
1000302e:	d107      	bne.n	10003040 <DiskMount+0x190>
10003030:	23f4      	movs	r3, #244	@ 0xf4
10003032:	005b      	lsls	r3, r3, #1
10003034:	58e3      	ldr	r3, [r4, r3]
10003036:	603b      	str	r3, [r7, #0]
10003038:	23f6      	movs	r3, #246	@ 0xf6
1000303a:	005b      	lsls	r3, r3, #1
1000303c:	58e3      	ldr	r3, [r4, r3]
1000303e:	602b      	str	r3, [r5, #0]
10003040:	4b23      	ldr	r3, [pc, #140]	@ (100030d0 <DiskMount+0x220>)
10003042:	701e      	strb	r6, [r3, #0]
10003044:	e73f      	b.n	10002ec6 <DiskMount+0x16>
10003046:	2300      	movs	r3, #0
10003048:	9301      	str	r3, [sp, #4]
1000304a:	e773      	b.n	10002f34 <DiskMount+0x84>
1000304c:	9a02      	ldr	r2, [sp, #8]
1000304e:	2a00      	cmp	r2, #0
10003050:	d100      	bne.n	10003054 <DiskMount+0x1a4>
10003052:	e736      	b.n	10002ec2 <DiskMount+0x12>
10003054:	9905      	ldr	r1, [sp, #20]
10003056:	4a15      	ldr	r2, [pc, #84]	@ (100030ac <DiskMount+0x1fc>)
10003058:	185b      	adds	r3, r3, r1
1000305a:	6013      	str	r3, [r2, #0]
1000305c:	2e01      	cmp	r6, #1
1000305e:	d005      	beq.n	1000306c <DiskMount+0x1bc>
10003060:	0040      	lsls	r0, r0, #1
10003062:	0023      	movs	r3, r4
10003064:	3308      	adds	r3, #8
10003066:	7fda      	ldrb	r2, [r3, #31]
10003068:	6aa3      	ldr	r3, [r4, #40]	@ 0x28
1000306a:	e7ae      	b.n	10002fca <DiskMount+0x11a>
1000306c:	2303      	movs	r3, #3
1000306e:	4343      	muls	r3, r0
10003070:	4030      	ands	r0, r6
10003072:	085b      	lsrs	r3, r3, #1
10003074:	1818      	adds	r0, r3, r0
10003076:	e7f4      	b.n	10003062 <DiskMount+0x1b2>
10003078:	20000892 	.word	0x20000892
1000307c:	200006d0 	.word	0x200006d0
10003080:	200008f8 	.word	0x200008f8
10003084:	2003660d 	.word	0x2003660d
10003088:	200365fa 	.word	0x200365fa
1000308c:	20000630 	.word	0x20000630
10003090:	200365f8 	.word	0x200365f8
10003094:	200008d4 	.word	0x200008d4
10003098:	2000062c 	.word	0x2000062c
1000309c:	200008f4 	.word	0x200008f4
100030a0:	200006cc 	.word	0x200006cc
100030a4:	200008f0 	.word	0x200008f0
100030a8:	20000698 	.word	0x20000698
100030ac:	2000069c 	.word	0x2000069c
100030b0:	200008d0 	.word	0x200008d0
100030b4:	000001ff 	.word	0x000001ff
100030b8:	20000624 	.word	0x20000624
100030bc:	20000628 	.word	0x20000628
100030c0:	2000026c 	.word	0x2000026c
100030c4:	41615252 	.word	0x41615252
100030c8:	61417272 	.word	0x61417272
100030cc:	0000aa55 	.word	0x0000aa55
100030d0:	2003660c 	.word	0x2003660c

100030d4 <FileRead>:
100030d4:	b5f7      	push	{r0, r1, r2, r4, r5, r6, r7, lr}
100030d6:	0004      	movs	r4, r0
100030d8:	1e05      	subs	r5, r0, #0
100030da:	9100      	str	r1, [sp, #0]
100030dc:	d00b      	beq.n	100030f6 <FileRead+0x22>
100030de:	7803      	ldrb	r3, [r0, #0]
100030e0:	1e1d      	subs	r5, r3, #0
100030e2:	d008      	beq.n	100030f6 <FileRead+0x22>
100030e4:	6981      	ldr	r1, [r0, #24]
100030e6:	6a07      	ldr	r7, [r0, #32]
100030e8:	1bcf      	subs	r7, r1, r7
100030ea:	4297      	cmp	r7, r2
100030ec:	d900      	bls.n	100030f0 <FileRead+0x1c>
100030ee:	0017      	movs	r7, r2
100030f0:	2500      	movs	r5, #0
100030f2:	42af      	cmp	r7, r5
100030f4:	d801      	bhi.n	100030fa <FileRead+0x26>
100030f6:	0028      	movs	r0, r5
100030f8:	bdfe      	pop	{r1, r2, r3, r4, r5, r6, r7, pc}
100030fa:	6a22      	ldr	r2, [r4, #32]
100030fc:	05d1      	lsls	r1, r2, #23
100030fe:	0dcb      	lsrs	r3, r1, #23
10003100:	2900      	cmp	r1, #0
10003102:	d140      	bne.n	10003186 <FileRead+0xb2>
10003104:	0a51      	lsrs	r1, r2, #9
10003106:	0008      	movs	r0, r1
10003108:	4b2a      	ldr	r3, [pc, #168]	@ (100031b4 <FileRead+0xe0>)
1000310a:	781b      	ldrb	r3, [r3, #0]
1000310c:	3b01      	subs	r3, #1
1000310e:	4018      	ands	r0, r3
10003110:	9001      	str	r0, [sp, #4]
10003112:	4219      	tst	r1, r3
10003114:	d108      	bne.n	10003128 <FileRead+0x54>
10003116:	2a00      	cmp	r2, #0
10003118:	d125      	bne.n	10003166 <FileRead+0x92>
1000311a:	69e6      	ldr	r6, [r4, #28]
1000311c:	0030      	movs	r0, r6
1000311e:	f7ff f829 	bl	10002174 <Disk_ClustValid>
10003122:	2800      	cmp	r0, #0
10003124:	d0e7      	beq.n	100030f6 <FileRead+0x22>
10003126:	6266      	str	r6, [r4, #36]	@ 0x24
10003128:	6a60      	ldr	r0, [r4, #36]	@ 0x24
1000312a:	f7ff f843 	bl	100021b4 <Disk_ClustSect>
1000312e:	2800      	cmp	r0, #0
10003130:	d0e1      	beq.n	100030f6 <FileRead+0x22>
10003132:	9b01      	ldr	r3, [sp, #4]
10003134:	1b7e      	subs	r6, r7, r5
10003136:	181b      	adds	r3, r3, r0
10003138:	9301      	str	r3, [sp, #4]
1000313a:	2380      	movs	r3, #128	@ 0x80
1000313c:	009b      	lsls	r3, r3, #2
1000313e:	429e      	cmp	r6, r3
10003140:	d316      	bcc.n	10003170 <FileRead+0x9c>
10003142:	9900      	ldr	r1, [sp, #0]
10003144:	9801      	ldr	r0, [sp, #4]
10003146:	f7ff fba5 	bl	10002894 <SDReadSect>
1000314a:	2800      	cmp	r0, #0
1000314c:	d0d3      	beq.n	100030f6 <FileRead+0x22>
1000314e:	2680      	movs	r6, #128	@ 0x80
10003150:	00b6      	lsls	r6, r6, #2
10003152:	9b01      	ldr	r3, [sp, #4]
10003154:	62a3      	str	r3, [r4, #40]	@ 0x28
10003156:	9b00      	ldr	r3, [sp, #0]
10003158:	19ad      	adds	r5, r5, r6
1000315a:	199b      	adds	r3, r3, r6
1000315c:	9300      	str	r3, [sp, #0]
1000315e:	6a23      	ldr	r3, [r4, #32]
10003160:	199b      	adds	r3, r3, r6
10003162:	6223      	str	r3, [r4, #32]
10003164:	e7c5      	b.n	100030f2 <FileRead+0x1e>
10003166:	6a60      	ldr	r0, [r4, #36]	@ 0x24
10003168:	f7ff fc62 	bl	10002a30 <Disk_ReadFat>
1000316c:	0006      	movs	r6, r0
1000316e:	e7d5      	b.n	1000311c <FileRead+0x48>
10003170:	9801      	ldr	r0, [sp, #4]
10003172:	f7ff fc3f 	bl	100029f4 <Disk_MoveBuf>
10003176:	2800      	cmp	r0, #0
10003178:	d0bd      	beq.n	100030f6 <FileRead+0x22>
1000317a:	0032      	movs	r2, r6
1000317c:	490e      	ldr	r1, [pc, #56]	@ (100031b8 <FileRead+0xe4>)
1000317e:	9800      	ldr	r0, [sp, #0]
10003180:	f7fd f966 	bl	10000450 <__wrap___aeabi_memcpy>
10003184:	e7e5      	b.n	10003152 <FileRead+0x7e>
10003186:	2280      	movs	r2, #128	@ 0x80
10003188:	0092      	lsls	r2, r2, #2
1000318a:	1ad3      	subs	r3, r2, r3
1000318c:	1b7e      	subs	r6, r7, r5
1000318e:	429e      	cmp	r6, r3
10003190:	d900      	bls.n	10003194 <FileRead+0xc0>
10003192:	001e      	movs	r6, r3
10003194:	6aa0      	ldr	r0, [r4, #40]	@ 0x28
10003196:	f7ff fc2d 	bl	100029f4 <Disk_MoveBuf>
1000319a:	2800      	cmp	r0, #0
1000319c:	d0ab      	beq.n	100030f6 <FileRead+0x22>
1000319e:	6a21      	ldr	r1, [r4, #32]
100031a0:	4b05      	ldr	r3, [pc, #20]	@ (100031b8 <FileRead+0xe4>)
100031a2:	05c9      	lsls	r1, r1, #23
100031a4:	0dc9      	lsrs	r1, r1, #23
100031a6:	0032      	movs	r2, r6
100031a8:	9800      	ldr	r0, [sp, #0]
100031aa:	18c9      	adds	r1, r1, r3
100031ac:	f7fd f950 	bl	10000450 <__wrap___aeabi_memcpy>
100031b0:	e7d1      	b.n	10003156 <FileRead+0x82>
100031b2:	46c0      	nop			@ (mov r8, r8)
100031b4:	200365fa 	.word	0x200365fa
100031b8:	200006d0 	.word	0x200006d0

100031bc <Disk_SyncFS>:
100031bc:	b570      	push	{r4, r5, r6, lr}
100031be:	f7ff fbe5 	bl	1000298c <Disk_FlushBuf>
100031c2:	1e05      	subs	r5, r0, #0
100031c4:	d02b      	beq.n	1000321e <Disk_SyncFS+0x62>
100031c6:	4b17      	ldr	r3, [pc, #92]	@ (10003224 <Disk_SyncFS+0x68>)
100031c8:	781b      	ldrb	r3, [r3, #0]
100031ca:	2b03      	cmp	r3, #3
100031cc:	d127      	bne.n	1000321e <Disk_SyncFS+0x62>
100031ce:	4e16      	ldr	r6, [pc, #88]	@ (10003228 <Disk_SyncFS+0x6c>)
100031d0:	7833      	ldrb	r3, [r6, #0]
100031d2:	2b01      	cmp	r3, #1
100031d4:	d123      	bne.n	1000321e <Disk_SyncFS+0x62>
100031d6:	2280      	movs	r2, #128	@ 0x80
100031d8:	4c14      	ldr	r4, [pc, #80]	@ (1000322c <Disk_SyncFS+0x70>)
100031da:	2100      	movs	r1, #0
100031dc:	0092      	lsls	r2, r2, #2
100031de:	0020      	movs	r0, r4
100031e0:	f7fd f931 	bl	10000446 <__wrap_memset>
100031e4:	4b12      	ldr	r3, [pc, #72]	@ (10003230 <Disk_SyncFS+0x74>)
100031e6:	4a13      	ldr	r2, [pc, #76]	@ (10003234 <Disk_SyncFS+0x78>)
100031e8:	6023      	str	r3, [r4, #0]
100031ea:	23f2      	movs	r3, #242	@ 0xf2
100031ec:	005b      	lsls	r3, r3, #1
100031ee:	50e2      	str	r2, [r4, r3]
100031f0:	4b11      	ldr	r3, [pc, #68]	@ (10003238 <Disk_SyncFS+0x7c>)
100031f2:	0021      	movs	r1, r4
100031f4:	681a      	ldr	r2, [r3, #0]
100031f6:	23f4      	movs	r3, #244	@ 0xf4
100031f8:	005b      	lsls	r3, r3, #1
100031fa:	50e2      	str	r2, [r4, r3]
100031fc:	4b0f      	ldr	r3, [pc, #60]	@ (1000323c <Disk_SyncFS+0x80>)
100031fe:	681a      	ldr	r2, [r3, #0]
10003200:	23f6      	movs	r3, #246	@ 0xf6
10003202:	005b      	lsls	r3, r3, #1
10003204:	50e2      	str	r2, [r4, r3]
10003206:	4a0e      	ldr	r2, [pc, #56]	@ (10003240 <Disk_SyncFS+0x84>)
10003208:	3312      	adds	r3, #18
1000320a:	52e2      	strh	r2, [r4, r3]
1000320c:	4b0d      	ldr	r3, [pc, #52]	@ (10003244 <Disk_SyncFS+0x88>)
1000320e:	6818      	ldr	r0, [r3, #0]
10003210:	4b0d      	ldr	r3, [pc, #52]	@ (10003248 <Disk_SyncFS+0x8c>)
10003212:	3001      	adds	r0, #1
10003214:	6018      	str	r0, [r3, #0]
10003216:	f7ff fb69 	bl	100028ec <SDWriteSect>
1000321a:	2300      	movs	r3, #0
1000321c:	7033      	strb	r3, [r6, #0]
1000321e:	0028      	movs	r0, r5
10003220:	bd70      	pop	{r4, r5, r6, pc}
10003222:	46c0      	nop			@ (mov r8, r8)
10003224:	2003660c 	.word	0x2003660c
10003228:	2000026c 	.word	0x2000026c
1000322c:	200006d0 	.word	0x200006d0
10003230:	41615252 	.word	0x41615252
10003234:	61417272 	.word	0x61417272
10003238:	20000624 	.word	0x20000624
1000323c:	20000628 	.word	0x20000628
10003240:	ffffaa55 	.word	0xffffaa55
10003244:	200006cc 	.word	0x200006cc
10003248:	20000270 	.word	0x20000270

1000324c <FileFlush>:
1000324c:	b570      	push	{r4, r5, r6, lr}
1000324e:	1e05      	subs	r5, r0, #0
10003250:	d101      	bne.n	10003256 <FileFlush+0xa>
10003252:	2000      	movs	r0, #0
10003254:	bd70      	pop	{r4, r5, r6, pc}
10003256:	7803      	ldrb	r3, [r0, #0]
10003258:	2b00      	cmp	r3, #0
1000325a:	d0fa      	beq.n	10003252 <FileFlush+0x6>
1000325c:	7ac3      	ldrb	r3, [r0, #11]
1000325e:	065b      	lsls	r3, r3, #25
10003260:	d529      	bpl.n	100032b6 <FileFlush+0x6a>
10003262:	6900      	ldr	r0, [r0, #16]
10003264:	f7ff fbc6 	bl	100029f4 <Disk_MoveBuf>
10003268:	2800      	cmp	r0, #0
1000326a:	d0f2      	beq.n	10003252 <FileFlush+0x6>
1000326c:	2100      	movs	r1, #0
1000326e:	2221      	movs	r2, #33	@ 0x21
10003270:	2328      	movs	r3, #40	@ 0x28
10003272:	2060      	movs	r0, #96	@ 0x60
10003274:	68ec      	ldr	r4, [r5, #12]
10003276:	7361      	strb	r1, [r4, #13]
10003278:	73a1      	strb	r1, [r4, #14]
1000327a:	73e0      	strb	r0, [r4, #15]
1000327c:	7463      	strb	r3, [r4, #17]
1000327e:	74e3      	strb	r3, [r4, #19]
10003280:	75a1      	strb	r1, [r4, #22]
10003282:	75e0      	strb	r0, [r4, #23]
10003284:	7663      	strb	r3, [r4, #25]
10003286:	7422      	strb	r2, [r4, #16]
10003288:	74a2      	strb	r2, [r4, #18]
1000328a:	7622      	strb	r2, [r4, #24]
1000328c:	7aea      	ldrb	r2, [r5, #11]
1000328e:	3b09      	subs	r3, #9
10003290:	401a      	ands	r2, r3
10003292:	3301      	adds	r3, #1
10003294:	4313      	orrs	r3, r2
10003296:	72e3      	strb	r3, [r4, #11]
10003298:	0020      	movs	r0, r4
1000329a:	69e9      	ldr	r1, [r5, #28]
1000329c:	f7fe ffae 	bl	100021fc <Disk_SaveStartClust>
100032a0:	2201      	movs	r2, #1
100032a2:	7e2b      	ldrb	r3, [r5, #24]
100032a4:	7723      	strb	r3, [r4, #28]
100032a6:	7e6b      	ldrb	r3, [r5, #25]
100032a8:	7763      	strb	r3, [r4, #29]
100032aa:	7eab      	ldrb	r3, [r5, #26]
100032ac:	77a3      	strb	r3, [r4, #30]
100032ae:	7eeb      	ldrb	r3, [r5, #27]
100032b0:	77e3      	strb	r3, [r4, #31]
100032b2:	4b05      	ldr	r3, [pc, #20]	@ (100032c8 <FileFlush+0x7c>)
100032b4:	701a      	strb	r2, [r3, #0]
100032b6:	f7ff ff81 	bl	100031bc <Disk_SyncFS>
100032ba:	2800      	cmp	r0, #0
100032bc:	d0c9      	beq.n	10003252 <FileFlush+0x6>
100032be:	2240      	movs	r2, #64	@ 0x40
100032c0:	7aeb      	ldrb	r3, [r5, #11]
100032c2:	4393      	bics	r3, r2
100032c4:	72eb      	strb	r3, [r5, #11]
100032c6:	e7c5      	b.n	10003254 <FileFlush+0x8>
100032c8:	2003660b 	.word	0x2003660b

100032cc <FileClose>:
100032cc:	b510      	push	{r4, lr}
100032ce:	1e04      	subs	r4, r0, #0
100032d0:	d101      	bne.n	100032d6 <FileClose+0xa>
100032d2:	2000      	movs	r0, #0
100032d4:	bd10      	pop	{r4, pc}
100032d6:	7803      	ldrb	r3, [r0, #0]
100032d8:	2b00      	cmp	r3, #0
100032da:	d0fa      	beq.n	100032d2 <FileClose+0x6>
100032dc:	f7ff ffb6 	bl	1000324c <FileFlush>
100032e0:	2800      	cmp	r0, #0
100032e2:	d0f6      	beq.n	100032d2 <FileClose+0x6>
100032e4:	2300      	movs	r3, #0
100032e6:	7023      	strb	r3, [r4, #0]
100032e8:	e7f4      	b.n	100032d4 <FileClose+0x8>
	...

100032ec <Disk_DirClear>:
100032ec:	b5f8      	push	{r3, r4, r5, r6, r7, lr}
100032ee:	0004      	movs	r4, r0
100032f0:	f7ff fb4c 	bl	1000298c <Disk_FlushBuf>
100032f4:	1e05      	subs	r5, r0, #0
100032f6:	d102      	bne.n	100032fe <Disk_DirClear+0x12>
100032f8:	2500      	movs	r5, #0
100032fa:	0028      	movs	r0, r5
100032fc:	bdf8      	pop	{r3, r4, r5, r6, r7, pc}
100032fe:	0020      	movs	r0, r4
10003300:	f7fe ff58 	bl	100021b4 <Disk_ClustSect>
10003304:	1e04      	subs	r4, r0, #0
10003306:	d0f7      	beq.n	100032f8 <Disk_DirClear+0xc>
10003308:	2280      	movs	r2, #128	@ 0x80
1000330a:	4b0a      	ldr	r3, [pc, #40]	@ (10003334 <Disk_DirClear+0x48>)
1000330c:	4f0a      	ldr	r7, [pc, #40]	@ (10003338 <Disk_DirClear+0x4c>)
1000330e:	6018      	str	r0, [r3, #0]
10003310:	2100      	movs	r1, #0
10003312:	0038      	movs	r0, r7
10003314:	0092      	lsls	r2, r2, #2
10003316:	f7fd f896 	bl	10000446 <__wrap_memset>
1000331a:	4b08      	ldr	r3, [pc, #32]	@ (1000333c <Disk_DirClear+0x50>)
1000331c:	781e      	ldrb	r6, [r3, #0]
1000331e:	1936      	adds	r6, r6, r4
10003320:	42b4      	cmp	r4, r6
10003322:	d0ea      	beq.n	100032fa <Disk_DirClear+0xe>
10003324:	0039      	movs	r1, r7
10003326:	0020      	movs	r0, r4
10003328:	f7ff fae0 	bl	100028ec <SDWriteSect>
1000332c:	2800      	cmp	r0, #0
1000332e:	d0e3      	beq.n	100032f8 <Disk_DirClear+0xc>
10003330:	3401      	adds	r4, #1
10003332:	e7f5      	b.n	10003320 <Disk_DirClear+0x34>
10003334:	20000270 	.word	0x20000270
10003338:	200006d0 	.word	0x200006d0
1000333c:	200365fa 	.word	0x200365fa

10003340 <Disk_DirNext>:
10003340:	b5f7      	push	{r0, r1, r2, r4, r5, r6, r7, lr}
10003342:	6a06      	ldr	r6, [r0, #32]
10003344:	0004      	movs	r4, r0
10003346:	3620      	adds	r6, #32
10003348:	05f3      	lsls	r3, r6, #23
1000334a:	9101      	str	r1, [sp, #4]
1000334c:	0ddf      	lsrs	r7, r3, #23
1000334e:	2b00      	cmp	r3, #0
10003350:	d131      	bne.n	100033b6 <Disk_DirNext+0x76>
10003352:	6a83      	ldr	r3, [r0, #40]	@ 0x28
10003354:	3301      	adds	r3, #1
10003356:	6283      	str	r3, [r0, #40]	@ 0x28
10003358:	6a40      	ldr	r0, [r0, #36]	@ 0x24
1000335a:	2800      	cmp	r0, #0
1000335c:	d107      	bne.n	1000336e <Disk_DirNext+0x2e>
1000335e:	4b19      	ldr	r3, [pc, #100]	@ (100033c4 <Disk_DirNext+0x84>)
10003360:	881b      	ldrh	r3, [r3, #0]
10003362:	015b      	lsls	r3, r3, #5
10003364:	42b3      	cmp	r3, r6
10003366:	d826      	bhi.n	100033b6 <Disk_DirNext+0x76>
10003368:	62a0      	str	r0, [r4, #40]	@ 0x28
1000336a:	2000      	movs	r0, #0
1000336c:	bdfe      	pop	{r1, r2, r3, r4, r5, r6, r7, pc}
1000336e:	4b16      	ldr	r3, [pc, #88]	@ (100033c8 <Disk_DirNext+0x88>)
10003370:	0a72      	lsrs	r2, r6, #9
10003372:	781b      	ldrb	r3, [r3, #0]
10003374:	3b01      	subs	r3, #1
10003376:	421a      	tst	r2, r3
10003378:	d11d      	bne.n	100033b6 <Disk_DirNext+0x76>
1000337a:	f7ff fb59 	bl	10002a30 <Disk_ReadFat>
1000337e:	1e83      	subs	r3, r0, #2
10003380:	0005      	movs	r5, r0
10003382:	3304      	adds	r3, #4
10003384:	d8f1      	bhi.n	1000336a <Disk_DirNext+0x2a>
10003386:	4b11      	ldr	r3, [pc, #68]	@ (100033cc <Disk_DirNext+0x8c>)
10003388:	681b      	ldr	r3, [r3, #0]
1000338a:	4283      	cmp	r3, r0
1000338c:	d80e      	bhi.n	100033ac <Disk_DirNext+0x6c>
1000338e:	9b01      	ldr	r3, [sp, #4]
10003390:	62a7      	str	r7, [r4, #40]	@ 0x28
10003392:	2b00      	cmp	r3, #0
10003394:	d0e9      	beq.n	1000336a <Disk_DirNext+0x2a>
10003396:	6a60      	ldr	r0, [r4, #36]	@ 0x24
10003398:	f7ff fca0 	bl	10002cdc <Disk_CreateFat>
1000339c:	1e43      	subs	r3, r0, #1
1000339e:	0005      	movs	r5, r0
100033a0:	3303      	adds	r3, #3
100033a2:	d8e2      	bhi.n	1000336a <Disk_DirNext+0x2a>
100033a4:	f7ff ffa2 	bl	100032ec <Disk_DirClear>
100033a8:	2800      	cmp	r0, #0
100033aa:	d0de      	beq.n	1000336a <Disk_DirNext+0x2a>
100033ac:	0028      	movs	r0, r5
100033ae:	6265      	str	r5, [r4, #36]	@ 0x24
100033b0:	f7fe ff00 	bl	100021b4 <Disk_ClustSect>
100033b4:	62a0      	str	r0, [r4, #40]	@ 0x28
100033b6:	4b06      	ldr	r3, [pc, #24]	@ (100033d0 <Disk_DirNext+0x90>)
100033b8:	2001      	movs	r0, #1
100033ba:	18ff      	adds	r7, r7, r3
100033bc:	6226      	str	r6, [r4, #32]
100033be:	60e7      	str	r7, [r4, #12]
100033c0:	e7d4      	b.n	1000336c <Disk_DirNext+0x2c>
100033c2:	46c0      	nop			@ (mov r8, r8)
100033c4:	200365f8 	.word	0x200365f8
100033c8:	200365fa 	.word	0x200365fa
100033cc:	200008f4 	.word	0x200008f4
100033d0:	200006d0 	.word	0x200006d0

100033d4 <Disk_DirRead>:
100033d4:	b570      	push	{r4, r5, r6, lr}
100033d6:	0004      	movs	r4, r0
100033d8:	000d      	movs	r5, r1
100033da:	263f      	movs	r6, #63	@ 0x3f
100033dc:	6aa0      	ldr	r0, [r4, #40]	@ 0x28
100033de:	2800      	cmp	r0, #0
100033e0:	d007      	beq.n	100033f2 <Disk_DirRead+0x1e>
100033e2:	f7ff fb07 	bl	100029f4 <Disk_MoveBuf>
100033e6:	2800      	cmp	r0, #0
100033e8:	d005      	beq.n	100033f6 <Disk_DirRead+0x22>
100033ea:	68e3      	ldr	r3, [r4, #12]
100033ec:	781a      	ldrb	r2, [r3, #0]
100033ee:	2a00      	cmp	r2, #0
100033f0:	d103      	bne.n	100033fa <Disk_DirRead+0x26>
100033f2:	2300      	movs	r3, #0
100033f4:	62a3      	str	r3, [r4, #40]	@ 0x28
100033f6:	2000      	movs	r0, #0
100033f8:	bd70      	pop	{r4, r5, r6, pc}
100033fa:	7adb      	ldrb	r3, [r3, #11]
100033fc:	4033      	ands	r3, r6
100033fe:	2ae5      	cmp	r2, #229	@ 0xe5
10003400:	d001      	beq.n	10003406 <Disk_DirRead+0x32>
10003402:	43ab      	bics	r3, r5
10003404:	d0f8      	beq.n	100033f8 <Disk_DirRead+0x24>
10003406:	2100      	movs	r1, #0
10003408:	0020      	movs	r0, r4
1000340a:	f7ff ff99 	bl	10003340 <Disk_DirNext>
1000340e:	2800      	cmp	r0, #0
10003410:	d1e4      	bne.n	100033dc <Disk_DirRead+0x8>
10003412:	e7f0      	b.n	100033f6 <Disk_DirRead+0x22>

10003414 <Disk_DirFind>:
10003414:	b5f8      	push	{r3, r4, r5, r6, r7, lr}
10003416:	2100      	movs	r1, #0
10003418:	0004      	movs	r4, r0
1000341a:	f7ff fb65 	bl	10002ae8 <Disk_DirInx>
1000341e:	2800      	cmp	r0, #0
10003420:	d00e      	beq.n	10003440 <Disk_DirFind+0x2c>
10003422:	263f      	movs	r6, #63	@ 0x3f
10003424:	2708      	movs	r7, #8
10003426:	6aa0      	ldr	r0, [r4, #40]	@ 0x28
10003428:	2800      	cmp	r0, #0
1000342a:	d007      	beq.n	1000343c <Disk_DirFind+0x28>
1000342c:	f7ff fae2 	bl	100029f4 <Disk_MoveBuf>
10003430:	1e05      	subs	r5, r0, #0
10003432:	d005      	beq.n	10003440 <Disk_DirFind+0x2c>
10003434:	68e1      	ldr	r1, [r4, #12]
10003436:	780b      	ldrb	r3, [r1, #0]
10003438:	2b00      	cmp	r3, #0
1000343a:	d104      	bne.n	10003446 <Disk_DirFind+0x32>
1000343c:	2300      	movs	r3, #0
1000343e:	62a3      	str	r3, [r4, #40]	@ 0x28
10003440:	2500      	movs	r5, #0
10003442:	0028      	movs	r0, r5
10003444:	bdf8      	pop	{r3, r4, r5, r6, r7, pc}
10003446:	7acb      	ldrb	r3, [r1, #11]
10003448:	001a      	movs	r2, r3
1000344a:	4032      	ands	r2, r6
1000344c:	72e2      	strb	r2, [r4, #11]
1000344e:	423b      	tst	r3, r7
10003450:	d105      	bne.n	1000345e <Disk_DirFind+0x4a>
10003452:	220b      	movs	r2, #11
10003454:	0020      	movs	r0, r4
10003456:	f002 f85f 	bl	10005518 <memcmp>
1000345a:	2800      	cmp	r0, #0
1000345c:	d0f1      	beq.n	10003442 <Disk_DirFind+0x2e>
1000345e:	2100      	movs	r1, #0
10003460:	0020      	movs	r0, r4
10003462:	f7ff ff6d 	bl	10003340 <Disk_DirNext>
10003466:	2800      	cmp	r0, #0
10003468:	d1dd      	bne.n	10003426 <Disk_DirFind+0x12>
1000346a:	e7e9      	b.n	10003440 <Disk_DirFind+0x2c>

1000346c <Disk_FollowPath>:
1000346c:	b573      	push	{r0, r1, r4, r5, r6, lr}
1000346e:	000b      	movs	r3, r1
10003470:	0005      	movs	r5, r0
10003472:	2601      	movs	r6, #1
10003474:	2000      	movs	r0, #0
10003476:	9101      	str	r1, [sp, #4]
10003478:	001c      	movs	r4, r3
1000347a:	3301      	adds	r3, #1
1000347c:	1e5a      	subs	r2, r3, #1
1000347e:	7812      	ldrb	r2, [r2, #0]
10003480:	2a22      	cmp	r2, #34	@ 0x22
10003482:	d021      	beq.n	100034c8 <Disk_FollowPath+0x5c>
10003484:	2800      	cmp	r0, #0
10003486:	d001      	beq.n	1000348c <Disk_FollowPath+0x20>
10003488:	0021      	movs	r1, r4
1000348a:	9401      	str	r4, [sp, #4]
1000348c:	2a2f      	cmp	r2, #47	@ 0x2f
1000348e:	d11d      	bne.n	100034cc <Disk_FollowPath+0x60>
10003490:	000b      	movs	r3, r1
10003492:	2200      	movs	r2, #0
10003494:	2401      	movs	r4, #1
10003496:	7818      	ldrb	r0, [r3, #0]
10003498:	282f      	cmp	r0, #47	@ 0x2f
1000349a:	d01c      	beq.n	100034d6 <Disk_FollowPath+0x6a>
1000349c:	285c      	cmp	r0, #92	@ 0x5c
1000349e:	d01a      	beq.n	100034d6 <Disk_FollowPath+0x6a>
100034a0:	2a00      	cmp	r2, #0
100034a2:	d001      	beq.n	100034a8 <Disk_FollowPath+0x3c>
100034a4:	0019      	movs	r1, r3
100034a6:	9301      	str	r3, [sp, #4]
100034a8:	2300      	movs	r3, #0
100034aa:	61eb      	str	r3, [r5, #28]
100034ac:	780b      	ldrb	r3, [r1, #0]
100034ae:	2464      	movs	r4, #100	@ 0x64
100034b0:	2610      	movs	r6, #16
100034b2:	2b1f      	cmp	r3, #31
100034b4:	d812      	bhi.n	100034dc <Disk_FollowPath+0x70>
100034b6:	2100      	movs	r1, #0
100034b8:	0028      	movs	r0, r5
100034ba:	f7ff fb15 	bl	10002ae8 <Disk_DirInx>
100034be:	2390      	movs	r3, #144	@ 0x90
100034c0:	2800      	cmp	r0, #0
100034c2:	d11e      	bne.n	10003502 <Disk_FollowPath+0x96>
100034c4:	2000      	movs	r0, #0
100034c6:	bd76      	pop	{r1, r2, r4, r5, r6, pc}
100034c8:	0030      	movs	r0, r6
100034ca:	e7d5      	b.n	10003478 <Disk_FollowPath+0xc>
100034cc:	2a5c      	cmp	r2, #92	@ 0x5c
100034ce:	d0df      	beq.n	10003490 <Disk_FollowPath+0x24>
100034d0:	4b16      	ldr	r3, [pc, #88]	@ (1000352c <Disk_FollowPath+0xc0>)
100034d2:	681b      	ldr	r3, [r3, #0]
100034d4:	e7e9      	b.n	100034aa <Disk_FollowPath+0x3e>
100034d6:	0022      	movs	r2, r4
100034d8:	3301      	adds	r3, #1
100034da:	e7dc      	b.n	10003496 <Disk_FollowPath+0x2a>
100034dc:	0028      	movs	r0, r5
100034de:	a901      	add	r1, sp, #4
100034e0:	f7fe ff6c 	bl	100023bc <Disk_ExtractName>
100034e4:	2800      	cmp	r0, #0
100034e6:	d0ed      	beq.n	100034c4 <Disk_FollowPath+0x58>
100034e8:	0028      	movs	r0, r5
100034ea:	f7ff ff93 	bl	10003414 <Disk_DirFind>
100034ee:	9b01      	ldr	r3, [sp, #4]
100034f0:	781b      	ldrb	r3, [r3, #0]
100034f2:	2800      	cmp	r0, #0
100034f4:	d108      	bne.n	10003508 <Disk_FollowPath+0x9c>
100034f6:	2b1f      	cmp	r3, #31
100034f8:	d8e4      	bhi.n	100034c4 <Disk_FollowPath+0x58>
100034fa:	782b      	ldrb	r3, [r5, #0]
100034fc:	2b2e      	cmp	r3, #46	@ 0x2e
100034fe:	d0e1      	beq.n	100034c4 <Disk_FollowPath+0x58>
10003500:	23ff      	movs	r3, #255	@ 0xff
10003502:	2001      	movs	r0, #1
10003504:	72eb      	strb	r3, [r5, #11]
10003506:	e7de      	b.n	100034c6 <Disk_FollowPath+0x5a>
10003508:	2b1f      	cmp	r3, #31
1000350a:	d90a      	bls.n	10003522 <Disk_FollowPath+0xb6>
1000350c:	7aeb      	ldrb	r3, [r5, #11]
1000350e:	4233      	tst	r3, r6
10003510:	d0d8      	beq.n	100034c4 <Disk_FollowPath+0x58>
10003512:	68e8      	ldr	r0, [r5, #12]
10003514:	f7fe fe60 	bl	100021d8 <Disk_LoadStartClust>
10003518:	3c01      	subs	r4, #1
1000351a:	b2e4      	uxtb	r4, r4
1000351c:	61e8      	str	r0, [r5, #28]
1000351e:	2c00      	cmp	r4, #0
10003520:	d1dc      	bne.n	100034dc <Disk_FollowPath+0x70>
10003522:	1e63      	subs	r3, r4, #1
10003524:	419c      	sbcs	r4, r3
10003526:	b2e0      	uxtb	r0, r4
10003528:	e7cd      	b.n	100034c6 <Disk_FollowPath+0x5a>
1000352a:	46c0      	nop			@ (mov r8, r8)
1000352c:	20000654 	.word	0x20000654

10003530 <FileOpen>:
10003530:	b5f8      	push	{r3, r4, r5, r6, r7, lr}
10003532:	4b16      	ldr	r3, [pc, #88]	@ (1000358c <FileOpen+0x5c>)
10003534:	0004      	movs	r4, r0
10003536:	781b      	ldrb	r3, [r3, #0]
10003538:	2b00      	cmp	r3, #0
1000353a:	d103      	bne.n	10003544 <FileOpen+0x14>
1000353c:	2500      	movs	r5, #0
1000353e:	7025      	strb	r5, [r4, #0]
10003540:	0028      	movs	r0, r5
10003542:	bdf8      	pop	{r3, r4, r5, r6, r7, pc}
10003544:	2800      	cmp	r0, #0
10003546:	d0f9      	beq.n	1000353c <FileOpen+0xc>
10003548:	f7ff ff90 	bl	1000346c <Disk_FollowPath>
1000354c:	1e05      	subs	r5, r0, #0
1000354e:	d0f5      	beq.n	1000353c <FileOpen+0xc>
10003550:	7ae3      	ldrb	r3, [r4, #11]
10003552:	2bff      	cmp	r3, #255	@ 0xff
10003554:	d0f2      	beq.n	1000353c <FileOpen+0xc>
10003556:	2210      	movs	r2, #16
10003558:	001e      	movs	r6, r3
1000355a:	4016      	ands	r6, r2
1000355c:	4213      	tst	r3, r2
1000355e:	d1ed      	bne.n	1000353c <FileOpen+0xc>
10003560:	4b0b      	ldr	r3, [pc, #44]	@ (10003590 <FileOpen+0x60>)
10003562:	68e7      	ldr	r7, [r4, #12]
10003564:	681b      	ldr	r3, [r3, #0]
10003566:	0038      	movs	r0, r7
10003568:	6123      	str	r3, [r4, #16]
1000356a:	f7fe fe35 	bl	100021d8 <Disk_LoadStartClust>
1000356e:	61e0      	str	r0, [r4, #28]
10003570:	7f7b      	ldrb	r3, [r7, #29]
10003572:	7f3a      	ldrb	r2, [r7, #28]
10003574:	021b      	lsls	r3, r3, #8
10003576:	4313      	orrs	r3, r2
10003578:	7fba      	ldrb	r2, [r7, #30]
1000357a:	0412      	lsls	r2, r2, #16
1000357c:	431a      	orrs	r2, r3
1000357e:	7ffb      	ldrb	r3, [r7, #31]
10003580:	62a6      	str	r6, [r4, #40]	@ 0x28
10003582:	061b      	lsls	r3, r3, #24
10003584:	4313      	orrs	r3, r2
10003586:	61a3      	str	r3, [r4, #24]
10003588:	6226      	str	r6, [r4, #32]
1000358a:	e7d9      	b.n	10003540 <FileOpen+0x10>
1000358c:	2003660c 	.word	0x2003660c
10003590:	20000270 	.word	0x20000270

10003594 <SetDir>:
10003594:	b570      	push	{r4, r5, r6, lr}
10003596:	4b0f      	ldr	r3, [pc, #60]	@ (100035d4 <SetDir+0x40>)
10003598:	0001      	movs	r1, r0
1000359a:	781b      	ldrb	r3, [r3, #0]
1000359c:	2b00      	cmp	r3, #0
1000359e:	d102      	bne.n	100035a6 <SetDir+0x12>
100035a0:	2400      	movs	r4, #0
100035a2:	0020      	movs	r0, r4
100035a4:	bd70      	pop	{r4, r5, r6, pc}
100035a6:	4d0c      	ldr	r5, [pc, #48]	@ (100035d8 <SetDir+0x44>)
100035a8:	0028      	movs	r0, r5
100035aa:	f7ff ff5f 	bl	1000346c <Disk_FollowPath>
100035ae:	1e04      	subs	r4, r0, #0
100035b0:	d0f6      	beq.n	100035a0 <SetDir+0xc>
100035b2:	7aeb      	ldrb	r3, [r5, #11]
100035b4:	2bff      	cmp	r3, #255	@ 0xff
100035b6:	d0f3      	beq.n	100035a0 <SetDir+0xc>
100035b8:	06da      	lsls	r2, r3, #27
100035ba:	d5f1      	bpl.n	100035a0 <SetDir+0xc>
100035bc:	4e07      	ldr	r6, [pc, #28]	@ (100035dc <SetDir+0x48>)
100035be:	2b90      	cmp	r3, #144	@ 0x90
100035c0:	d102      	bne.n	100035c8 <SetDir+0x34>
100035c2:	69eb      	ldr	r3, [r5, #28]
100035c4:	6033      	str	r3, [r6, #0]
100035c6:	e7ec      	b.n	100035a2 <SetDir+0xe>
100035c8:	68e8      	ldr	r0, [r5, #12]
100035ca:	f7fe fe05 	bl	100021d8 <Disk_LoadStartClust>
100035ce:	6030      	str	r0, [r6, #0]
100035d0:	e7e7      	b.n	100035a2 <SetDir+0xe>
100035d2:	46c0      	nop			@ (mov r8, r8)
100035d4:	2003660c 	.word	0x2003660c
100035d8:	200006a0 	.word	0x200006a0
100035dc:	20000654 	.word	0x20000654

100035e0 <FindOpen>:
100035e0:	b510      	push	{r4, lr}
100035e2:	4b11      	ldr	r3, [pc, #68]	@ (10003628 <FindOpen+0x48>)
100035e4:	0004      	movs	r4, r0
100035e6:	781b      	ldrb	r3, [r3, #0]
100035e8:	2b00      	cmp	r3, #0
100035ea:	d102      	bne.n	100035f2 <FindOpen+0x12>
100035ec:	2000      	movs	r0, #0
100035ee:	7020      	strb	r0, [r4, #0]
100035f0:	bd10      	pop	{r4, pc}
100035f2:	2800      	cmp	r0, #0
100035f4:	d0fa      	beq.n	100035ec <FindOpen+0xc>
100035f6:	f7ff ff39 	bl	1000346c <Disk_FollowPath>
100035fa:	2800      	cmp	r0, #0
100035fc:	d0f6      	beq.n	100035ec <FindOpen+0xc>
100035fe:	7ae3      	ldrb	r3, [r4, #11]
10003600:	2bff      	cmp	r3, #255	@ 0xff
10003602:	d0f3      	beq.n	100035ec <FindOpen+0xc>
10003604:	06da      	lsls	r2, r3, #27
10003606:	d5f1      	bpl.n	100035ec <FindOpen+0xc>
10003608:	2b90      	cmp	r3, #144	@ 0x90
1000360a:	d00a      	beq.n	10003622 <FindOpen+0x42>
1000360c:	68e0      	ldr	r0, [r4, #12]
1000360e:	f7fe fde3 	bl	100021d8 <Disk_LoadStartClust>
10003612:	61e0      	str	r0, [r4, #28]
10003614:	2100      	movs	r1, #0
10003616:	0020      	movs	r0, r4
10003618:	f7ff fa66 	bl	10002ae8 <Disk_DirInx>
1000361c:	2800      	cmp	r0, #0
1000361e:	d1e7      	bne.n	100035f0 <FindOpen+0x10>
10003620:	e7e4      	b.n	100035ec <FindOpen+0xc>
10003622:	232e      	movs	r3, #46	@ 0x2e
10003624:	7023      	strb	r3, [r4, #0]
10003626:	e7f5      	b.n	10003614 <FindOpen+0x34>
10003628:	2003660c 	.word	0x2003660c

1000362c <GetDir>:
1000362c:	b5f7      	push	{r0, r1, r2, r4, r5, r6, r7, lr}
1000362e:	4b32      	ldr	r3, [pc, #200]	@ (100036f8 <GetDir+0xcc>)
10003630:	0006      	movs	r6, r0
10003632:	9301      	str	r3, [sp, #4]
10003634:	781b      	ldrb	r3, [r3, #0]
10003636:	9100      	str	r1, [sp, #0]
10003638:	2b00      	cmp	r3, #0
1000363a:	d101      	bne.n	10003640 <GetDir+0x14>
1000363c:	2000      	movs	r0, #0
1000363e:	bdfe      	pop	{r1, r2, r3, r4, r5, r6, r7, pc}
10003640:	9b00      	ldr	r3, [sp, #0]
10003642:	2b00      	cmp	r3, #0
10003644:	d0fa      	beq.n	1000363c <GetDir+0x10>
10003646:	2800      	cmp	r0, #0
10003648:	d0f8      	beq.n	1000363c <GetDir+0x10>
1000364a:	4b2c      	ldr	r3, [pc, #176]	@ (100036fc <GetDir+0xd0>)
1000364c:	4c2c      	ldr	r4, [pc, #176]	@ (10003700 <GetDir+0xd4>)
1000364e:	681b      	ldr	r3, [r3, #0]
10003650:	9d00      	ldr	r5, [sp, #0]
10003652:	61e3      	str	r3, [r4, #28]
10003654:	69e7      	ldr	r7, [r4, #28]
10003656:	2f00      	cmp	r7, #0
10003658:	d121      	bne.n	1000369e <GetDir+0x72>
1000365a:	9b00      	ldr	r3, [sp, #0]
1000365c:	0030      	movs	r0, r6
1000365e:	1b5c      	subs	r4, r3, r5
10003660:	0022      	movs	r2, r4
10003662:	1971      	adds	r1, r6, r5
10003664:	f001 ff7c 	bl	10005560 <memmove>
10003668:	2300      	movs	r3, #0
1000366a:	b2a0      	uxth	r0, r4
1000366c:	5433      	strb	r3, [r6, r0]
1000366e:	e7e6      	b.n	1000363e <GetDir+0x12>
10003670:	4f24      	ldr	r7, [pc, #144]	@ (10003704 <GetDir+0xd8>)
10003672:	0020      	movs	r0, r4
10003674:	0039      	movs	r1, r7
10003676:	f7fe fdd1 	bl	1000221c <Disk_GetFileInfo>
1000367a:	2800      	cmp	r0, #0
1000367c:	d0de      	beq.n	1000363c <GetDir+0x10>
1000367e:	7d7a      	ldrb	r2, [r7, #21]
10003680:	1c53      	adds	r3, r2, #1
10003682:	42ab      	cmp	r3, r5
10003684:	dada      	bge.n	1000363c <GetDir+0x10>
10003686:	1aa8      	subs	r0, r5, r2
10003688:	491f      	ldr	r1, [pc, #124]	@ (10003708 <GetDir+0xdc>)
1000368a:	1830      	adds	r0, r6, r0
1000368c:	f7fc fee0 	bl	10000450 <__wrap___aeabi_memcpy>
10003690:	7d7b      	ldrb	r3, [r7, #21]
10003692:	1aeb      	subs	r3, r5, r3
10003694:	3b01      	subs	r3, #1
10003696:	b29d      	uxth	r5, r3
10003698:	232f      	movs	r3, #47	@ 0x2f
1000369a:	5573      	strb	r3, [r6, r5]
1000369c:	e7da      	b.n	10003654 <GetDir+0x28>
1000369e:	9b01      	ldr	r3, [sp, #4]
100036a0:	781b      	ldrb	r3, [r3, #0]
100036a2:	2b03      	cmp	r3, #3
100036a4:	d103      	bne.n	100036ae <GetDir+0x82>
100036a6:	4b19      	ldr	r3, [pc, #100]	@ (1000370c <GetDir+0xe0>)
100036a8:	681b      	ldr	r3, [r3, #0]
100036aa:	429f      	cmp	r7, r3
100036ac:	d0d5      	beq.n	1000365a <GetDir+0x2e>
100036ae:	2120      	movs	r1, #32
100036b0:	0020      	movs	r0, r4
100036b2:	f7ff fa19 	bl	10002ae8 <Disk_DirInx>
100036b6:	2800      	cmp	r0, #0
100036b8:	d0c0      	beq.n	1000363c <GetDir+0x10>
100036ba:	6aa0      	ldr	r0, [r4, #40]	@ 0x28
100036bc:	f7ff f99a 	bl	100029f4 <Disk_MoveBuf>
100036c0:	2800      	cmp	r0, #0
100036c2:	d0bb      	beq.n	1000363c <GetDir+0x10>
100036c4:	68e0      	ldr	r0, [r4, #12]
100036c6:	f7fe fd87 	bl	100021d8 <Disk_LoadStartClust>
100036ca:	2100      	movs	r1, #0
100036cc:	61e0      	str	r0, [r4, #28]
100036ce:	0020      	movs	r0, r4
100036d0:	f7ff fa0a 	bl	10002ae8 <Disk_DirInx>
100036d4:	2800      	cmp	r0, #0
100036d6:	d0b1      	beq.n	1000363c <GetDir+0x10>
100036d8:	2137      	movs	r1, #55	@ 0x37
100036da:	0020      	movs	r0, r4
100036dc:	f7ff fe7a 	bl	100033d4 <Disk_DirRead>
100036e0:	2800      	cmp	r0, #0
100036e2:	d0ab      	beq.n	1000363c <GetDir+0x10>
100036e4:	68e0      	ldr	r0, [r4, #12]
100036e6:	f7fe fd77 	bl	100021d8 <Disk_LoadStartClust>
100036ea:	42b8      	cmp	r0, r7
100036ec:	d0c0      	beq.n	10003670 <GetDir+0x44>
100036ee:	2100      	movs	r1, #0
100036f0:	0020      	movs	r0, r4
100036f2:	f7ff fe25 	bl	10003340 <Disk_DirNext>
100036f6:	e7ed      	b.n	100036d4 <GetDir+0xa8>
100036f8:	2003660c 	.word	0x2003660c
100036fc:	20000654 	.word	0x20000654
10003700:	200006a0 	.word	0x200006a0
10003704:	20000944 	.word	0x20000944
10003708:	2000094c 	.word	0x2000094c
1000370c:	2000069c 	.word	0x2000069c

10003710 <FindNext>:
10003710:	b5f8      	push	{r3, r4, r5, r6, r7, lr}
10003712:	0004      	movs	r4, r0
10003714:	000d      	movs	r5, r1
10003716:	0016      	movs	r6, r2
10003718:	001f      	movs	r7, r3
1000371a:	6aa3      	ldr	r3, [r4, #40]	@ 0x28
1000371c:	2b00      	cmp	r3, #0
1000371e:	d01b      	beq.n	10003758 <FindNext+0x48>
10003720:	0031      	movs	r1, r6
10003722:	0020      	movs	r0, r4
10003724:	f7ff fe56 	bl	100033d4 <Disk_DirRead>
10003728:	2800      	cmp	r0, #0
1000372a:	d015      	beq.n	10003758 <FindNext+0x48>
1000372c:	68e1      	ldr	r1, [r4, #12]
1000372e:	0038      	movs	r0, r7
10003730:	f7fe fdd0 	bl	100022d4 <Disk_Match>
10003734:	1e01      	subs	r1, r0, #0
10003736:	d00b      	beq.n	10003750 <FindNext+0x40>
10003738:	0029      	movs	r1, r5
1000373a:	0020      	movs	r0, r4
1000373c:	f7fe fd6e 	bl	1000221c <Disk_GetFileInfo>
10003740:	1e05      	subs	r5, r0, #0
10003742:	d009      	beq.n	10003758 <FindNext+0x48>
10003744:	2100      	movs	r1, #0
10003746:	0020      	movs	r0, r4
10003748:	f7ff fdfa 	bl	10003340 <Disk_DirNext>
1000374c:	0028      	movs	r0, r5
1000374e:	bdf8      	pop	{r3, r4, r5, r6, r7, pc}
10003750:	0020      	movs	r0, r4
10003752:	f7ff fdf5 	bl	10003340 <Disk_DirNext>
10003756:	e7e0      	b.n	1000371a <FindNext+0xa>
10003758:	2500      	movs	r5, #0
1000375a:	e7f7      	b.n	1000374c <FindNext+0x3c>

1000375c <SDInit>:
1000375c:	b570      	push	{r4, r5, r6, lr}
1000375e:	2408      	movs	r4, #8
10003760:	250c      	movs	r5, #12
10003762:	4919      	ldr	r1, [pc, #100]	@ (100037c8 <SDInit+0x6c>)
10003764:	4819      	ldr	r0, [pc, #100]	@ (100037cc <SDInit+0x70>)
10003766:	f7fd fdfd 	bl	10001364 <SPI_Init_hw>
1000376a:	2101      	movs	r1, #1
1000376c:	200c      	movs	r0, #12
1000376e:	f7fd fafd 	bl	10000d6c <GPIO_Fnc>
10003772:	4b17      	ldr	r3, [pc, #92]	@ (100037d0 <SDInit+0x74>)
10003774:	4a17      	ldr	r2, [pc, #92]	@ (100037d4 <SDInit+0x78>)
10003776:	681b      	ldr	r3, [r3, #0]
10003778:	2101      	movs	r1, #1
1000377a:	4063      	eors	r3, r4
1000377c:	402b      	ands	r3, r5
1000377e:	6013      	str	r3, [r2, #0]
10003780:	200a      	movs	r0, #10
10003782:	f7fd faf3 	bl	10000d6c <GPIO_Fnc>
10003786:	4b14      	ldr	r3, [pc, #80]	@ (100037d8 <SDInit+0x7c>)
10003788:	4a14      	ldr	r2, [pc, #80]	@ (100037dc <SDInit+0x80>)
1000378a:	681b      	ldr	r3, [r3, #0]
1000378c:	2101      	movs	r1, #1
1000378e:	4063      	eors	r3, r4
10003790:	402b      	ands	r3, r5
10003792:	6013      	str	r3, [r2, #0]
10003794:	200b      	movs	r0, #11
10003796:	f7fd fae9 	bl	10000d6c <GPIO_Fnc>
1000379a:	4b11      	ldr	r3, [pc, #68]	@ (100037e0 <SDInit+0x84>)
1000379c:	4a11      	ldr	r2, [pc, #68]	@ (100037e4 <SDInit+0x88>)
1000379e:	681b      	ldr	r3, [r3, #0]
100037a0:	200d      	movs	r0, #13
100037a2:	4063      	eors	r3, r4
100037a4:	402b      	ands	r3, r5
100037a6:	6013      	str	r3, [r2, #0]
100037a8:	f7fd fb6e 	bl	10000e88 <GPIO_Init>
100037ac:	4b0e      	ldr	r3, [pc, #56]	@ (100037e8 <SDInit+0x8c>)
100037ae:	2280      	movs	r2, #128	@ 0x80
100037b0:	681b      	ldr	r3, [r3, #0]
100037b2:	0192      	lsls	r2, r2, #6
100037b4:	405c      	eors	r4, r3
100037b6:	4b0d      	ldr	r3, [pc, #52]	@ (100037ec <SDInit+0x90>)
100037b8:	402c      	ands	r4, r5
100037ba:	601c      	str	r4, [r3, #0]
100037bc:	23d0      	movs	r3, #208	@ 0xd0
100037be:	061b      	lsls	r3, r3, #24
100037c0:	615a      	str	r2, [r3, #20]
100037c2:	625a      	str	r2, [r3, #36]	@ 0x24
100037c4:	bd70      	pop	{r4, r5, r6, pc}
100037c6:	46c0      	nop			@ (mov r8, r8)
100037c8:	0003d090 	.word	0x0003d090
100037cc:	40040000 	.word	0x40040000
100037d0:	4001c034 	.word	0x4001c034
100037d4:	4001d034 	.word	0x4001d034
100037d8:	4001c02c 	.word	0x4001c02c
100037dc:	4001d02c 	.word	0x4001d02c
100037e0:	4001c030 	.word	0x4001c030
100037e4:	4001d030 	.word	0x4001d030
100037e8:	4001c038 	.word	0x4001c038
100037ec:	4001d038 	.word	0x4001d038

100037f0 <SDTerm>:
100037f0:	23d0      	movs	r3, #208	@ 0xd0
100037f2:	2280      	movs	r2, #128	@ 0x80
100037f4:	061b      	lsls	r3, r3, #24
100037f6:	0192      	lsls	r2, r2, #6
100037f8:	b510      	push	{r4, lr}
100037fa:	4808      	ldr	r0, [pc, #32]	@ (1000381c <SDTerm+0x2c>)
100037fc:	615a      	str	r2, [r3, #20]
100037fe:	f7fd fd39 	bl	10001274 <SPI_Term_hw>
10003802:	200c      	movs	r0, #12
10003804:	f7fd fb0c 	bl	10000e20 <GPIO_Reset>
10003808:	200a      	movs	r0, #10
1000380a:	f7fd fb09 	bl	10000e20 <GPIO_Reset>
1000380e:	200b      	movs	r0, #11
10003810:	f7fd fb06 	bl	10000e20 <GPIO_Reset>
10003814:	200d      	movs	r0, #13
10003816:	f7fd fb03 	bl	10000e20 <GPIO_Reset>
1000381a:	bd10      	pop	{r4, pc}
1000381c:	40040000 	.word	0x40040000

10003820 <StrLen>:
10003820:	1e02      	subs	r2, r0, #0
10003822:	d006      	beq.n	10003832 <StrLen+0x12>
10003824:	3001      	adds	r0, #1
10003826:	1e41      	subs	r1, r0, #1
10003828:	7809      	ldrb	r1, [r1, #0]
1000382a:	2900      	cmp	r1, #0
1000382c:	d1fa      	bne.n	10003824 <StrLen+0x4>
1000382e:	1a80      	subs	r0, r0, r2
10003830:	3801      	subs	r0, #1
10003832:	4770      	bx	lr

10003834 <DispWriteCmd>:
10003834:	b537      	push	{r0, r1, r2, r4, r5, lr}
10003836:	24d0      	movs	r4, #208	@ 0xd0
10003838:	466b      	mov	r3, sp
1000383a:	2580      	movs	r5, #128	@ 0x80
1000383c:	0624      	lsls	r4, r4, #24
1000383e:	03ad      	lsls	r5, r5, #14
10003840:	1dd9      	adds	r1, r3, #7
10003842:	7008      	strb	r0, [r1, #0]
10003844:	61a5      	str	r5, [r4, #24]
10003846:	2380      	movs	r3, #128	@ 0x80
10003848:	029b      	lsls	r3, r3, #10
1000384a:	61a3      	str	r3, [r4, #24]
1000384c:	2201      	movs	r2, #1
1000384e:	4802      	ldr	r0, [pc, #8]	@ (10003858 <DispWriteCmd+0x24>)
10003850:	f7fd fdaf 	bl	100013b2 <SPI_Send8_hw>
10003854:	6165      	str	r5, [r4, #20]
10003856:	bd37      	pop	{r0, r1, r2, r4, r5, pc}
10003858:	4003c000 	.word	0x4003c000

1000385c <DispWriteData>:
1000385c:	b570      	push	{r4, r5, r6, lr}
1000385e:	24d0      	movs	r4, #208	@ 0xd0
10003860:	2580      	movs	r5, #128	@ 0x80
10003862:	0624      	lsls	r4, r4, #24
10003864:	03ad      	lsls	r5, r5, #14
10003866:	000a      	movs	r2, r1
10003868:	61a5      	str	r5, [r4, #24]
1000386a:	2380      	movs	r3, #128	@ 0x80
1000386c:	029b      	lsls	r3, r3, #10
1000386e:	6163      	str	r3, [r4, #20]
10003870:	0001      	movs	r1, r0
10003872:	4802      	ldr	r0, [pc, #8]	@ (1000387c <DispWriteData+0x20>)
10003874:	f7fd fd9d 	bl	100013b2 <SPI_Send8_hw>
10003878:	6165      	str	r5, [r4, #20]
1000387a:	bd70      	pop	{r4, r5, r6, pc}
1000387c:	4003c000 	.word	0x4003c000

10003880 <DispWriteCmdData>:
10003880:	b5f7      	push	{r0, r1, r2, r4, r5, r6, r7, lr}
10003882:	24d0      	movs	r4, #208	@ 0xd0
10003884:	466b      	mov	r3, sp
10003886:	2680      	movs	r6, #128	@ 0x80
10003888:	9100      	str	r1, [sp, #0]
1000388a:	0624      	lsls	r4, r4, #24
1000388c:	03b6      	lsls	r6, r6, #14
1000388e:	1dd9      	adds	r1, r3, #7
10003890:	7008      	strb	r0, [r1, #0]
10003892:	0015      	movs	r5, r2
10003894:	61a6      	str	r6, [r4, #24]
10003896:	2780      	movs	r7, #128	@ 0x80
10003898:	02bf      	lsls	r7, r7, #10
1000389a:	61a7      	str	r7, [r4, #24]
1000389c:	2201      	movs	r2, #1
1000389e:	4805      	ldr	r0, [pc, #20]	@ (100038b4 <DispWriteCmdData+0x34>)
100038a0:	f7fd fd87 	bl	100013b2 <SPI_Send8_hw>
100038a4:	6167      	str	r7, [r4, #20]
100038a6:	4803      	ldr	r0, [pc, #12]	@ (100038b4 <DispWriteCmdData+0x34>)
100038a8:	002a      	movs	r2, r5
100038aa:	9900      	ldr	r1, [sp, #0]
100038ac:	f7fd fd81 	bl	100013b2 <SPI_Send8_hw>
100038b0:	6166      	str	r6, [r4, #20]
100038b2:	bdf7      	pop	{r0, r1, r2, r4, r5, r6, r7, pc}
100038b4:	4003c000 	.word	0x4003c000

100038b8 <DispHardReset>:
100038b8:	b570      	push	{r4, r5, r6, lr}
100038ba:	24d0      	movs	r4, #208	@ 0xd0
100038bc:	2680      	movs	r6, #128	@ 0x80
100038be:	0624      	lsls	r4, r4, #24
100038c0:	03b6      	lsls	r6, r6, #14
100038c2:	61a6      	str	r6, [r4, #24]
100038c4:	2580      	movs	r5, #128	@ 0x80
100038c6:	036d      	lsls	r5, r5, #13
100038c8:	2032      	movs	r0, #50	@ 0x32
100038ca:	6165      	str	r5, [r4, #20]
100038cc:	f7fd fdf2 	bl	100014b4 <WaitMs>
100038d0:	61a5      	str	r5, [r4, #24]
100038d2:	2032      	movs	r0, #50	@ 0x32
100038d4:	f7fd fdee 	bl	100014b4 <WaitMs>
100038d8:	2096      	movs	r0, #150	@ 0x96
100038da:	6165      	str	r5, [r4, #20]
100038dc:	f7fd fdea 	bl	100014b4 <WaitMs>
100038e0:	6166      	str	r6, [r4, #20]
100038e2:	bd70      	pop	{r4, r5, r6, pc}

100038e4 <DispSoftReset>:
100038e4:	b510      	push	{r4, lr}
100038e6:	2001      	movs	r0, #1
100038e8:	f7ff ffa4 	bl	10003834 <DispWriteCmd>
100038ec:	2096      	movs	r0, #150	@ 0x96
100038ee:	f7fd fde1 	bl	100014b4 <WaitMs>
100038f2:	bd10      	pop	{r4, pc}

100038f4 <DispSleepDisable>:
100038f4:	b510      	push	{r4, lr}
100038f6:	2011      	movs	r0, #17
100038f8:	f7ff ff9c 	bl	10003834 <DispWriteCmd>
100038fc:	bd10      	pop	{r4, pc}

100038fe <DispInvDisable>:
100038fe:	b510      	push	{r4, lr}
10003900:	2020      	movs	r0, #32
10003902:	f7ff ff97 	bl	10003834 <DispWriteCmd>
10003906:	bd10      	pop	{r4, pc}

10003908 <DispColorMode>:
10003908:	b507      	push	{r0, r1, r2, lr}
1000390a:	466b      	mov	r3, sp
1000390c:	1dd9      	adds	r1, r3, #7
1000390e:	7008      	strb	r0, [r1, #0]
10003910:	2201      	movs	r2, #1
10003912:	203a      	movs	r0, #58	@ 0x3a
10003914:	f7ff ffb4 	bl	10003880 <DispWriteCmdData>
10003918:	bd07      	pop	{r0, r1, r2, pc}
	...

1000391c <DispRotation>:
1000391c:	b510      	push	{r4, lr}
1000391e:	4903      	ldr	r1, [pc, #12]	@ (1000392c <DispRotation+0x10>)
10003920:	2201      	movs	r2, #1
10003922:	1809      	adds	r1, r1, r0
10003924:	2036      	movs	r0, #54	@ 0x36
10003926:	f7ff ffab 	bl	10003880 <DispWriteCmdData>
1000392a:	bd10      	pop	{r4, pc}
1000392c:	10006f0c 	.word	0x10006f0c

10003930 <DispWindow>:
10003930:	b537      	push	{r0, r1, r2, r4, r5, lr}
10003932:	001c      	movs	r4, r3
10003934:	466b      	mov	r3, sp
10003936:	3901      	subs	r1, #1
10003938:	ba40      	rev16	r0, r0
1000393a:	ba49      	rev16	r1, r1
1000393c:	8098      	strh	r0, [r3, #4]
1000393e:	80d9      	strh	r1, [r3, #6]
10003940:	0015      	movs	r5, r2
10003942:	a901      	add	r1, sp, #4
10003944:	2204      	movs	r2, #4
10003946:	202a      	movs	r0, #42	@ 0x2a
10003948:	f7ff ff9a 	bl	10003880 <DispWriteCmdData>
1000394c:	466b      	mov	r3, sp
1000394e:	3c01      	subs	r4, #1
10003950:	2204      	movs	r2, #4
10003952:	ba6d      	rev16	r5, r5
10003954:	a901      	add	r1, sp, #4
10003956:	202b      	movs	r0, #43	@ 0x2b
10003958:	ba64      	rev16	r4, r4
1000395a:	809d      	strh	r5, [r3, #4]
1000395c:	80dc      	strh	r4, [r3, #6]
1000395e:	f7ff ff8f 	bl	10003880 <DispWriteCmdData>
10003962:	202c      	movs	r0, #44	@ 0x2c
10003964:	f7ff ff66 	bl	10003834 <DispWriteCmd>
10003968:	bd37      	pop	{r0, r1, r2, r4, r5, pc}
	...

1000396c <DispDirtyAll>:
1000396c:	2200      	movs	r2, #0
1000396e:	21a0      	movs	r1, #160	@ 0xa0
10003970:	4b05      	ldr	r3, [pc, #20]	@ (10003988 <DispDirtyAll+0x1c>)
10003972:	0049      	lsls	r1, r1, #1
10003974:	601a      	str	r2, [r3, #0]
10003976:	4b05      	ldr	r3, [pc, #20]	@ (1000398c <DispDirtyAll+0x20>)
10003978:	6019      	str	r1, [r3, #0]
1000397a:	4b05      	ldr	r3, [pc, #20]	@ (10003990 <DispDirtyAll+0x24>)
1000397c:	601a      	str	r2, [r3, #0]
1000397e:	4b05      	ldr	r3, [pc, #20]	@ (10003994 <DispDirtyAll+0x28>)
10003980:	32f0      	adds	r2, #240	@ 0xf0
10003982:	601a      	str	r2, [r3, #0]
10003984:	4770      	bx	lr
10003986:	46c0      	nop			@ (mov r8, r8)
10003988:	200008d8 	.word	0x200008d8
1000398c:	200008dc 	.word	0x200008dc
10003990:	200008e0 	.word	0x200008e0
10003994:	200008e4 	.word	0x200008e4

10003998 <DispDirtyNone>:
10003998:	22a0      	movs	r2, #160	@ 0xa0
1000399a:	4b06      	ldr	r3, [pc, #24]	@ (100039b4 <DispDirtyNone+0x1c>)
1000399c:	0052      	lsls	r2, r2, #1
1000399e:	601a      	str	r2, [r3, #0]
100039a0:	2200      	movs	r2, #0
100039a2:	21f0      	movs	r1, #240	@ 0xf0
100039a4:	4b04      	ldr	r3, [pc, #16]	@ (100039b8 <DispDirtyNone+0x20>)
100039a6:	601a      	str	r2, [r3, #0]
100039a8:	4b04      	ldr	r3, [pc, #16]	@ (100039bc <DispDirtyNone+0x24>)
100039aa:	6019      	str	r1, [r3, #0]
100039ac:	4b04      	ldr	r3, [pc, #16]	@ (100039c0 <DispDirtyNone+0x28>)
100039ae:	601a      	str	r2, [r3, #0]
100039b0:	4770      	bx	lr
100039b2:	46c0      	nop			@ (mov r8, r8)
100039b4:	200008d8 	.word	0x200008d8
100039b8:	200008dc 	.word	0x200008dc
100039bc:	200008e0 	.word	0x200008e0
100039c0:	200008e4 	.word	0x200008e4

100039c4 <DispDirtyRect>:
100039c4:	b530      	push	{r4, r5, lr}
100039c6:	2800      	cmp	r0, #0
100039c8:	da01      	bge.n	100039ce <DispDirtyRect+0xa>
100039ca:	1812      	adds	r2, r2, r0
100039cc:	2000      	movs	r0, #0
100039ce:	25a0      	movs	r5, #160	@ 0xa0
100039d0:	1884      	adds	r4, r0, r2
100039d2:	006d      	lsls	r5, r5, #1
100039d4:	42ac      	cmp	r4, r5
100039d6:	dd00      	ble.n	100039da <DispDirtyRect+0x16>
100039d8:	1a2a      	subs	r2, r5, r0
100039da:	2a00      	cmp	r2, #0
100039dc:	dd20      	ble.n	10003a20 <DispDirtyRect+0x5c>
100039de:	2900      	cmp	r1, #0
100039e0:	da01      	bge.n	100039e6 <DispDirtyRect+0x22>
100039e2:	185b      	adds	r3, r3, r1
100039e4:	2100      	movs	r1, #0
100039e6:	18cc      	adds	r4, r1, r3
100039e8:	2cf0      	cmp	r4, #240	@ 0xf0
100039ea:	dd01      	ble.n	100039f0 <DispDirtyRect+0x2c>
100039ec:	23f0      	movs	r3, #240	@ 0xf0
100039ee:	1a5b      	subs	r3, r3, r1
100039f0:	2b00      	cmp	r3, #0
100039f2:	dd15      	ble.n	10003a20 <DispDirtyRect+0x5c>
100039f4:	4c0b      	ldr	r4, [pc, #44]	@ (10003a24 <DispDirtyRect+0x60>)
100039f6:	6825      	ldr	r5, [r4, #0]
100039f8:	4285      	cmp	r5, r0
100039fa:	dd00      	ble.n	100039fe <DispDirtyRect+0x3a>
100039fc:	6020      	str	r0, [r4, #0]
100039fe:	1880      	adds	r0, r0, r2
10003a00:	4a09      	ldr	r2, [pc, #36]	@ (10003a28 <DispDirtyRect+0x64>)
10003a02:	6814      	ldr	r4, [r2, #0]
10003a04:	42a0      	cmp	r0, r4
10003a06:	dd00      	ble.n	10003a0a <DispDirtyRect+0x46>
10003a08:	6010      	str	r0, [r2, #0]
10003a0a:	4a08      	ldr	r2, [pc, #32]	@ (10003a2c <DispDirtyRect+0x68>)
10003a0c:	6810      	ldr	r0, [r2, #0]
10003a0e:	4288      	cmp	r0, r1
10003a10:	dd00      	ble.n	10003a14 <DispDirtyRect+0x50>
10003a12:	6011      	str	r1, [r2, #0]
10003a14:	18c9      	adds	r1, r1, r3
10003a16:	4b06      	ldr	r3, [pc, #24]	@ (10003a30 <DispDirtyRect+0x6c>)
10003a18:	681a      	ldr	r2, [r3, #0]
10003a1a:	4291      	cmp	r1, r2
10003a1c:	dd00      	ble.n	10003a20 <DispDirtyRect+0x5c>
10003a1e:	6019      	str	r1, [r3, #0]
10003a20:	bd30      	pop	{r4, r5, pc}
10003a22:	46c0      	nop			@ (mov r8, r8)
10003a24:	200008d8 	.word	0x200008d8
10003a28:	200008dc 	.word	0x200008dc
10003a2c:	200008e0 	.word	0x200008e0
10003a30:	200008e4 	.word	0x200008e4

10003a34 <DispDirtyPoint>:
10003a34:	23a0      	movs	r3, #160	@ 0xa0
10003a36:	005b      	lsls	r3, r3, #1
10003a38:	4298      	cmp	r0, r3
10003a3a:	d217      	bcs.n	10003a6c <DispDirtyPoint+0x38>
10003a3c:	29ef      	cmp	r1, #239	@ 0xef
10003a3e:	d815      	bhi.n	10003a6c <DispDirtyPoint+0x38>
10003a40:	4b0b      	ldr	r3, [pc, #44]	@ (10003a70 <DispDirtyPoint+0x3c>)
10003a42:	681a      	ldr	r2, [r3, #0]
10003a44:	4282      	cmp	r2, r0
10003a46:	dd00      	ble.n	10003a4a <DispDirtyPoint+0x16>
10003a48:	6018      	str	r0, [r3, #0]
10003a4a:	4b0a      	ldr	r3, [pc, #40]	@ (10003a74 <DispDirtyPoint+0x40>)
10003a4c:	681a      	ldr	r2, [r3, #0]
10003a4e:	4282      	cmp	r2, r0
10003a50:	dc01      	bgt.n	10003a56 <DispDirtyPoint+0x22>
10003a52:	3001      	adds	r0, #1
10003a54:	6018      	str	r0, [r3, #0]
10003a56:	4b08      	ldr	r3, [pc, #32]	@ (10003a78 <DispDirtyPoint+0x44>)
10003a58:	681a      	ldr	r2, [r3, #0]
10003a5a:	428a      	cmp	r2, r1
10003a5c:	dd00      	ble.n	10003a60 <DispDirtyPoint+0x2c>
10003a5e:	6019      	str	r1, [r3, #0]
10003a60:	4b06      	ldr	r3, [pc, #24]	@ (10003a7c <DispDirtyPoint+0x48>)
10003a62:	681a      	ldr	r2, [r3, #0]
10003a64:	428a      	cmp	r2, r1
10003a66:	dc01      	bgt.n	10003a6c <DispDirtyPoint+0x38>
10003a68:	3101      	adds	r1, #1
10003a6a:	6019      	str	r1, [r3, #0]
10003a6c:	4770      	bx	lr
10003a6e:	46c0      	nop			@ (mov r8, r8)
10003a70:	200008d8 	.word	0x200008d8
10003a74:	200008dc 	.word	0x200008dc
10003a78:	200008e0 	.word	0x200008e0
10003a7c:	200008e4 	.word	0x200008e4

10003a80 <DispUpdate>:
10003a80:	b5f7      	push	{r0, r1, r2, r4, r5, r6, r7, lr}
10003a82:	4d21      	ldr	r5, [pc, #132]	@ (10003b08 <DispUpdate+0x88>)
10003a84:	4e21      	ldr	r6, [pc, #132]	@ (10003b0c <DispUpdate+0x8c>)
10003a86:	682a      	ldr	r2, [r5, #0]
10003a88:	6833      	ldr	r3, [r6, #0]
10003a8a:	429a      	cmp	r2, r3
10003a8c:	da2f      	bge.n	10003aee <DispUpdate+0x6e>
10003a8e:	4c20      	ldr	r4, [pc, #128]	@ (10003b10 <DispUpdate+0x90>)
10003a90:	4f20      	ldr	r7, [pc, #128]	@ (10003b14 <DispUpdate+0x94>)
10003a92:	6822      	ldr	r2, [r4, #0]
10003a94:	683b      	ldr	r3, [r7, #0]
10003a96:	429a      	cmp	r2, r3
10003a98:	da29      	bge.n	10003aee <DispUpdate+0x6e>
10003a9a:	23ff      	movs	r3, #255	@ 0xff
10003a9c:	466a      	mov	r2, sp
10003a9e:	71d3      	strb	r3, [r2, #7]
10003aa0:	23d0      	movs	r3, #208	@ 0xd0
10003aa2:	2280      	movs	r2, #128	@ 0x80
10003aa4:	061b      	lsls	r3, r3, #24
10003aa6:	0392      	lsls	r2, r2, #14
10003aa8:	615a      	str	r2, [r3, #20]
10003aaa:	2280      	movs	r2, #128	@ 0x80
10003aac:	0292      	lsls	r2, r2, #10
10003aae:	619a      	str	r2, [r3, #24]
10003ab0:	466b      	mov	r3, sp
10003ab2:	2201      	movs	r2, #1
10003ab4:	1dd9      	adds	r1, r3, #7
10003ab6:	4818      	ldr	r0, [pc, #96]	@ (10003b18 <DispUpdate+0x98>)
10003ab8:	f7fd fc7b 	bl	100013b2 <SPI_Send8_hw>
10003abc:	683b      	ldr	r3, [r7, #0]
10003abe:	6822      	ldr	r2, [r4, #0]
10003ac0:	6831      	ldr	r1, [r6, #0]
10003ac2:	6828      	ldr	r0, [r5, #0]
10003ac4:	b29b      	uxth	r3, r3
10003ac6:	b292      	uxth	r2, r2
10003ac8:	b289      	uxth	r1, r1
10003aca:	b280      	uxth	r0, r0
10003acc:	f7ff ff30 	bl	10003930 <DispWindow>
10003ad0:	6823      	ldr	r3, [r4, #0]
10003ad2:	24a0      	movs	r4, #160	@ 0xa0
10003ad4:	0064      	lsls	r4, r4, #1
10003ad6:	435c      	muls	r4, r3
10003ad8:	682a      	ldr	r2, [r5, #0]
10003ada:	683f      	ldr	r7, [r7, #0]
10003adc:	18a4      	adds	r4, r4, r2
10003ade:	4a0f      	ldr	r2, [pc, #60]	@ (10003b1c <DispUpdate+0x9c>)
10003ae0:	0064      	lsls	r4, r4, #1
10003ae2:	18a4      	adds	r4, r4, r2
10003ae4:	1aff      	subs	r7, r7, r3
10003ae6:	2f00      	cmp	r7, #0
10003ae8:	dc02      	bgt.n	10003af0 <DispUpdate+0x70>
10003aea:	f7ff ff55 	bl	10003998 <DispDirtyNone>
10003aee:	bdf7      	pop	{r0, r1, r2, r4, r5, r6, r7, pc}
10003af0:	682b      	ldr	r3, [r5, #0]
10003af2:	6831      	ldr	r1, [r6, #0]
10003af4:	0020      	movs	r0, r4
10003af6:	1ac9      	subs	r1, r1, r3
10003af8:	0049      	lsls	r1, r1, #1
10003afa:	f7ff feaf 	bl	1000385c <DispWriteData>
10003afe:	23a0      	movs	r3, #160	@ 0xa0
10003b00:	009b      	lsls	r3, r3, #2
10003b02:	18e4      	adds	r4, r4, r3
10003b04:	3f01      	subs	r7, #1
10003b06:	e7ee      	b.n	10003ae6 <DispUpdate+0x66>
10003b08:	200008d8 	.word	0x200008d8
10003b0c:	200008dc 	.word	0x200008dc
10003b10:	200008e0 	.word	0x200008e0
10003b14:	200008e4 	.word	0x200008e4
10003b18:	4003c000 	.word	0x4003c000
10003b1c:	20000978 	.word	0x20000978

10003b20 <DispBacklight>:
10003b20:	4b03      	ldr	r3, [pc, #12]	@ (10003b30 <DispBacklight+0x10>)
10003b22:	681b      	ldr	r3, [r3, #0]
10003b24:	4058      	eors	r0, r3
10003b26:	4b03      	ldr	r3, [pc, #12]	@ (10003b34 <DispBacklight+0x14>)
10003b28:	b280      	uxth	r0, r0
10003b2a:	6018      	str	r0, [r3, #0]
10003b2c:	4770      	bx	lr
10003b2e:	46c0      	nop			@ (mov r8, r8)
10003b30:	4005000c 	.word	0x4005000c
10003b34:	4005100c 	.word	0x4005100c

10003b38 <DispBacklightUpdate>:
10003b38:	b510      	push	{r4, lr}
10003b3a:	4b02      	ldr	r3, [pc, #8]	@ (10003b44 <DispBacklightUpdate+0xc>)
10003b3c:	78d8      	ldrb	r0, [r3, #3]
10003b3e:	f7ff ffef 	bl	10003b20 <DispBacklight>
10003b42:	bd10      	pop	{r4, pc}
10003b44:	20000634 	.word	0x20000634

10003b48 <DispInit>:
10003b48:	b573      	push	{r0, r1, r4, r5, r6, lr}
10003b4a:	4c3c      	ldr	r4, [pc, #240]	@ (10003c3c <DispInit+0xf4>)
10003b4c:	0005      	movs	r5, r0
10003b4e:	0020      	movs	r0, r4
10003b50:	493b      	ldr	r1, [pc, #236]	@ (10003c40 <DispInit+0xf8>)
10003b52:	f7fd fc07 	bl	10001364 <SPI_Init_hw>
10003b56:	2340      	movs	r3, #64	@ 0x40
10003b58:	6822      	ldr	r2, [r4, #0]
10003b5a:	2000      	movs	r0, #0
10003b5c:	4393      	bics	r3, r2
10003b5e:	4a39      	ldr	r2, [pc, #228]	@ (10003c44 <DispInit+0xfc>)
10003b60:	2601      	movs	r6, #1
10003b62:	6013      	str	r3, [r2, #0]
10003b64:	2380      	movs	r3, #128	@ 0x80
10003b66:	6821      	ldr	r1, [r4, #0]
10003b68:	24d0      	movs	r4, #208	@ 0xd0
10003b6a:	438b      	bics	r3, r1
10003b6c:	6013      	str	r3, [r2, #0]
10003b6e:	f7fd fa63 	bl	10001038 <PWM_Reset>
10003b72:	2104      	movs	r1, #4
10003b74:	2010      	movs	r0, #16
10003b76:	f7fd f8f9 	bl	10000d6c <GPIO_Fnc>
10003b7a:	4933      	ldr	r1, [pc, #204]	@ (10003c48 <DispInit+0x100>)
10003b7c:	2000      	movs	r0, #0
10003b7e:	f7fd fa77 	bl	10001070 <PWM_Clock>
10003b82:	22ff      	movs	r2, #255	@ 0xff
10003b84:	4b31      	ldr	r3, [pc, #196]	@ (10003c4c <DispInit+0x104>)
10003b86:	2000      	movs	r0, #0
10003b88:	601a      	str	r2, [r3, #0]
10003b8a:	f7ff ffc9 	bl	10003b20 <DispBacklight>
10003b8e:	4b30      	ldr	r3, [pc, #192]	@ (10003c50 <DispInit+0x108>)
10003b90:	0624      	lsls	r4, r4, #24
10003b92:	601e      	str	r6, [r3, #0]
10003b94:	2380      	movs	r3, #128	@ 0x80
10003b96:	029b      	lsls	r3, r3, #10
10003b98:	6163      	str	r3, [r4, #20]
10003b9a:	2105      	movs	r1, #5
10003b9c:	6263      	str	r3, [r4, #36]	@ 0x24
10003b9e:	2011      	movs	r0, #17
10003ba0:	f7fd f8e4 	bl	10000d6c <GPIO_Fnc>
10003ba4:	2380      	movs	r3, #128	@ 0x80
10003ba6:	02db      	lsls	r3, r3, #11
10003ba8:	0031      	movs	r1, r6
10003baa:	6163      	str	r3, [r4, #20]
10003bac:	2012      	movs	r0, #18
10003bae:	6263      	str	r3, [r4, #36]	@ 0x24
10003bb0:	f7fd f8dc 	bl	10000d6c <GPIO_Fnc>
10003bb4:	4b27      	ldr	r3, [pc, #156]	@ (10003c54 <DispInit+0x10c>)
10003bb6:	0031      	movs	r1, r6
10003bb8:	681a      	ldr	r2, [r3, #0]
10003bba:	2320      	movs	r3, #32
10003bbc:	4053      	eors	r3, r2
10003bbe:	2230      	movs	r2, #48	@ 0x30
10003bc0:	4013      	ands	r3, r2
10003bc2:	4a25      	ldr	r2, [pc, #148]	@ (10003c58 <DispInit+0x110>)
10003bc4:	2013      	movs	r0, #19
10003bc6:	6013      	str	r3, [r2, #0]
10003bc8:	2380      	movs	r3, #128	@ 0x80
10003bca:	031b      	lsls	r3, r3, #12
10003bcc:	6163      	str	r3, [r4, #20]
10003bce:	6263      	str	r3, [r4, #36]	@ 0x24
10003bd0:	f7fd f8cc 	bl	10000d6c <GPIO_Fnc>
10003bd4:	2380      	movs	r3, #128	@ 0x80
10003bd6:	035b      	lsls	r3, r3, #13
10003bd8:	6163      	str	r3, [r4, #20]
10003bda:	2105      	movs	r1, #5
10003bdc:	6263      	str	r3, [r4, #36]	@ 0x24
10003bde:	2014      	movs	r0, #20
10003be0:	f7fd f8c4 	bl	10000d6c <GPIO_Fnc>
10003be4:	2380      	movs	r3, #128	@ 0x80
10003be6:	039b      	lsls	r3, r3, #14
10003be8:	6163      	str	r3, [r4, #20]
10003bea:	2105      	movs	r1, #5
10003bec:	6263      	str	r3, [r4, #36]	@ 0x24
10003bee:	2015      	movs	r0, #21
10003bf0:	f7fd f8bc 	bl	10000d6c <GPIO_Fnc>
10003bf4:	f7ff fe60 	bl	100038b8 <DispHardReset>
10003bf8:	f7ff fe74 	bl	100038e4 <DispSoftReset>
10003bfc:	f7ff fe7a 	bl	100038f4 <DispSleepDisable>
10003c00:	466a      	mov	r2, sp
10003c02:	4b16      	ldr	r3, [pc, #88]	@ (10003c5c <DispInit+0x114>)
10003c04:	a901      	add	r1, sp, #4
10003c06:	8093      	strh	r3, [r2, #4]
10003c08:	20b0      	movs	r0, #176	@ 0xb0
10003c0a:	2202      	movs	r2, #2
10003c0c:	f7ff fe38 	bl	10003880 <DispWriteCmdData>
10003c10:	2055      	movs	r0, #85	@ 0x55
10003c12:	f7ff fe79 	bl	10003908 <DispColorMode>
10003c16:	2032      	movs	r0, #50	@ 0x32
10003c18:	f7fd fc4c 	bl	100014b4 <WaitMs>
10003c1c:	0028      	movs	r0, r5
10003c1e:	f7ff fe7d 	bl	1000391c <DispRotation>
10003c22:	f7ff fe6c 	bl	100038fe <DispInvDisable>
10003c26:	200a      	movs	r0, #10
10003c28:	f7fd fc44 	bl	100014b4 <WaitMs>
10003c2c:	f7ff ff84 	bl	10003b38 <DispBacklightUpdate>
10003c30:	f7ff feb2 	bl	10003998 <DispDirtyNone>
10003c34:	2029      	movs	r0, #41	@ 0x29
10003c36:	f7ff fdfd 	bl	10003834 <DispWriteCmd>
10003c3a:	bd73      	pop	{r0, r1, r4, r5, r6, pc}
10003c3c:	4003c000 	.word	0x4003c000
10003c40:	016e3600 	.word	0x016e3600
10003c44:	4003d000 	.word	0x4003d000
10003c48:	00562200 	.word	0x00562200
10003c4c:	40050010 	.word	0x40050010
10003c50:	40052000 	.word	0x40052000
10003c54:	4001c04c 	.word	0x4001c04c
10003c58:	4001d04c 	.word	0x4001d04c
10003c5c:	ffffe800 	.word	0xffffe800

10003c60 <DispTerm>:
10003c60:	b510      	push	{r4, lr}
10003c62:	2028      	movs	r0, #40	@ 0x28
10003c64:	f7ff fde6 	bl	10003834 <DispWriteCmd>
10003c68:	2201      	movs	r2, #1
10003c6a:	4b0c      	ldr	r3, [pc, #48]	@ (10003c9c <DispTerm+0x3c>)
10003c6c:	2000      	movs	r0, #0
10003c6e:	601a      	str	r2, [r3, #0]
10003c70:	f7fd f9e2 	bl	10001038 <PWM_Reset>
10003c74:	2010      	movs	r0, #16
10003c76:	f7fd f8d3 	bl	10000e20 <GPIO_Reset>
10003c7a:	2011      	movs	r0, #17
10003c7c:	f7fd f8d0 	bl	10000e20 <GPIO_Reset>
10003c80:	2012      	movs	r0, #18
10003c82:	f7fd f8cd 	bl	10000e20 <GPIO_Reset>
10003c86:	2013      	movs	r0, #19
10003c88:	f7fd f8ca 	bl	10000e20 <GPIO_Reset>
10003c8c:	2014      	movs	r0, #20
10003c8e:	f7fd f8c7 	bl	10000e20 <GPIO_Reset>
10003c92:	2015      	movs	r0, #21
10003c94:	f7fd f8c4 	bl	10000e20 <GPIO_Reset>
10003c98:	bd10      	pop	{r4, pc}
10003c9a:	46c0      	nop			@ (mov r8, r8)
10003c9c:	40053000 	.word	0x40053000

10003ca0 <_Z8DispHomev>:
10003ca0:	2200      	movs	r2, #0
10003ca2:	4b02      	ldr	r3, [pc, #8]	@ (10003cac <_Z8DispHomev+0xc>)
10003ca4:	601a      	str	r2, [r3, #0]
10003ca6:	4b02      	ldr	r3, [pc, #8]	@ (10003cb0 <_Z8DispHomev+0x10>)
10003ca8:	601a      	str	r2, [r3, #0]
10003caa:	4770      	bx	lr
10003cac:	200008e8 	.word	0x200008e8
10003cb0:	200008ec 	.word	0x200008ec

10003cb4 <_Z8DispTextPKc>:
10003cb4:	b537      	push	{r0, r1, r2, r4, r5, lr}
10003cb6:	0004      	movs	r4, r0
10003cb8:	f7fd fee0 	bl	10001a7c <SelFont8x16>
10003cbc:	4d0a      	ldr	r5, [pc, #40]	@ (10003ce8 <_Z8DispTextPKc+0x34>)
10003cbe:	4a0b      	ldr	r2, [pc, #44]	@ (10003cec <_Z8DispTextPKc+0x38>)
10003cc0:	480b      	ldr	r0, [pc, #44]	@ (10003cf0 <_Z8DispTextPKc+0x3c>)
10003cc2:	6829      	ldr	r1, [r5, #0]
10003cc4:	6812      	ldr	r2, [r2, #0]
10003cc6:	8800      	ldrh	r0, [r0, #0]
10003cc8:	4b0a      	ldr	r3, [pc, #40]	@ (10003cf4 <_Z8DispTextPKc+0x40>)
10003cca:	0112      	lsls	r2, r2, #4
10003ccc:	881b      	ldrh	r3, [r3, #0]
10003cce:	00c9      	lsls	r1, r1, #3
10003cd0:	9000      	str	r0, [sp, #0]
10003cd2:	0020      	movs	r0, r4
10003cd4:	f7fe fa16 	bl	10002104 <DrawTextBg>
10003cd8:	0020      	movs	r0, r4
10003cda:	f7ff fda1 	bl	10003820 <StrLen>
10003cde:	682b      	ldr	r3, [r5, #0]
10003ce0:	181b      	adds	r3, r3, r0
10003ce2:	602b      	str	r3, [r5, #0]
10003ce4:	bd37      	pop	{r0, r1, r2, r4, r5, pc}
10003ce6:	46c0      	nop			@ (mov r8, r8)
10003ce8:	200008e8 	.word	0x200008e8
10003cec:	200008ec 	.word	0x200008ec
10003cf0:	200365d0 	.word	0x200365d0
10003cf4:	200365d4 	.word	0x200365d4

10003cf8 <_Z13DispSmallTextPKc>:
10003cf8:	b537      	push	{r0, r1, r2, r4, r5, lr}
10003cfa:	0004      	movs	r4, r0
10003cfc:	f7fd fed4 	bl	10001aa8 <SelFont6x8>
10003d00:	2006      	movs	r0, #6
10003d02:	4d0a      	ldr	r5, [pc, #40]	@ (10003d2c <_Z13DispSmallTextPKc+0x34>)
10003d04:	4a0a      	ldr	r2, [pc, #40]	@ (10003d30 <_Z13DispSmallTextPKc+0x38>)
10003d06:	6829      	ldr	r1, [r5, #0]
10003d08:	6812      	ldr	r2, [r2, #0]
10003d0a:	4341      	muls	r1, r0
10003d0c:	4809      	ldr	r0, [pc, #36]	@ (10003d34 <_Z13DispSmallTextPKc+0x3c>)
10003d0e:	4b0a      	ldr	r3, [pc, #40]	@ (10003d38 <_Z13DispSmallTextPKc+0x40>)
10003d10:	8800      	ldrh	r0, [r0, #0]
10003d12:	881b      	ldrh	r3, [r3, #0]
10003d14:	00d2      	lsls	r2, r2, #3
10003d16:	9000      	str	r0, [sp, #0]
10003d18:	0020      	movs	r0, r4
10003d1a:	f7fe f9f3 	bl	10002104 <DrawTextBg>
10003d1e:	0020      	movs	r0, r4
10003d20:	f7ff fd7e 	bl	10003820 <StrLen>
10003d24:	682b      	ldr	r3, [r5, #0]
10003d26:	181b      	adds	r3, r3, r0
10003d28:	602b      	str	r3, [r5, #0]
10003d2a:	bd37      	pop	{r0, r1, r2, r4, r5, pc}
10003d2c:	200008e8 	.word	0x200008e8
10003d30:	200008ec 	.word	0x200008ec
10003d34:	200365d0 	.word	0x200365d0
10003d38:	200365d4 	.word	0x200365d4

10003d3c <_Z8DispCharc>:
10003d3c:	b507      	push	{r0, r1, r2, lr}
10003d3e:	2200      	movs	r2, #0
10003d40:	ab01      	add	r3, sp, #4
10003d42:	7018      	strb	r0, [r3, #0]
10003d44:	0018      	movs	r0, r3
10003d46:	705a      	strb	r2, [r3, #1]
10003d48:	f7ff ffb4 	bl	10003cb4 <_Z8DispTextPKc>
10003d4c:	bd07      	pop	{r0, r1, r2, pc}

10003d4e <_Z13DispSmallCharc>:
10003d4e:	b507      	push	{r0, r1, r2, lr}
10003d50:	2200      	movs	r2, #0
10003d52:	ab01      	add	r3, sp, #4
10003d54:	7018      	strb	r0, [r3, #0]
10003d56:	0018      	movs	r0, r3
10003d58:	705a      	strb	r2, [r3, #1]
10003d5a:	f7ff ffcd 	bl	10003cf8 <_Z13DispSmallTextPKc>
10003d5e:	bd07      	pop	{r0, r1, r2, pc}

10003d60 <_Z7DispSpcv>:
10003d60:	b510      	push	{r4, lr}
10003d62:	2020      	movs	r0, #32
10003d64:	f7ff ffea 	bl	10003d3c <_Z8DispCharc>
10003d68:	bd10      	pop	{r4, pc}

10003d6a <_Z11DispCharRepci>:
10003d6a:	b570      	push	{r4, r5, r6, lr}
10003d6c:	0005      	movs	r5, r0
10003d6e:	000c      	movs	r4, r1
10003d70:	2c00      	cmp	r4, #0
10003d72:	dc00      	bgt.n	10003d76 <_Z11DispCharRepci+0xc>
10003d74:	bd70      	pop	{r4, r5, r6, pc}
10003d76:	0028      	movs	r0, r5
10003d78:	f7ff ffe0 	bl	10003d3c <_Z8DispCharc>
10003d7c:	3c01      	subs	r4, #1
10003d7e:	e7f7      	b.n	10003d70 <_Z11DispCharRepci+0x6>

10003d80 <_Z10DispSpcRepi>:
10003d80:	b510      	push	{r4, lr}
10003d82:	0004      	movs	r4, r0
10003d84:	2c00      	cmp	r4, #0
10003d86:	dc00      	bgt.n	10003d8a <_Z10DispSpcRepi+0xa>
10003d88:	bd10      	pop	{r4, pc}
10003d8a:	f7ff ffe9 	bl	10003d60 <_Z7DispSpcv>
10003d8e:	3c01      	subs	r4, #1
10003d90:	e7f8      	b.n	10003d84 <_Z10DispSpcRepi+0x4>
	...

10003d94 <_Z12SaveBootDatav>:
10003d94:	4b1d      	ldr	r3, [pc, #116]	@ (10003e0c <_Z12SaveBootDatav+0x78>)
10003d96:	b510      	push	{r4, lr}
10003d98:	6819      	ldr	r1, [r3, #0]
10003d9a:	4b1d      	ldr	r3, [pc, #116]	@ (10003e10 <_Z12SaveBootDatav+0x7c>)
10003d9c:	681b      	ldr	r3, [r3, #0]
10003d9e:	4299      	cmp	r1, r3
10003da0:	d232      	bcs.n	10003e08 <_Z12SaveBootDatav+0x74>
10003da2:	220a      	movs	r2, #10
10003da4:	434a      	muls	r2, r1
10003da6:	4b1b      	ldr	r3, [pc, #108]	@ (10003e14 <_Z12SaveBootDatav+0x80>)
10003da8:	4c1b      	ldr	r4, [pc, #108]	@ (10003e18 <_Z12SaveBootDatav+0x84>)
10003daa:	1899      	adds	r1, r3, r2
10003dac:	5cd3      	ldrb	r3, [r2, r3]
10003dae:	2210      	movs	r2, #16
10003db0:	7848      	ldrb	r0, [r1, #1]
10003db2:	4013      	ands	r3, r2
10003db4:	3102      	adds	r1, #2
10003db6:	3a08      	subs	r2, #8
10003db8:	7020      	strb	r0, [r4, #0]
10003dba:	1ca0      	adds	r0, r4, #2
10003dbc:	7063      	strb	r3, [r4, #1]
10003dbe:	f7fc fb47 	bl	10000450 <__wrap___aeabi_memcpy>
10003dc2:	2300      	movs	r3, #0
10003dc4:	4815      	ldr	r0, [pc, #84]	@ (10003e1c <_Z12SaveBootDatav+0x88>)
10003dc6:	72a3      	strb	r3, [r4, #10]
10003dc8:	72e3      	strb	r3, [r4, #11]
10003dca:	f7ff fbe3 	bl	10003594 <SetDir>
10003dce:	4b14      	ldr	r3, [pc, #80]	@ (10003e20 <_Z12SaveBootDatav+0x8c>)
10003dd0:	2114      	movs	r1, #20
10003dd2:	781a      	ldrb	r2, [r3, #0]
10003dd4:	0020      	movs	r0, r4
10003dd6:	7322      	strb	r2, [r4, #12]
10003dd8:	785a      	ldrb	r2, [r3, #1]
10003dda:	7362      	strb	r2, [r4, #13]
10003ddc:	789a      	ldrb	r2, [r3, #2]
10003dde:	78db      	ldrb	r3, [r3, #3]
10003de0:	73a2      	strb	r2, [r4, #14]
10003de2:	73e3      	strb	r3, [r4, #15]
10003de4:	4b0f      	ldr	r3, [pc, #60]	@ (10003e24 <_Z12SaveBootDatav+0x90>)
10003de6:	781a      	ldrb	r2, [r3, #0]
10003de8:	7422      	strb	r2, [r4, #16]
10003dea:	785a      	ldrb	r2, [r3, #1]
10003dec:	7462      	strb	r2, [r4, #17]
10003dee:	789a      	ldrb	r2, [r3, #2]
10003df0:	78db      	ldrb	r3, [r3, #3]
10003df2:	74a2      	strb	r2, [r4, #18]
10003df4:	74e3      	strb	r3, [r4, #19]
10003df6:	f7fd fd2b 	bl	10001850 <Crc32ADMA>
10003dfa:	0a03      	lsrs	r3, r0, #8
10003dfc:	7520      	strb	r0, [r4, #20]
10003dfe:	7563      	strb	r3, [r4, #21]
10003e00:	0c03      	lsrs	r3, r0, #16
10003e02:	0e00      	lsrs	r0, r0, #24
10003e04:	75a3      	strb	r3, [r4, #22]
10003e06:	75e0      	strb	r0, [r4, #23]
10003e08:	bd10      	pop	{r4, pc}
10003e0a:	46c0      	nop			@ (mov r8, r8)
10003e0c:	200008fc 	.word	0x200008fc
10003e10:	2000095c 	.word	0x2000095c
10003e14:	2003660e 	.word	0x2003660e
10003e18:	20041000 	.word	0x20041000
10003e1c:	20038e4d 	.word	0x20038e4d
10003e20:	20000654 	.word	0x20000654
10003e24:	20000960 	.word	0x20000960

10003e28 <_Z12LoadBootDatav>:
10003e28:	b570      	push	{r4, r5, r6, lr}
10003e2a:	4c1e      	ldr	r4, [pc, #120]	@ (10003ea4 <_Z12LoadBootDatav+0x7c>)
10003e2c:	2114      	movs	r1, #20
10003e2e:	7d62      	ldrb	r2, [r4, #21]
10003e30:	7d23      	ldrb	r3, [r4, #20]
10003e32:	0212      	lsls	r2, r2, #8
10003e34:	431a      	orrs	r2, r3
10003e36:	7da3      	ldrb	r3, [r4, #22]
10003e38:	7de5      	ldrb	r5, [r4, #23]
10003e3a:	041b      	lsls	r3, r3, #16
10003e3c:	4313      	orrs	r3, r2
10003e3e:	062d      	lsls	r5, r5, #24
10003e40:	0020      	movs	r0, r4
10003e42:	431d      	orrs	r5, r3
10003e44:	f7fd fd04 	bl	10001850 <Crc32ADMA>
10003e48:	4285      	cmp	r5, r0
10003e4a:	d128      	bne.n	10003e9e <_Z12LoadBootDatav+0x76>
10003e4c:	4b16      	ldr	r3, [pc, #88]	@ (10003ea8 <_Z12LoadBootDatav+0x80>)
10003e4e:	7822      	ldrb	r2, [r4, #0]
10003e50:	1ca1      	adds	r1, r4, #2
10003e52:	601a      	str	r2, [r3, #0]
10003e54:	7862      	ldrb	r2, [r4, #1]
10003e56:	4b15      	ldr	r3, [pc, #84]	@ (10003eac <_Z12LoadBootDatav+0x84>)
10003e58:	4815      	ldr	r0, [pc, #84]	@ (10003eb0 <_Z12LoadBootDatav+0x88>)
10003e5a:	701a      	strb	r2, [r3, #0]
10003e5c:	2208      	movs	r2, #8
10003e5e:	f7fc faf7 	bl	10000450 <__wrap___aeabi_memcpy>
10003e62:	7b63      	ldrb	r3, [r4, #13]
10003e64:	7b22      	ldrb	r2, [r4, #12]
10003e66:	021b      	lsls	r3, r3, #8
10003e68:	4313      	orrs	r3, r2
10003e6a:	7ba2      	ldrb	r2, [r4, #14]
10003e6c:	4911      	ldr	r1, [pc, #68]	@ (10003eb4 <_Z12LoadBootDatav+0x8c>)
10003e6e:	0412      	lsls	r2, r2, #16
10003e70:	431a      	orrs	r2, r3
10003e72:	7be3      	ldrb	r3, [r4, #15]
10003e74:	4810      	ldr	r0, [pc, #64]	@ (10003eb8 <_Z12LoadBootDatav+0x90>)
10003e76:	061b      	lsls	r3, r3, #24
10003e78:	4313      	orrs	r3, r2
10003e7a:	600b      	str	r3, [r1, #0]
10003e7c:	7c63      	ldrb	r3, [r4, #17]
10003e7e:	7c22      	ldrb	r2, [r4, #16]
10003e80:	021b      	lsls	r3, r3, #8
10003e82:	4313      	orrs	r3, r2
10003e84:	7ca2      	ldrb	r2, [r4, #18]
10003e86:	490d      	ldr	r1, [pc, #52]	@ (10003ebc <_Z12LoadBootDatav+0x94>)
10003e88:	0412      	lsls	r2, r2, #16
10003e8a:	431a      	orrs	r2, r3
10003e8c:	7ce3      	ldrb	r3, [r4, #19]
10003e8e:	061b      	lsls	r3, r3, #24
10003e90:	4313      	orrs	r3, r2
10003e92:	600b      	str	r3, [r1, #0]
10003e94:	21f0      	movs	r1, #240	@ 0xf0
10003e96:	f7ff fbc9 	bl	1000362c <GetDir>
10003e9a:	4b09      	ldr	r3, [pc, #36]	@ (10003ec0 <_Z12LoadBootDatav+0x98>)
10003e9c:	6018      	str	r0, [r3, #0]
10003e9e:	2300      	movs	r3, #0
10003ea0:	7023      	strb	r3, [r4, #0]
10003ea2:	bd70      	pop	{r4, r5, r6, pc}
10003ea4:	20041000 	.word	0x20041000
10003ea8:	200364dc 	.word	0x200364dc
10003eac:	20038e4c 	.word	0x20038e4c
10003eb0:	20038e44 	.word	0x20038e44
10003eb4:	20000654 	.word	0x20000654
10003eb8:	20038e4d 	.word	0x20038e4d
10003ebc:	20000960 	.word	0x20000960
10003ec0:	20036508 	.word	0x20036508

10003ec4 <_Z13FrameFileListv>:
10003ec4:	b5f8      	push	{r3, r4, r5, r6, r7, lr}
10003ec6:	f7ff feeb 	bl	10003ca0 <_Z8DispHomev>
10003eca:	231f      	movs	r3, #31
10003ecc:	4e1b      	ldr	r6, [pc, #108]	@ (10003f3c <_Z13FrameFileListv+0x78>)
10003ece:	4c1c      	ldr	r4, [pc, #112]	@ (10003f40 <_Z13FrameFileListv+0x7c>)
10003ed0:	4d1c      	ldr	r5, [pc, #112]	@ (10003f44 <_Z13FrameFileListv+0x80>)
10003ed2:	209c      	movs	r0, #156	@ 0x9c
10003ed4:	8033      	strh	r3, [r6, #0]
10003ed6:	8025      	strh	r5, [r4, #0]
10003ed8:	f7ff ff30 	bl	10003d3c <_Z8DispCharc>
10003edc:	2112      	movs	r1, #18
10003ede:	2095      	movs	r0, #149	@ 0x95
10003ee0:	f7ff ff43 	bl	10003d6a <_Z11DispCharRepci>
10003ee4:	2099      	movs	r0, #153	@ 0x99
10003ee6:	f7ff ff29 	bl	10003d3c <_Z8DispCharc>
10003eea:	4a17      	ldr	r2, [pc, #92]	@ (10003f48 <_Z13FrameFileListv+0x84>)
10003eec:	4f17      	ldr	r7, [pc, #92]	@ (10003f4c <_Z13FrameFileListv+0x88>)
10003eee:	6813      	ldr	r3, [r2, #0]
10003ef0:	3301      	adds	r3, #1
10003ef2:	6013      	str	r3, [r2, #0]
10003ef4:	2300      	movs	r3, #0
10003ef6:	209a      	movs	r0, #154	@ 0x9a
10003ef8:	603b      	str	r3, [r7, #0]
10003efa:	f7ff ff1f 	bl	10003d3c <_Z8DispCharc>
10003efe:	231f      	movs	r3, #31
10003f00:	2012      	movs	r0, #18
10003f02:	8023      	strh	r3, [r4, #0]
10003f04:	8035      	strh	r5, [r6, #0]
10003f06:	f7ff ff3b 	bl	10003d80 <_Z10DispSpcRepi>
10003f0a:	231f      	movs	r3, #31
10003f0c:	209a      	movs	r0, #154	@ 0x9a
10003f0e:	8033      	strh	r3, [r6, #0]
10003f10:	8025      	strh	r5, [r4, #0]
10003f12:	f7ff ff13 	bl	10003d3c <_Z8DispCharc>
10003f16:	4a0c      	ldr	r2, [pc, #48]	@ (10003f48 <_Z13FrameFileListv+0x84>)
10003f18:	6813      	ldr	r3, [r2, #0]
10003f1a:	3301      	adds	r3, #1
10003f1c:	6013      	str	r3, [r2, #0]
10003f1e:	2b0e      	cmp	r3, #14
10003f20:	d1e8      	bne.n	10003ef4 <_Z13FrameFileListv+0x30>
10003f22:	2300      	movs	r3, #0
10003f24:	2096      	movs	r0, #150	@ 0x96
10003f26:	603b      	str	r3, [r7, #0]
10003f28:	f7ff ff08 	bl	10003d3c <_Z8DispCharc>
10003f2c:	2112      	movs	r1, #18
10003f2e:	2095      	movs	r0, #149	@ 0x95
10003f30:	f7ff ff1b 	bl	10003d6a <_Z11DispCharRepci>
10003f34:	2093      	movs	r0, #147	@ 0x93
10003f36:	f7ff ff01 	bl	10003d3c <_Z8DispCharc>
10003f3a:	bdf8      	pop	{r3, r4, r5, r6, r7, pc}
10003f3c:	200365d4 	.word	0x200365d4
10003f40:	200365d0 	.word	0x200365d0
10003f44:	000007ff 	.word	0x000007ff
10003f48:	200008ec 	.word	0x200008ec
10003f4c:	200008e8 	.word	0x200008e8

10003f50 <_Z12PathFileListv>:
10003f50:	b5f8      	push	{r3, r4, r5, r6, r7, lr}
10003f52:	2700      	movs	r7, #0
10003f54:	2201      	movs	r2, #1
10003f56:	4b1f      	ldr	r3, [pc, #124]	@ (10003fd4 <_Z12PathFileListv+0x84>)
10003f58:	4e1f      	ldr	r6, [pc, #124]	@ (10003fd8 <_Z12PathFileListv+0x88>)
10003f5a:	681c      	ldr	r4, [r3, #0]
10003f5c:	4b1f      	ldr	r3, [pc, #124]	@ (10003fdc <_Z12PathFileListv+0x8c>)
10003f5e:	4d20      	ldr	r5, [pc, #128]	@ (10003fe0 <_Z12PathFileListv+0x90>)
10003f60:	601f      	str	r7, [r3, #0]
10003f62:	4b20      	ldr	r3, [pc, #128]	@ (10003fe4 <_Z12PathFileListv+0x94>)
10003f64:	601a      	str	r2, [r3, #0]
10003f66:	2c10      	cmp	r4, #16
10003f68:	dc0f      	bgt.n	10003f8a <_Z12PathFileListv+0x3a>
10003f6a:	231f      	movs	r3, #31
10003f6c:	2110      	movs	r1, #16
10003f6e:	8033      	strh	r3, [r6, #0]
10003f70:	1b09      	subs	r1, r1, r4
10003f72:	4b1d      	ldr	r3, [pc, #116]	@ (10003fe8 <_Z12PathFileListv+0x98>)
10003f74:	4111      	asrs	r1, r2
10003f76:	2095      	movs	r0, #149	@ 0x95
10003f78:	802b      	strh	r3, [r5, #0]
10003f7a:	f7ff fef6 	bl	10003d6a <_Z11DispCharRepci>
10003f7e:	2301      	movs	r3, #1
10003f80:	425b      	negs	r3, r3
10003f82:	8037      	strh	r7, [r6, #0]
10003f84:	802b      	strh	r3, [r5, #0]
10003f86:	f7ff feeb 	bl	10003d60 <_Z7DispSpcv>
10003f8a:	2300      	movs	r3, #0
10003f8c:	8033      	strh	r3, [r6, #0]
10003f8e:	3b01      	subs	r3, #1
10003f90:	4f16      	ldr	r7, [pc, #88]	@ (10003fec <_Z12PathFileListv+0x9c>)
10003f92:	802b      	strh	r3, [r5, #0]
10003f94:	2c12      	cmp	r4, #18
10003f96:	dc05      	bgt.n	10003fa4 <_Z12PathFileListv+0x54>
10003f98:	0038      	movs	r0, r7
10003f9a:	f7ff fe8b 	bl	10003cb4 <_Z8DispTextPKc>
10003f9e:	2c12      	cmp	r4, #18
10003fa0:	d109      	bne.n	10003fb6 <_Z12PathFileListv+0x66>
10003fa2:	bdf8      	pop	{r3, r4, r5, r6, r7, pc}
10003fa4:	2103      	movs	r1, #3
10003fa6:	202e      	movs	r0, #46	@ 0x2e
10003fa8:	3c0f      	subs	r4, #15
10003faa:	f7ff fede 	bl	10003d6a <_Z11DispCharRepci>
10003fae:	1938      	adds	r0, r7, r4
10003fb0:	f7ff fe80 	bl	10003cb4 <_Z8DispTextPKc>
10003fb4:	e7f5      	b.n	10003fa2 <_Z12PathFileListv+0x52>
10003fb6:	f7ff fed3 	bl	10003d60 <_Z7DispSpcv>
10003fba:	2c11      	cmp	r4, #17
10003fbc:	d0f1      	beq.n	10003fa2 <_Z12PathFileListv+0x52>
10003fbe:	231f      	movs	r3, #31
10003fc0:	2111      	movs	r1, #17
10003fc2:	8033      	strh	r3, [r6, #0]
10003fc4:	1b09      	subs	r1, r1, r4
10003fc6:	4b08      	ldr	r3, [pc, #32]	@ (10003fe8 <_Z12PathFileListv+0x98>)
10003fc8:	2095      	movs	r0, #149	@ 0x95
10003fca:	1049      	asrs	r1, r1, #1
10003fcc:	802b      	strh	r3, [r5, #0]
10003fce:	f7ff fecc 	bl	10003d6a <_Z11DispCharRepci>
10003fd2:	e7e6      	b.n	10003fa2 <_Z12PathFileListv+0x52>
10003fd4:	20036508 	.word	0x20036508
10003fd8:	200365d4 	.word	0x200365d4
10003fdc:	200008ec 	.word	0x200008ec
10003fe0:	200365d0 	.word	0x200365d0
10003fe4:	200008e8 	.word	0x200008e8
10003fe8:	000007ff 	.word	0x000007ff
10003fec:	20038e4d 	.word	0x20038e4d

10003ff0 <_Z11InxFileListv>:
10003ff0:	b5f7      	push	{r0, r1, r2, r4, r5, r6, r7, lr}
10003ff2:	4d21      	ldr	r5, [pc, #132]	@ (10004078 <_Z11InxFileListv+0x88>)
10003ff4:	682b      	ldr	r3, [r5, #0]
10003ff6:	2b00      	cmp	r3, #0
10003ff8:	d03d      	beq.n	10004076 <_Z11InxFileListv+0x86>
10003ffa:	4b20      	ldr	r3, [pc, #128]	@ (1000407c <_Z11InxFileListv+0x8c>)
10003ffc:	4c20      	ldr	r4, [pc, #128]	@ (10004080 <_Z11InxFileListv+0x90>)
10003ffe:	6819      	ldr	r1, [r3, #0]
10004000:	2200      	movs	r2, #0
10004002:	3101      	adds	r1, #1
10004004:	0020      	movs	r0, r4
10004006:	f7fd fd08 	bl	10001a1a <DecNum>
1000400a:	232f      	movs	r3, #47	@ 0x2f
1000400c:	1c46      	adds	r6, r0, #1
1000400e:	6829      	ldr	r1, [r5, #0]
10004010:	5423      	strb	r3, [r4, r0]
10004012:	2200      	movs	r2, #0
10004014:	1930      	adds	r0, r6, r4
10004016:	f7fd fd00 	bl	10001a1a <DecNum>
1000401a:	220e      	movs	r2, #14
1000401c:	1833      	adds	r3, r6, r0
1000401e:	9301      	str	r3, [sp, #4]
10004020:	4b18      	ldr	r3, [pc, #96]	@ (10004084 <_Z11InxFileListv+0x94>)
10004022:	4e19      	ldr	r6, [pc, #100]	@ (10004088 <_Z11InxFileListv+0x98>)
10004024:	601a      	str	r2, [r3, #0]
10004026:	4b19      	ldr	r3, [pc, #100]	@ (1000408c <_Z11InxFileListv+0x9c>)
10004028:	3a0d      	subs	r2, #13
1000402a:	601a      	str	r2, [r3, #0]
1000402c:	4b18      	ldr	r3, [pc, #96]	@ (10004090 <_Z11InxFileListv+0xa0>)
1000402e:	271f      	movs	r7, #31
10004030:	9300      	str	r3, [sp, #0]
10004032:	801e      	strh	r6, [r3, #0]
10004034:	2310      	movs	r3, #16
10004036:	9a01      	ldr	r2, [sp, #4]
10004038:	4d16      	ldr	r5, [pc, #88]	@ (10004094 <_Z11InxFileListv+0xa4>)
1000403a:	1a9b      	subs	r3, r3, r2
1000403c:	0fd9      	lsrs	r1, r3, #31
1000403e:	18c9      	adds	r1, r1, r3
10004040:	1049      	asrs	r1, r1, #1
10004042:	2095      	movs	r0, #149	@ 0x95
10004044:	802f      	strh	r7, [r5, #0]
10004046:	f7ff fe90 	bl	10003d6a <_Z11DispCharRepci>
1000404a:	9b00      	ldr	r3, [sp, #0]
1000404c:	802e      	strh	r6, [r5, #0]
1000404e:	801f      	strh	r7, [r3, #0]
10004050:	f7ff fe86 	bl	10003d60 <_Z7DispSpcv>
10004054:	0020      	movs	r0, r4
10004056:	f7ff fe2d 	bl	10003cb4 <_Z8DispTextPKc>
1000405a:	f7ff fe81 	bl	10003d60 <_Z7DispSpcv>
1000405e:	9b00      	ldr	r3, [sp, #0]
10004060:	9a01      	ldr	r2, [sp, #4]
10004062:	801e      	strh	r6, [r3, #0]
10004064:	2311      	movs	r3, #17
10004066:	1a9b      	subs	r3, r3, r2
10004068:	0fd9      	lsrs	r1, r3, #31
1000406a:	18c9      	adds	r1, r1, r3
1000406c:	2095      	movs	r0, #149	@ 0x95
1000406e:	1049      	asrs	r1, r1, #1
10004070:	802f      	strh	r7, [r5, #0]
10004072:	f7ff fe7a 	bl	10003d6a <_Z11DispCharRepci>
10004076:	bdf7      	pop	{r0, r1, r2, r4, r5, r6, r7, pc}
10004078:	2000095c 	.word	0x2000095c
1000407c:	200008fc 	.word	0x200008fc
10004080:	20038f41 	.word	0x20038f41
10004084:	200008ec 	.word	0x200008ec
10004088:	000007ff 	.word	0x000007ff
1000408c:	200008e8 	.word	0x200008e8
10004090:	200365d0 	.word	0x200365d0
10004094:	200365d4 	.word	0x200365d4

10004098 <_Z12DispFileListv>:
10004098:	2301      	movs	r3, #1
1000409a:	b5f0      	push	{r4, r5, r6, r7, lr}
1000409c:	4f39      	ldr	r7, [pc, #228]	@ (10004184 <_Z12DispFileListv+0xec>)
1000409e:	4e3a      	ldr	r6, [pc, #232]	@ (10004188 <_Z12DispFileListv+0xf0>)
100040a0:	683c      	ldr	r4, [r7, #0]
100040a2:	b085      	sub	sp, #20
100040a4:	6033      	str	r3, [r6, #0]
100040a6:	3309      	adds	r3, #9
100040a8:	435c      	muls	r4, r3
100040aa:	4b38      	ldr	r3, [pc, #224]	@ (1000418c <_Z12DispFileListv+0xf4>)
100040ac:	18e4      	adds	r4, r4, r3
100040ae:	2300      	movs	r3, #0
100040b0:	9301      	str	r3, [sp, #4]
100040b2:	4b37      	ldr	r3, [pc, #220]	@ (10004190 <_Z12DispFileListv+0xf8>)
100040b4:	9303      	str	r3, [sp, #12]
100040b6:	2201      	movs	r2, #1
100040b8:	211f      	movs	r1, #31
100040ba:	9b03      	ldr	r3, [sp, #12]
100040bc:	4835      	ldr	r0, [pc, #212]	@ (10004194 <_Z12DispFileListv+0xfc>)
100040be:	601a      	str	r2, [r3, #0]
100040c0:	4b35      	ldr	r3, [pc, #212]	@ (10004198 <_Z12DispFileListv+0x100>)
100040c2:	4a36      	ldr	r2, [pc, #216]	@ (1000419c <_Z12DispFileListv+0x104>)
100040c4:	6800      	ldr	r0, [r0, #0]
100040c6:	8013      	strh	r3, [r2, #0]
100040c8:	4b35      	ldr	r3, [pc, #212]	@ (100041a0 <_Z12DispFileListv+0x108>)
100040ca:	8019      	strh	r1, [r3, #0]
100040cc:	469c      	mov	ip, r3
100040ce:	9901      	ldr	r1, [sp, #4]
100040d0:	683b      	ldr	r3, [r7, #0]
100040d2:	18cb      	adds	r3, r1, r3
100040d4:	4298      	cmp	r0, r3
100040d6:	dd51      	ble.n	1000417c <_Z12DispFileListv+0xe4>
100040d8:	7825      	ldrb	r5, [r4, #0]
100040da:	2010      	movs	r0, #16
100040dc:	0029      	movs	r1, r5
100040de:	4001      	ands	r1, r0
100040e0:	9102      	str	r1, [sp, #8]
100040e2:	4205      	tst	r5, r0
100040e4:	d001      	beq.n	100040ea <_Z12DispFileListv+0x52>
100040e6:	3811      	subs	r0, #17
100040e8:	8010      	strh	r0, [r2, #0]
100040ea:	482e      	ldr	r0, [pc, #184]	@ (100041a4 <_Z12DispFileListv+0x10c>)
100040ec:	6800      	ldr	r0, [r0, #0]
100040ee:	4298      	cmp	r0, r3
100040f0:	d104      	bne.n	100040fc <_Z12DispFileListv+0x64>
100040f2:	2300      	movs	r3, #0
100040f4:	8013      	strh	r3, [r2, #0]
100040f6:	4663      	mov	r3, ip
100040f8:	4a27      	ldr	r2, [pc, #156]	@ (10004198 <_Z12DispFileListv+0x100>)
100040fa:	801a      	strh	r2, [r3, #0]
100040fc:	9b02      	ldr	r3, [sp, #8]
100040fe:	2020      	movs	r0, #32
10004100:	2b00      	cmp	r3, #0
10004102:	d000      	beq.n	10004106 <_Z12DispFileListv+0x6e>
10004104:	303b      	adds	r0, #59	@ 0x3b
10004106:	f7ff fe19 	bl	10003d3c <_Z8DispCharc>
1000410a:	0025      	movs	r5, r4
1000410c:	7862      	ldrb	r2, [r4, #1]
1000410e:	1b2b      	subs	r3, r5, r4
10004110:	429a      	cmp	r2, r3
10004112:	dc2a      	bgt.n	1000416a <_Z12DispFileListv+0xd2>
10004114:	9b02      	ldr	r3, [sp, #8]
10004116:	2020      	movs	r0, #32
10004118:	2b00      	cmp	r3, #0
1000411a:	d000      	beq.n	1000411e <_Z12DispFileListv+0x86>
1000411c:	303d      	adds	r0, #61	@ 0x3d
1000411e:	f7ff fe0d 	bl	10003d3c <_Z8DispCharc>
10004122:	2009      	movs	r0, #9
10004124:	7863      	ldrb	r3, [r4, #1]
10004126:	1ac0      	subs	r0, r0, r3
10004128:	f7ff fe2a 	bl	10003d80 <_Z10DispSpcRepi>
1000412c:	7823      	ldrb	r3, [r4, #0]
1000412e:	065b      	lsls	r3, r3, #25
10004130:	d520      	bpl.n	10004174 <_Z12DispFileListv+0xdc>
10004132:	481d      	ldr	r0, [pc, #116]	@ (100041a8 <_Z12DispFileListv+0x110>)
10004134:	f7ff fdbe 	bl	10003cb4 <_Z8DispTextPKc>
10004138:	f7ff fe12 	bl	10003d60 <_Z7DispSpcv>
1000413c:	7823      	ldrb	r3, [r4, #0]
1000413e:	2003      	movs	r0, #3
10004140:	2b7f      	cmp	r3, #127	@ 0x7f
10004142:	d91c      	bls.n	1000417e <_Z12DispFileListv+0xe6>
10004144:	4819      	ldr	r0, [pc, #100]	@ (100041ac <_Z12DispFileListv+0x114>)
10004146:	f7ff fdb5 	bl	10003cb4 <_Z8DispTextPKc>
1000414a:	6833      	ldr	r3, [r6, #0]
1000414c:	340a      	adds	r4, #10
1000414e:	3301      	adds	r3, #1
10004150:	6033      	str	r3, [r6, #0]
10004152:	9b01      	ldr	r3, [sp, #4]
10004154:	3301      	adds	r3, #1
10004156:	9301      	str	r3, [sp, #4]
10004158:	2b0d      	cmp	r3, #13
1000415a:	d1ac      	bne.n	100040b6 <_Z12DispFileListv+0x1e>
1000415c:	f7ff ff48 	bl	10003ff0 <_Z11InxFileListv>
10004160:	2200      	movs	r2, #0
10004162:	4b13      	ldr	r3, [pc, #76]	@ (100041b0 <_Z12DispFileListv+0x118>)
10004164:	701a      	strb	r2, [r3, #0]
10004166:	b005      	add	sp, #20
10004168:	bdf0      	pop	{r4, r5, r6, r7, pc}
1000416a:	78a8      	ldrb	r0, [r5, #2]
1000416c:	f7ff fde6 	bl	10003d3c <_Z8DispCharc>
10004170:	3501      	adds	r5, #1
10004172:	e7cb      	b.n	1000410c <_Z12DispFileListv+0x74>
10004174:	2003      	movs	r0, #3
10004176:	f7ff fe03 	bl	10003d80 <_Z10DispSpcRepi>
1000417a:	e7dd      	b.n	10004138 <_Z12DispFileListv+0xa0>
1000417c:	2012      	movs	r0, #18
1000417e:	f7ff fdff 	bl	10003d80 <_Z10DispSpcRepi>
10004182:	e7e2      	b.n	1000414a <_Z12DispFileListv+0xb2>
10004184:	20000960 	.word	0x20000960
10004188:	200008ec 	.word	0x200008ec
1000418c:	2003660e 	.word	0x2003660e
10004190:	200008e8 	.word	0x200008e8
10004194:	2000095c 	.word	0x2000095c
10004198:	000007ff 	.word	0x000007ff
1000419c:	200365d4 	.word	0x200365d4
100041a0:	200365d0 	.word	0x200365d0
100041a4:	200008fc 	.word	0x200008fc
100041a8:	10006f15 	.word	0x10006f15
100041ac:	10006f1a 	.word	0x10006f1a
100041b0:	20038f3e 	.word	0x20038f3e

100041b4 <_Z12LoadFileListv>:
100041b4:	2300      	movs	r3, #0
100041b6:	b5f0      	push	{r4, r5, r6, r7, lr}
100041b8:	4aa2      	ldr	r2, [pc, #648]	@ (10004444 <_Z12LoadFileListv+0x290>)
100041ba:	4ca3      	ldr	r4, [pc, #652]	@ (10004448 <_Z12LoadFileListv+0x294>)
100041bc:	b085      	sub	sp, #20
100041be:	48a3      	ldr	r0, [pc, #652]	@ (1000444c <_Z12LoadFileListv+0x298>)
100041c0:	6023      	str	r3, [r4, #0]
100041c2:	6013      	str	r3, [r2, #0]
100041c4:	f7ff f9e6 	bl	10003594 <SetDir>
100041c8:	2800      	cmp	r0, #0
100041ca:	d100      	bne.n	100041ce <_Z12LoadFileListv+0x1a>
100041cc:	e112      	b.n	100043f4 <_Z12LoadFileListv+0x240>
100041ce:	4ba0      	ldr	r3, [pc, #640]	@ (10004450 <_Z12LoadFileListv+0x29c>)
100041d0:	48a0      	ldr	r0, [pc, #640]	@ (10004454 <_Z12LoadFileListv+0x2a0>)
100041d2:	0019      	movs	r1, r3
100041d4:	9301      	str	r3, [sp, #4]
100041d6:	f7ff fa03 	bl	100035e0 <FindOpen>
100041da:	2800      	cmp	r0, #0
100041dc:	d100      	bne.n	100041e0 <_Z12LoadFileListv+0x2c>
100041de:	e109      	b.n	100043f4 <_Z12LoadFileListv+0x240>
100041e0:	2780      	movs	r7, #128	@ 0x80
100041e2:	4d9d      	ldr	r5, [pc, #628]	@ (10004458 <_Z12LoadFileListv+0x2a4>)
100041e4:	00ff      	lsls	r7, r7, #3
100041e6:	4a9b      	ldr	r2, [pc, #620]	@ (10004454 <_Z12LoadFileListv+0x2a0>)
100041e8:	4e9c      	ldr	r6, [pc, #624]	@ (1000445c <_Z12LoadFileListv+0x2a8>)
100041ea:	9200      	str	r2, [sp, #0]
100041ec:	0031      	movs	r1, r6
100041ee:	2237      	movs	r2, #55	@ 0x37
100041f0:	4b9b      	ldr	r3, [pc, #620]	@ (10004460 <_Z12LoadFileListv+0x2ac>)
100041f2:	9800      	ldr	r0, [sp, #0]
100041f4:	f7ff fa8c 	bl	10003710 <FindNext>
100041f8:	2800      	cmp	r0, #0
100041fa:	d114      	bne.n	10004226 <_Z12LoadFileListv+0x72>
100041fc:	9901      	ldr	r1, [sp, #4]
100041fe:	9800      	ldr	r0, [sp, #0]
10004200:	f7ff f9ee 	bl	100035e0 <FindOpen>
10004204:	2800      	cmp	r0, #0
10004206:	d008      	beq.n	1000421a <_Z12LoadFileListv+0x66>
10004208:	4e94      	ldr	r6, [pc, #592]	@ (1000445c <_Z12LoadFileListv+0x2a8>)
1000420a:	2237      	movs	r2, #55	@ 0x37
1000420c:	0031      	movs	r1, r6
1000420e:	4b94      	ldr	r3, [pc, #592]	@ (10004460 <_Z12LoadFileListv+0x2ac>)
10004210:	9800      	ldr	r0, [sp, #0]
10004212:	f7ff fa7d 	bl	10003710 <FindNext>
10004216:	2800      	cmp	r0, #0
10004218:	d15a      	bne.n	100042d0 <_Z12LoadFileListv+0x11c>
1000421a:	6823      	ldr	r3, [r4, #0]
1000421c:	2100      	movs	r1, #0
1000421e:	3b01      	subs	r3, #1
10004220:	9303      	str	r3, [sp, #12]
10004222:	4b8d      	ldr	r3, [pc, #564]	@ (10004458 <_Z12LoadFileListv+0x2a4>)
10004224:	e0e3      	b.n	100043ee <_Z12LoadFileListv+0x23a>
10004226:	2010      	movs	r0, #16
10004228:	2310      	movs	r3, #16
1000422a:	7db1      	ldrb	r1, [r6, #22]
1000422c:	7d72      	ldrb	r2, [r6, #21]
1000422e:	4008      	ands	r0, r1
10004230:	4219      	tst	r1, r3
10004232:	d004      	beq.n	1000423e <_Z12LoadFileListv+0x8a>
10004234:	2a01      	cmp	r2, #1
10004236:	d102      	bne.n	1000423e <_Z12LoadFileListv+0x8a>
10004238:	7a33      	ldrb	r3, [r6, #8]
1000423a:	2b2e      	cmp	r3, #46	@ 0x2e
1000423c:	d014      	beq.n	10004268 <_Z12LoadFileListv+0xb4>
1000423e:	233f      	movs	r3, #63	@ 0x3f
10004240:	400b      	ands	r3, r1
10004242:	702b      	strb	r3, [r5, #0]
10004244:	2800      	cmp	r0, #0
10004246:	d013      	beq.n	10004270 <_Z12LoadFileListv+0xbc>
10004248:	2a02      	cmp	r2, #2
1000424a:	d111      	bne.n	10004270 <_Z12LoadFileListv+0xbc>
1000424c:	4b83      	ldr	r3, [pc, #524]	@ (1000445c <_Z12LoadFileListv+0x2a8>)
1000424e:	7a1e      	ldrb	r6, [r3, #8]
10004250:	2e2e      	cmp	r6, #46	@ 0x2e
10004252:	d10d      	bne.n	10004270 <_Z12LoadFileListv+0xbc>
10004254:	7a5b      	ldrb	r3, [r3, #9]
10004256:	2b2e      	cmp	r3, #46	@ 0x2e
10004258:	d10a      	bne.n	10004270 <_Z12LoadFileListv+0xbc>
1000425a:	706a      	strb	r2, [r5, #1]
1000425c:	70ab      	strb	r3, [r5, #2]
1000425e:	70eb      	strb	r3, [r5, #3]
10004260:	6823      	ldr	r3, [r4, #0]
10004262:	350a      	adds	r5, #10
10004264:	3301      	adds	r3, #1
10004266:	6023      	str	r3, [r4, #0]
10004268:	3f01      	subs	r7, #1
1000426a:	2f00      	cmp	r7, #0
1000426c:	d1bb      	bne.n	100041e6 <_Z12LoadFileListv+0x32>
1000426e:	e7c5      	b.n	100041fc <_Z12LoadFileListv+0x48>
10004270:	2602      	movs	r6, #2
10004272:	000b      	movs	r3, r1
10004274:	4033      	ands	r3, r6
10004276:	4231      	tst	r1, r6
10004278:	d1f6      	bne.n	10004268 <_Z12LoadFileListv+0xb4>
1000427a:	2800      	cmp	r0, #0
1000427c:	d00f      	beq.n	1000429e <_Z12LoadFileListv+0xea>
1000427e:	4879      	ldr	r0, [pc, #484]	@ (10004464 <_Z12LoadFileListv+0x2b0>)
10004280:	1cae      	adds	r6, r5, #2
10004282:	e004      	b.n	1000428e <_Z12LoadFileListv+0xda>
10004284:	5cc1      	ldrb	r1, [r0, r3]
10004286:	292e      	cmp	r1, #46	@ 0x2e
10004288:	d0ee      	beq.n	10004268 <_Z12LoadFileListv+0xb4>
1000428a:	54f1      	strb	r1, [r6, r3]
1000428c:	3301      	adds	r3, #1
1000428e:	429a      	cmp	r2, r3
10004290:	dd01      	ble.n	10004296 <_Z12LoadFileListv+0xe2>
10004292:	2b08      	cmp	r3, #8
10004294:	d1f6      	bne.n	10004284 <_Z12LoadFileListv+0xd0>
10004296:	429a      	cmp	r2, r3
10004298:	d1e6      	bne.n	10004268 <_Z12LoadFileListv+0xb4>
1000429a:	706a      	strb	r2, [r5, #1]
1000429c:	e7e0      	b.n	10004260 <_Z12LoadFileListv+0xac>
1000429e:	2a04      	cmp	r2, #4
100042a0:	dde2      	ble.n	10004268 <_Z12LoadFileListv+0xb4>
100042a2:	4b71      	ldr	r3, [pc, #452]	@ (10004468 <_Z12LoadFileListv+0x2b4>)
100042a4:	5c9b      	ldrb	r3, [r3, r2]
100042a6:	2b2e      	cmp	r3, #46	@ 0x2e
100042a8:	d1de      	bne.n	10004268 <_Z12LoadFileListv+0xb4>
100042aa:	4b70      	ldr	r3, [pc, #448]	@ (1000446c <_Z12LoadFileListv+0x2b8>)
100042ac:	5c9b      	ldrb	r3, [r3, r2]
100042ae:	2b55      	cmp	r3, #85	@ 0x55
100042b0:	d1da      	bne.n	10004268 <_Z12LoadFileListv+0xb4>
100042b2:	4b6f      	ldr	r3, [pc, #444]	@ (10004470 <_Z12LoadFileListv+0x2bc>)
100042b4:	5c9b      	ldrb	r3, [r3, r2]
100042b6:	2b46      	cmp	r3, #70	@ 0x46
100042b8:	d1d6      	bne.n	10004268 <_Z12LoadFileListv+0xb4>
100042ba:	4b6e      	ldr	r3, [pc, #440]	@ (10004474 <_Z12LoadFileListv+0x2c0>)
100042bc:	5c9b      	ldrb	r3, [r3, r2]
100042be:	2b32      	cmp	r3, #50	@ 0x32
100042c0:	d1d2      	bne.n	10004268 <_Z12LoadFileListv+0xb4>
100042c2:	3a04      	subs	r2, #4
100042c4:	4967      	ldr	r1, [pc, #412]	@ (10004464 <_Z12LoadFileListv+0x2b0>)
100042c6:	706a      	strb	r2, [r5, #1]
100042c8:	1ca8      	adds	r0, r5, #2
100042ca:	f7fc f8c1 	bl	10000450 <__wrap___aeabi_memcpy>
100042ce:	e7c7      	b.n	10004260 <_Z12LoadFileListv+0xac>
100042d0:	2510      	movs	r5, #16
100042d2:	2210      	movs	r2, #16
100042d4:	7db3      	ldrb	r3, [r6, #22]
100042d6:	401d      	ands	r5, r3
100042d8:	4213      	tst	r3, r2
100042da:	d195      	bne.n	10004208 <_Z12LoadFileListv+0x54>
100042dc:	7d73      	ldrb	r3, [r6, #21]
100042de:	2b04      	cmp	r3, #4
100042e0:	dd92      	ble.n	10004208 <_Z12LoadFileListv+0x54>
100042e2:	4a60      	ldr	r2, [pc, #384]	@ (10004464 <_Z12LoadFileListv+0x2b0>)
100042e4:	1f1f      	subs	r7, r3, #4
100042e6:	9201      	str	r2, [sp, #4]
100042e8:	5dd2      	ldrb	r2, [r2, r7]
100042ea:	2a2e      	cmp	r2, #46	@ 0x2e
100042ec:	d18c      	bne.n	10004208 <_Z12LoadFileListv+0x54>
100042ee:	4a5f      	ldr	r2, [pc, #380]	@ (1000446c <_Z12LoadFileListv+0x2b8>)
100042f0:	5cd2      	ldrb	r2, [r2, r3]
100042f2:	2a54      	cmp	r2, #84	@ 0x54
100042f4:	d11f      	bne.n	10004336 <_Z12LoadFileListv+0x182>
100042f6:	4a5e      	ldr	r2, [pc, #376]	@ (10004470 <_Z12LoadFileListv+0x2bc>)
100042f8:	5cd2      	ldrb	r2, [r2, r3]
100042fa:	2a58      	cmp	r2, #88	@ 0x58
100042fc:	d184      	bne.n	10004208 <_Z12LoadFileListv+0x54>
100042fe:	4a5d      	ldr	r2, [pc, #372]	@ (10004474 <_Z12LoadFileListv+0x2c0>)
10004300:	5cd3      	ldrb	r3, [r2, r3]
10004302:	2b54      	cmp	r3, #84	@ 0x54
10004304:	d180      	bne.n	10004208 <_Z12LoadFileListv+0x54>
10004306:	6823      	ldr	r3, [r4, #0]
10004308:	4e53      	ldr	r6, [pc, #332]	@ (10004458 <_Z12LoadFileListv+0x2a4>)
1000430a:	9302      	str	r3, [sp, #8]
1000430c:	9b02      	ldr	r3, [sp, #8]
1000430e:	429d      	cmp	r5, r3
10004310:	db00      	blt.n	10004314 <_Z12LoadFileListv+0x160>
10004312:	e779      	b.n	10004208 <_Z12LoadFileListv+0x54>
10004314:	7873      	ldrb	r3, [r6, #1]
10004316:	429f      	cmp	r7, r3
10004318:	d10a      	bne.n	10004330 <_Z12LoadFileListv+0x17c>
1000431a:	003a      	movs	r2, r7
1000431c:	9901      	ldr	r1, [sp, #4]
1000431e:	1cb0      	adds	r0, r6, #2
10004320:	f001 f8fa 	bl	10005518 <memcmp>
10004324:	2800      	cmp	r0, #0
10004326:	d103      	bne.n	10004330 <_Z12LoadFileListv+0x17c>
10004328:	2240      	movs	r2, #64	@ 0x40
1000432a:	7833      	ldrb	r3, [r6, #0]
1000432c:	4313      	orrs	r3, r2
1000432e:	7033      	strb	r3, [r6, #0]
10004330:	360a      	adds	r6, #10
10004332:	3501      	adds	r5, #1
10004334:	e7ea      	b.n	1000430c <_Z12LoadFileListv+0x158>
10004336:	2a42      	cmp	r2, #66	@ 0x42
10004338:	d000      	beq.n	1000433c <_Z12LoadFileListv+0x188>
1000433a:	e765      	b.n	10004208 <_Z12LoadFileListv+0x54>
1000433c:	4a4c      	ldr	r2, [pc, #304]	@ (10004470 <_Z12LoadFileListv+0x2bc>)
1000433e:	5cd2      	ldrb	r2, [r2, r3]
10004340:	2a4d      	cmp	r2, #77	@ 0x4d
10004342:	d000      	beq.n	10004346 <_Z12LoadFileListv+0x192>
10004344:	e760      	b.n	10004208 <_Z12LoadFileListv+0x54>
10004346:	4a4b      	ldr	r2, [pc, #300]	@ (10004474 <_Z12LoadFileListv+0x2c0>)
10004348:	5cd3      	ldrb	r3, [r2, r3]
1000434a:	2b50      	cmp	r3, #80	@ 0x50
1000434c:	d000      	beq.n	10004350 <_Z12LoadFileListv+0x19c>
1000434e:	e75b      	b.n	10004208 <_Z12LoadFileListv+0x54>
10004350:	6823      	ldr	r3, [r4, #0]
10004352:	4e41      	ldr	r6, [pc, #260]	@ (10004458 <_Z12LoadFileListv+0x2a4>)
10004354:	9302      	str	r3, [sp, #8]
10004356:	9b02      	ldr	r3, [sp, #8]
10004358:	429d      	cmp	r5, r3
1000435a:	db00      	blt.n	1000435e <_Z12LoadFileListv+0x1aa>
1000435c:	e754      	b.n	10004208 <_Z12LoadFileListv+0x54>
1000435e:	7873      	ldrb	r3, [r6, #1]
10004360:	429f      	cmp	r7, r3
10004362:	d10b      	bne.n	1000437c <_Z12LoadFileListv+0x1c8>
10004364:	003a      	movs	r2, r7
10004366:	9901      	ldr	r1, [sp, #4]
10004368:	1cb0      	adds	r0, r6, #2
1000436a:	f001 f8d5 	bl	10005518 <memcmp>
1000436e:	2800      	cmp	r0, #0
10004370:	d104      	bne.n	1000437c <_Z12LoadFileListv+0x1c8>
10004372:	2280      	movs	r2, #128	@ 0x80
10004374:	7833      	ldrb	r3, [r6, #0]
10004376:	4252      	negs	r2, r2
10004378:	4313      	orrs	r3, r2
1000437a:	7033      	strb	r3, [r6, #0]
1000437c:	360a      	adds	r6, #10
1000437e:	3501      	adds	r5, #1
10004380:	e7e9      	b.n	10004356 <_Z12LoadFileListv+0x1a2>
10004382:	001a      	movs	r2, r3
10004384:	7ad8      	ldrb	r0, [r3, #11]
10004386:	2601      	movs	r6, #1
10004388:	320a      	adds	r2, #10
1000438a:	2802      	cmp	r0, #2
1000438c:	d107      	bne.n	1000439e <_Z12LoadFileListv+0x1ea>
1000438e:	7894      	ldrb	r4, [r2, #2]
10004390:	2c2e      	cmp	r4, #46	@ 0x2e
10004392:	d104      	bne.n	1000439e <_Z12LoadFileListv+0x1ea>
10004394:	78d4      	ldrb	r4, [r2, #3]
10004396:	3c2e      	subs	r4, #46	@ 0x2e
10004398:	1e65      	subs	r5, r4, #1
1000439a:	41ac      	sbcs	r4, r5
1000439c:	b2e6      	uxtb	r6, r4
1000439e:	7812      	ldrb	r2, [r2, #0]
100043a0:	781f      	ldrb	r7, [r3, #0]
100043a2:	4694      	mov	ip, r2
100043a4:	2210      	movs	r2, #16
100043a6:	4217      	tst	r7, r2
100043a8:	d106      	bne.n	100043b8 <_Z12LoadFileListv+0x204>
100043aa:	4662      	mov	r2, ip
100043ac:	2401      	movs	r4, #1
100043ae:	06d2      	lsls	r2, r2, #27
100043b0:	0fd2      	lsrs	r2, r2, #31
100043b2:	4062      	eors	r2, r4
100043b4:	4016      	ands	r6, r2
100043b6:	b2f6      	uxtb	r6, r6
100043b8:	4662      	mov	r2, ip
100043ba:	2410      	movs	r4, #16
100043bc:	407a      	eors	r2, r7
100043be:	4222      	tst	r2, r4
100043c0:	d111      	bne.n	100043e6 <_Z12LoadFileListv+0x232>
100043c2:	785a      	ldrb	r2, [r3, #1]
100043c4:	1c04      	adds	r4, r0, #0
100043c6:	9201      	str	r2, [sp, #4]
100043c8:	4290      	cmp	r0, r2
100043ca:	d901      	bls.n	100043d0 <_Z12LoadFileListv+0x21c>
100043cc:	466a      	mov	r2, sp
100043ce:	7914      	ldrb	r4, [r2, #4]
100043d0:	b2e2      	uxtb	r2, r4
100043d2:	9202      	str	r2, [sp, #8]
100043d4:	1c9a      	adds	r2, r3, #2
100043d6:	9200      	str	r2, [sp, #0]
100043d8:	2200      	movs	r2, #0
100043da:	9c02      	ldr	r4, [sp, #8]
100043dc:	4294      	cmp	r4, r2
100043de:	dc0b      	bgt.n	100043f8 <_Z12LoadFileListv+0x244>
100043e0:	9a01      	ldr	r2, [sp, #4]
100043e2:	4290      	cmp	r0, r2
100043e4:	d319      	bcc.n	1000441a <_Z12LoadFileListv+0x266>
100043e6:	2e00      	cmp	r6, #0
100043e8:	d017      	beq.n	1000441a <_Z12LoadFileListv+0x266>
100043ea:	3101      	adds	r1, #1
100043ec:	330a      	adds	r3, #10
100043ee:	9a03      	ldr	r2, [sp, #12]
100043f0:	4291      	cmp	r1, r2
100043f2:	dbc6      	blt.n	10004382 <_Z12LoadFileListv+0x1ce>
100043f4:	b005      	add	sp, #20
100043f6:	bdf0      	pop	{r4, r5, r6, r7, pc}
100043f8:	9c00      	ldr	r4, [sp, #0]
100043fa:	7824      	ldrb	r4, [r4, #0]
100043fc:	0025      	movs	r5, r4
100043fe:	9c00      	ldr	r4, [sp, #0]
10004400:	3401      	adds	r4, #1
10004402:	9400      	str	r4, [sp, #0]
10004404:	7a64      	ldrb	r4, [r4, #9]
10004406:	42ac      	cmp	r4, r5
10004408:	d101      	bne.n	1000440e <_Z12LoadFileListv+0x25a>
1000440a:	3201      	adds	r2, #1
1000440c:	e7e5      	b.n	100043da <_Z12LoadFileListv+0x226>
1000440e:	189c      	adds	r4, r3, r2
10004410:	0022      	movs	r2, r4
10004412:	78a4      	ldrb	r4, [r4, #2]
10004414:	7b12      	ldrb	r2, [r2, #12]
10004416:	4294      	cmp	r4, r2
10004418:	d9e5      	bls.n	100043e6 <_Z12LoadFileListv+0x232>
1000441a:	4662      	mov	r2, ip
1000441c:	001c      	movs	r4, r3
1000441e:	701a      	strb	r2, [r3, #0]
10004420:	785a      	ldrb	r2, [r3, #1]
10004422:	340a      	adds	r4, #10
10004424:	729f      	strb	r7, [r3, #10]
10004426:	7058      	strb	r0, [r3, #1]
10004428:	7062      	strb	r2, [r4, #1]
1000442a:	1c9a      	adds	r2, r3, #2
1000442c:	7810      	ldrb	r0, [r2, #0]
1000442e:	7a95      	ldrb	r5, [r2, #10]
10004430:	7290      	strb	r0, [r2, #10]
10004432:	7015      	strb	r5, [r2, #0]
10004434:	3201      	adds	r2, #1
10004436:	4294      	cmp	r4, r2
10004438:	d1f8      	bne.n	1000442c <_Z12LoadFileListv+0x278>
1000443a:	2900      	cmp	r1, #0
1000443c:	ddd5      	ble.n	100043ea <_Z12LoadFileListv+0x236>
1000443e:	3902      	subs	r1, #2
10004440:	3b14      	subs	r3, #20
10004442:	e7d2      	b.n	100043ea <_Z12LoadFileListv+0x236>
10004444:	200008fc 	.word	0x200008fc
10004448:	2000095c 	.word	0x2000095c
1000444c:	20038e4d 	.word	0x20038e4d
10004450:	10006f2c 	.word	0x10006f2c
10004454:	20000900 	.word	0x20000900
10004458:	2003660e 	.word	0x2003660e
1000445c:	2000092c 	.word	0x2000092c
10004460:	10006f10 	.word	0x10006f10
10004464:	20000934 	.word	0x20000934
10004468:	20000930 	.word	0x20000930
1000446c:	20000931 	.word	0x20000931
10004470:	20000932 	.word	0x20000932
10004474:	20000933 	.word	0x20000933

10004478 <_Z6Reloadv>:
10004478:	2300      	movs	r3, #0
1000447a:	4a09      	ldr	r2, [pc, #36]	@ (100044a0 <_Z6Reloadv+0x28>)
1000447c:	b510      	push	{r4, lr}
1000447e:	6013      	str	r3, [r2, #0]
10004480:	4a08      	ldr	r2, [pc, #32]	@ (100044a4 <_Z6Reloadv+0x2c>)
10004482:	6013      	str	r3, [r2, #0]
10004484:	4a08      	ldr	r2, [pc, #32]	@ (100044a8 <_Z6Reloadv+0x30>)
10004486:	6013      	str	r3, [r2, #0]
10004488:	2204      	movs	r2, #4
1000448a:	4b08      	ldr	r3, [pc, #32]	@ (100044ac <_Z6Reloadv+0x34>)
1000448c:	701a      	strb	r2, [r3, #0]
1000448e:	f7ff fd19 	bl	10003ec4 <_Z13FrameFileListv>
10004492:	f7ff fd5d 	bl	10003f50 <_Z12PathFileListv>
10004496:	2201      	movs	r2, #1
10004498:	4b05      	ldr	r3, [pc, #20]	@ (100044b0 <_Z6Reloadv+0x38>)
1000449a:	701a      	strb	r2, [r3, #0]
1000449c:	bd10      	pop	{r4, pc}
1000449e:	46c0      	nop			@ (mov r8, r8)
100044a0:	2000095c 	.word	0x2000095c
100044a4:	200008fc 	.word	0x200008fc
100044a8:	20000960 	.word	0x20000960
100044ac:	20038f3e 	.word	0x20038f3e
100044b0:	20038f3f 	.word	0x20038f3f

100044b4 <_Z9ResetRootv>:
100044b4:	222f      	movs	r2, #47	@ 0x2f
100044b6:	4b05      	ldr	r3, [pc, #20]	@ (100044cc <_Z9ResetRootv+0x18>)
100044b8:	b510      	push	{r4, lr}
100044ba:	701a      	strb	r2, [r3, #0]
100044bc:	2200      	movs	r2, #0
100044be:	705a      	strb	r2, [r3, #1]
100044c0:	4b03      	ldr	r3, [pc, #12]	@ (100044d0 <_Z9ResetRootv+0x1c>)
100044c2:	3201      	adds	r2, #1
100044c4:	601a      	str	r2, [r3, #0]
100044c6:	f7ff ffd7 	bl	10004478 <_Z6Reloadv>
100044ca:	bd10      	pop	{r4, pc}
100044cc:	20038e4d 	.word	0x20038e4d
100044d0:	20036508 	.word	0x20036508

100044d4 <_Z11SetLastNamev>:
100044d4:	b5f0      	push	{r4, r5, r6, r7, lr}
100044d6:	4e1e      	ldr	r6, [pc, #120]	@ (10004550 <_Z11SetLastNamev+0x7c>)
100044d8:	b085      	sub	sp, #20
100044da:	6833      	ldr	r3, [r6, #0]
100044dc:	9301      	str	r3, [sp, #4]
100044de:	2b00      	cmp	r3, #0
100044e0:	d01e      	beq.n	10004520 <_Z11SetLastNamev+0x4c>
100044e2:	250a      	movs	r5, #10
100044e4:	4b1b      	ldr	r3, [pc, #108]	@ (10004554 <_Z11SetLastNamev+0x80>)
100044e6:	4a1c      	ldr	r2, [pc, #112]	@ (10004558 <_Z11SetLastNamev+0x84>)
100044e8:	681b      	ldr	r3, [r3, #0]
100044ea:	4f1c      	ldr	r7, [pc, #112]	@ (1000455c <_Z11SetLastNamev+0x88>)
100044ec:	435d      	muls	r5, r3
100044ee:	1e5c      	subs	r4, r3, #1
100044f0:	4b1b      	ldr	r3, [pc, #108]	@ (10004560 <_Z11SetLastNamev+0x8c>)
100044f2:	7812      	ldrb	r2, [r2, #0]
100044f4:	18ed      	adds	r5, r5, r3
100044f6:	4b1b      	ldr	r3, [pc, #108]	@ (10004564 <_Z11SetLastNamev+0x90>)
100044f8:	603c      	str	r4, [r7, #0]
100044fa:	9202      	str	r2, [sp, #8]
100044fc:	9303      	str	r3, [sp, #12]
100044fe:	2c00      	cmp	r4, #0
10004500:	dc10      	bgt.n	10004524 <_Z11SetLastNamev+0x50>
10004502:	4b19      	ldr	r3, [pc, #100]	@ (10004568 <_Z11SetLastNamev+0x94>)
10004504:	681a      	ldr	r2, [r3, #0]
10004506:	42a2      	cmp	r2, r4
10004508:	dd01      	ble.n	1000450e <_Z11SetLastNamev+0x3a>
1000450a:	0022      	movs	r2, r4
1000450c:	601c      	str	r4, [r3, #0]
1000450e:	3c0c      	subs	r4, #12
10004510:	43e1      	mvns	r1, r4
10004512:	17c9      	asrs	r1, r1, #31
10004514:	400c      	ands	r4, r1
10004516:	4294      	cmp	r4, r2
10004518:	dd00      	ble.n	1000451c <_Z11SetLastNamev+0x48>
1000451a:	601c      	str	r4, [r3, #0]
1000451c:	2300      	movs	r3, #0
1000451e:	6033      	str	r3, [r6, #0]
10004520:	b005      	add	sp, #20
10004522:	bdf0      	pop	{r4, r5, r6, r7, pc}
10004524:	786b      	ldrb	r3, [r5, #1]
10004526:	9a01      	ldr	r2, [sp, #4]
10004528:	429a      	cmp	r2, r3
1000452a:	d10c      	bne.n	10004546 <_Z11SetLastNamev+0x72>
1000452c:	2210      	movs	r2, #16
1000452e:	782b      	ldrb	r3, [r5, #0]
10004530:	4013      	ands	r3, r2
10004532:	9a02      	ldr	r2, [sp, #8]
10004534:	429a      	cmp	r2, r3
10004536:	d106      	bne.n	10004546 <_Z11SetLastNamev+0x72>
10004538:	9a01      	ldr	r2, [sp, #4]
1000453a:	9803      	ldr	r0, [sp, #12]
1000453c:	1ca9      	adds	r1, r5, #2
1000453e:	f000 ffeb 	bl	10005518 <memcmp>
10004542:	2800      	cmp	r0, #0
10004544:	d0dd      	beq.n	10004502 <_Z11SetLastNamev+0x2e>
10004546:	3c01      	subs	r4, #1
10004548:	603c      	str	r4, [r7, #0]
1000454a:	3d0a      	subs	r5, #10
1000454c:	e7d7      	b.n	100044fe <_Z11SetLastNamev+0x2a>
1000454e:	46c0      	nop			@ (mov r8, r8)
10004550:	200364dc 	.word	0x200364dc
10004554:	2000095c 	.word	0x2000095c
10004558:	20038e4c 	.word	0x20038e4c
1000455c:	200008fc 	.word	0x200008fc
10004560:	20036604 	.word	0x20036604
10004564:	20038e44 	.word	0x20038e44
10004568:	20000960 	.word	0x20000960

1000456c <_Z8DispInfoPKc>:
1000456c:	b510      	push	{r4, lr}
1000456e:	0004      	movs	r4, r0
10004570:	f7ff f956 	bl	10003820 <StrLen>
10004574:	22fc      	movs	r2, #252	@ 0xfc
10004576:	4b0a      	ldr	r3, [pc, #40]	@ (100045a0 <_Z8DispInfoPKc+0x34>)
10004578:	00d2      	lsls	r2, r2, #3
1000457a:	801a      	strh	r2, [r3, #0]
1000457c:	221f      	movs	r2, #31
1000457e:	4b09      	ldr	r3, [pc, #36]	@ (100045a4 <_Z8DispInfoPKc+0x38>)
10004580:	801a      	strh	r2, [r3, #0]
10004582:	4b09      	ldr	r3, [pc, #36]	@ (100045a8 <_Z8DispInfoPKc+0x3c>)
10004584:	3a1d      	subs	r2, #29
10004586:	601a      	str	r2, [r3, #0]
10004588:	2314      	movs	r3, #20
1000458a:	1a18      	subs	r0, r3, r0
1000458c:	0fc3      	lsrs	r3, r0, #31
1000458e:	4a07      	ldr	r2, [pc, #28]	@ (100045ac <_Z8DispInfoPKc+0x40>)
10004590:	181b      	adds	r3, r3, r0
10004592:	105b      	asrs	r3, r3, #1
10004594:	0020      	movs	r0, r4
10004596:	6013      	str	r3, [r2, #0]
10004598:	f7ff fb8c 	bl	10003cb4 <_Z8DispTextPKc>
1000459c:	bd10      	pop	{r4, pc}
1000459e:	46c0      	nop			@ (mov r8, r8)
100045a0:	200365d4 	.word	0x200365d4
100045a4:	200365d0 	.word	0x200365d0
100045a8:	200008ec 	.word	0x200008ec
100045ac:	200008e8 	.word	0x200008e8

100045b0 <_Z8PrevCharv>:
100045b0:	b5f8      	push	{r3, r4, r5, r6, r7, lr}
100045b2:	4c13      	ldr	r4, [pc, #76]	@ (10004600 <_Z8PrevCharv+0x50>)
100045b4:	4d13      	ldr	r5, [pc, #76]	@ (10004604 <_Z8PrevCharv+0x54>)
100045b6:	6822      	ldr	r2, [r4, #0]
100045b8:	682b      	ldr	r3, [r5, #0]
100045ba:	429a      	cmp	r2, r3
100045bc:	da05      	bge.n	100045ca <_Z8PrevCharv+0x1a>
100045be:	6823      	ldr	r3, [r4, #0]
100045c0:	1c5a      	adds	r2, r3, #1
100045c2:	6022      	str	r2, [r4, #0]
100045c4:	4a10      	ldr	r2, [pc, #64]	@ (10004608 <_Z8PrevCharv+0x58>)
100045c6:	5cd0      	ldrb	r0, [r2, r3]
100045c8:	bdf8      	pop	{r3, r4, r5, r6, r7, pc}
100045ca:	4e10      	ldr	r6, [pc, #64]	@ (1000460c <_Z8PrevCharv+0x5c>)
100045cc:	0030      	movs	r0, r6
100045ce:	f7fd ffa4 	bl	1000251a <FileIsOpen>
100045d2:	2800      	cmp	r0, #0
100045d4:	d101      	bne.n	100045da <_Z8PrevCharv+0x2a>
100045d6:	2000      	movs	r0, #0
100045d8:	e7f6      	b.n	100045c8 <_Z8PrevCharv+0x18>
100045da:	2780      	movs	r7, #128	@ 0x80
100045dc:	2300      	movs	r3, #0
100045de:	00ff      	lsls	r7, r7, #3
100045e0:	003a      	movs	r2, r7
100045e2:	0030      	movs	r0, r6
100045e4:	4908      	ldr	r1, [pc, #32]	@ (10004608 <_Z8PrevCharv+0x58>)
100045e6:	6023      	str	r3, [r4, #0]
100045e8:	f7fe fd74 	bl	100030d4 <FileRead>
100045ec:	6028      	str	r0, [r5, #0]
100045ee:	42b8      	cmp	r0, r7
100045f0:	dae5      	bge.n	100045be <_Z8PrevCharv+0xe>
100045f2:	0030      	movs	r0, r6
100045f4:	f7fe fe6a 	bl	100032cc <FileClose>
100045f8:	682b      	ldr	r3, [r5, #0]
100045fa:	2b00      	cmp	r3, #0
100045fc:	d0eb      	beq.n	100045d6 <_Z8PrevCharv+0x26>
100045fe:	e7de      	b.n	100045be <_Z8PrevCharv+0xe>
10004600:	200365b0 	.word	0x200365b0
10004604:	200365b4 	.word	0x200365b4
10004608:	20038f41 	.word	0x20038f41
1000460c:	20036510 	.word	0x20036510

10004610 <_Z10PrevCharCRv>:
10004610:	b510      	push	{r4, lr}
10004612:	f7ff ffcd 	bl	100045b0 <_Z8PrevCharv>
10004616:	280d      	cmp	r0, #13
10004618:	d0fb      	beq.n	10004612 <_Z10PrevCharCRv+0x2>
1000461a:	bd10      	pop	{r4, pc}

1000461c <_Z10PreviewClrv>:
1000461c:	b507      	push	{r0, r1, r2, lr}
1000461e:	2100      	movs	r1, #0
10004620:	22a0      	movs	r2, #160	@ 0xa0
10004622:	23f0      	movs	r3, #240	@ 0xf0
10004624:	0010      	movs	r0, r2
10004626:	9100      	str	r1, [sp, #0]
10004628:	f7fd fa54 	bl	10001ad4 <DrawRect>
1000462c:	bd07      	pop	{r0, r1, r2, pc}
	...

10004630 <_Z7Previewv>:
10004630:	b5f0      	push	{r4, r5, r6, r7, lr}
10004632:	4eac      	ldr	r6, [pc, #688]	@ (100048e4 <_Z7Previewv+0x2b4>)
10004634:	b085      	sub	sp, #20
10004636:	7830      	ldrb	r0, [r6, #0]
10004638:	2803      	cmp	r0, #3
1000463a:	d83d      	bhi.n	100046b8 <_Z7Previewv+0x88>
1000463c:	f001 f804 	bl	10005648 <____gnu_thumb1_case_uhi_veneer>
10004640:	003e0004 	.word	0x003e0004
10004644:	018600be 	.word	0x018600be
10004648:	4da7      	ldr	r5, [pc, #668]	@ (100048e8 <_Z7Previewv+0x2b8>)
1000464a:	0028      	movs	r0, r5
1000464c:	f7fe fe3e 	bl	100032cc <FileClose>
10004650:	f7ff ffe4 	bl	1000461c <_Z10PreviewClrv>
10004654:	4ba5      	ldr	r3, [pc, #660]	@ (100048ec <_Z7Previewv+0x2bc>)
10004656:	681a      	ldr	r2, [r3, #0]
10004658:	4ba5      	ldr	r3, [pc, #660]	@ (100048f0 <_Z7Previewv+0x2c0>)
1000465a:	681b      	ldr	r3, [r3, #0]
1000465c:	429a      	cmp	r2, r3
1000465e:	d301      	bcc.n	10004664 <_Z7Previewv+0x34>
10004660:	2304      	movs	r3, #4
10004662:	e028      	b.n	100046b6 <_Z7Previewv+0x86>
10004664:	230a      	movs	r3, #10
10004666:	4353      	muls	r3, r2
10004668:	4aa2      	ldr	r2, [pc, #648]	@ (100048f4 <_Z7Previewv+0x2c4>)
1000466a:	49a3      	ldr	r1, [pc, #652]	@ (100048f8 <_Z7Previewv+0x2c8>)
1000466c:	1898      	adds	r0, r3, r2
1000466e:	6008      	str	r0, [r1, #0]
10004670:	5c99      	ldrb	r1, [r3, r2]
10004672:	0649      	lsls	r1, r1, #25
10004674:	d401      	bmi.n	1000467a <_Z7Previewv+0x4a>
10004676:	2302      	movs	r3, #2
10004678:	e01d      	b.n	100046b6 <_Z7Previewv+0x86>
1000467a:	7844      	ldrb	r4, [r0, #1]
1000467c:	489f      	ldr	r0, [pc, #636]	@ (100048fc <_Z7Previewv+0x2cc>)
1000467e:	3302      	adds	r3, #2
10004680:	0007      	movs	r7, r0
10004682:	1899      	adds	r1, r3, r2
10004684:	0022      	movs	r2, r4
10004686:	f7fb fee3 	bl	10000450 <__wrap___aeabi_memcpy>
1000468a:	499d      	ldr	r1, [pc, #628]	@ (10004900 <_Z7Previewv+0x2d0>)
1000468c:	2205      	movs	r2, #5
1000468e:	19e0      	adds	r0, r4, r7
10004690:	f7fb fede 	bl	10000450 <__wrap___aeabi_memcpy>
10004694:	489b      	ldr	r0, [pc, #620]	@ (10004904 <_Z7Previewv+0x2d4>)
10004696:	f7fe ff7d 	bl	10003594 <SetDir>
1000469a:	0039      	movs	r1, r7
1000469c:	0028      	movs	r0, r5
1000469e:	f7fe ff47 	bl	10003530 <FileOpen>
100046a2:	2800      	cmp	r0, #0
100046a4:	d0e7      	beq.n	10004676 <_Z7Previewv+0x46>
100046a6:	2300      	movs	r3, #0
100046a8:	4a97      	ldr	r2, [pc, #604]	@ (10004908 <_Z7Previewv+0x2d8>)
100046aa:	6013      	str	r3, [r2, #0]
100046ac:	4a97      	ldr	r2, [pc, #604]	@ (1000490c <_Z7Previewv+0x2dc>)
100046ae:	6013      	str	r3, [r2, #0]
100046b0:	4a97      	ldr	r2, [pc, #604]	@ (10004910 <_Z7Previewv+0x2e0>)
100046b2:	6013      	str	r3, [r2, #0]
100046b4:	3301      	adds	r3, #1
100046b6:	7033      	strb	r3, [r6, #0]
100046b8:	b005      	add	sp, #20
100046ba:	bdf0      	pop	{r4, r5, r6, r7, pc}
100046bc:	2500      	movs	r5, #0
100046be:	4b95      	ldr	r3, [pc, #596]	@ (10004914 <_Z7Previewv+0x2e4>)
100046c0:	002c      	movs	r4, r5
100046c2:	9301      	str	r3, [sp, #4]
100046c4:	9a01      	ldr	r2, [sp, #4]
100046c6:	4b94      	ldr	r3, [pc, #592]	@ (10004918 <_Z7Previewv+0x2e8>)
100046c8:	4f91      	ldr	r7, [pc, #580]	@ (10004910 <_Z7Previewv+0x2e0>)
100046ca:	8013      	strh	r3, [r2, #0]
100046cc:	221b      	movs	r2, #27
100046ce:	4b93      	ldr	r3, [pc, #588]	@ (1000491c <_Z7Previewv+0x2ec>)
100046d0:	801d      	strh	r5, [r3, #0]
100046d2:	9302      	str	r3, [sp, #8]
100046d4:	4b92      	ldr	r3, [pc, #584]	@ (10004920 <_Z7Previewv+0x2f0>)
100046d6:	601a      	str	r2, [r3, #0]
100046d8:	4b92      	ldr	r3, [pc, #584]	@ (10004924 <_Z7Previewv+0x2f4>)
100046da:	683a      	ldr	r2, [r7, #0]
100046dc:	601a      	str	r2, [r3, #0]
100046de:	f7ff ff97 	bl	10004610 <_Z10PrevCharCRv>
100046e2:	280a      	cmp	r0, #10
100046e4:	d02f      	beq.n	10004746 <_Z7Previewv+0x116>
100046e6:	2800      	cmp	r0, #0
100046e8:	d02d      	beq.n	10004746 <_Z7Previewv+0x116>
100046ea:	2809      	cmp	r0, #9
100046ec:	d10c      	bne.n	10004708 <_Z7Previewv+0xd8>
100046ee:	2320      	movs	r3, #32
100046f0:	432b      	orrs	r3, r5
100046f2:	9303      	str	r3, [sp, #12]
100046f4:	9803      	ldr	r0, [sp, #12]
100046f6:	3401      	adds	r4, #1
100046f8:	f7ff fb29 	bl	10003d4e <_Z13DispSmallCharc>
100046fc:	2c1a      	cmp	r4, #26
100046fe:	d01c      	beq.n	1000473a <_Z7Previewv+0x10a>
10004700:	2307      	movs	r3, #7
10004702:	421c      	tst	r4, r3
10004704:	d1f6      	bne.n	100046f4 <_Z7Previewv+0xc4>
10004706:	e7ea      	b.n	100046de <_Z7Previewv+0xae>
10004708:	285e      	cmp	r0, #94	@ 0x5e
1000470a:	d152      	bne.n	100047b2 <_Z7Previewv+0x182>
1000470c:	f7ff ff80 	bl	10004610 <_Z10PrevCharCRv>
10004710:	0003      	movs	r3, r0
10004712:	285d      	cmp	r0, #93	@ 0x5d
10004714:	d80a      	bhi.n	1000472c <_Z7Previewv+0xfc>
10004716:	2856      	cmp	r0, #86	@ 0x56
10004718:	d825      	bhi.n	10004766 <_Z7Previewv+0x136>
1000471a:	2839      	cmp	r0, #57	@ 0x39
1000471c:	d836      	bhi.n	1000478c <_Z7Previewv+0x15c>
1000471e:	2830      	cmp	r0, #48	@ 0x30
10004720:	d845      	bhi.n	100047ae <_Z7Previewv+0x17e>
10004722:	d03c      	beq.n	1000479e <_Z7Previewv+0x16e>
10004724:	2800      	cmp	r0, #0
10004726:	d00e      	beq.n	10004746 <_Z7Previewv+0x116>
10004728:	280a      	cmp	r0, #10
1000472a:	d00c      	beq.n	10004746 <_Z7Previewv+0x116>
1000472c:	406b      	eors	r3, r5
1000472e:	b2d8      	uxtb	r0, r3
10004730:	3401      	adds	r4, #1
10004732:	f7ff fb0c 	bl	10003d4e <_Z13DispSmallCharc>
10004736:	2c1a      	cmp	r4, #26
10004738:	d1d1      	bne.n	100046de <_Z7Previewv+0xae>
1000473a:	f7ff ff69 	bl	10004610 <_Z10PrevCharCRv>
1000473e:	280a      	cmp	r0, #10
10004740:	d001      	beq.n	10004746 <_Z7Previewv+0x116>
10004742:	2800      	cmp	r0, #0
10004744:	d1f9      	bne.n	1000473a <_Z7Previewv+0x10a>
10004746:	4b6c      	ldr	r3, [pc, #432]	@ (100048f8 <_Z7Previewv+0x2c8>)
10004748:	220f      	movs	r2, #15
1000474a:	681b      	ldr	r3, [r3, #0]
1000474c:	781b      	ldrb	r3, [r3, #0]
1000474e:	2b7f      	cmp	r3, #127	@ 0x7f
10004750:	d800      	bhi.n	10004754 <_Z7Previewv+0x124>
10004752:	1892      	adds	r2, r2, r2
10004754:	683b      	ldr	r3, [r7, #0]
10004756:	3301      	adds	r3, #1
10004758:	603b      	str	r3, [r7, #0]
1000475a:	4293      	cmp	r3, r2
1000475c:	dbac      	blt.n	100046b8 <_Z7Previewv+0x88>
1000475e:	4862      	ldr	r0, [pc, #392]	@ (100048e8 <_Z7Previewv+0x2b8>)
10004760:	f7fe fdb4 	bl	100032cc <FileClose>
10004764:	e787      	b.n	10004676 <_Z7Previewv+0x46>
10004766:	3857      	subs	r0, #87	@ 0x57
10004768:	2806      	cmp	r0, #6
1000476a:	d8df      	bhi.n	1000472c <_Z7Previewv+0xfc>
1000476c:	f000 ff5c 	bl	10005628 <____gnu_thumb1_case_shi_veneer>
10004770:	00190007 	.word	0x00190007
10004774:	001c0015 	.word	0x001c0015
10004778:	ffde0125 	.word	0xffde0125
1000477c:	0024      	.short	0x0024
1000477e:	4b6a      	ldr	r3, [pc, #424]	@ (10004928 <_Z7Previewv+0x2f8>)
10004780:	9a01      	ldr	r2, [sp, #4]
10004782:	8013      	strh	r3, [r2, #0]
10004784:	2300      	movs	r3, #0
10004786:	9a02      	ldr	r2, [sp, #8]
10004788:	8013      	strh	r3, [r2, #0]
1000478a:	e7a8      	b.n	100046de <_Z7Previewv+0xae>
1000478c:	0002      	movs	r2, r0
1000478e:	3a41      	subs	r2, #65	@ 0x41
10004790:	b2d2      	uxtb	r2, r2
10004792:	2a15      	cmp	r2, #21
10004794:	d8ca      	bhi.n	1000472c <_Z7Previewv+0xfc>
10004796:	3b37      	subs	r3, #55	@ 0x37
10004798:	e7c8      	b.n	1000472c <_Z7Previewv+0xfc>
1000479a:	4b64      	ldr	r3, [pc, #400]	@ (1000492c <_Z7Previewv+0x2fc>)
1000479c:	e7f0      	b.n	10004780 <_Z7Previewv+0x150>
1000479e:	4b64      	ldr	r3, [pc, #400]	@ (10004930 <_Z7Previewv+0x300>)
100047a0:	e7ee      	b.n	10004780 <_Z7Previewv+0x150>
100047a2:	23fc      	movs	r3, #252	@ 0xfc
100047a4:	00db      	lsls	r3, r3, #3
100047a6:	e7eb      	b.n	10004780 <_Z7Previewv+0x150>
100047a8:	23f8      	movs	r3, #248	@ 0xf8
100047aa:	021b      	lsls	r3, r3, #8
100047ac:	e7e8      	b.n	10004780 <_Z7Previewv+0x150>
100047ae:	3b30      	subs	r3, #48	@ 0x30
100047b0:	e7bc      	b.n	1000472c <_Z7Previewv+0xfc>
100047b2:	4068      	eors	r0, r5
100047b4:	b2c0      	uxtb	r0, r0
100047b6:	e7bb      	b.n	10004730 <_Z7Previewv+0x100>
100047b8:	2500      	movs	r5, #0
100047ba:	e790      	b.n	100046de <_Z7Previewv+0xae>
100047bc:	4f4e      	ldr	r7, [pc, #312]	@ (100048f8 <_Z7Previewv+0x2c8>)
100047be:	683d      	ldr	r5, [r7, #0]
100047c0:	782b      	ldrb	r3, [r5, #0]
100047c2:	2b7f      	cmp	r3, #127	@ 0x7f
100047c4:	d800      	bhi.n	100047c8 <_Z7Previewv+0x198>
100047c6:	e74b      	b.n	10004660 <_Z7Previewv+0x30>
100047c8:	4c4c      	ldr	r4, [pc, #304]	@ (100048fc <_Z7Previewv+0x2cc>)
100047ca:	786a      	ldrb	r2, [r5, #1]
100047cc:	1ca9      	adds	r1, r5, #2
100047ce:	0020      	movs	r0, r4
100047d0:	f7fb fe3e 	bl	10000450 <__wrap___aeabi_memcpy>
100047d4:	7868      	ldrb	r0, [r5, #1]
100047d6:	4957      	ldr	r1, [pc, #348]	@ (10004934 <_Z7Previewv+0x304>)
100047d8:	2205      	movs	r2, #5
100047da:	1900      	adds	r0, r0, r4
100047dc:	f7fb fe38 	bl	10000450 <__wrap___aeabi_memcpy>
100047e0:	4848      	ldr	r0, [pc, #288]	@ (10004904 <_Z7Previewv+0x2d4>)
100047e2:	f7fe fed7 	bl	10003594 <SetDir>
100047e6:	4d40      	ldr	r5, [pc, #256]	@ (100048e8 <_Z7Previewv+0x2b8>)
100047e8:	0021      	movs	r1, r4
100047ea:	0028      	movs	r0, r5
100047ec:	f7fe fea0 	bl	10003530 <FileOpen>
100047f0:	2800      	cmp	r0, #0
100047f2:	d100      	bne.n	100047f6 <_Z7Previewv+0x1c6>
100047f4:	e734      	b.n	10004660 <_Z7Previewv+0x30>
100047f6:	2200      	movs	r2, #0
100047f8:	4b43      	ldr	r3, [pc, #268]	@ (10004908 <_Z7Previewv+0x2d8>)
100047fa:	0021      	movs	r1, r4
100047fc:	601a      	str	r2, [r3, #0]
100047fe:	4b43      	ldr	r3, [pc, #268]	@ (1000490c <_Z7Previewv+0x2dc>)
10004800:	0028      	movs	r0, r5
10004802:	601a      	str	r2, [r3, #0]
10004804:	3246      	adds	r2, #70	@ 0x46
10004806:	f7fe fc65 	bl	100030d4 <FileRead>
1000480a:	7ce3      	ldrb	r3, [r4, #19]
1000480c:	7ca2      	ldrb	r2, [r4, #18]
1000480e:	021b      	lsls	r3, r3, #8
10004810:	4313      	orrs	r3, r2
10004812:	7d22      	ldrb	r2, [r4, #20]
10004814:	0412      	lsls	r2, r2, #16
10004816:	431a      	orrs	r2, r3
10004818:	7d63      	ldrb	r3, [r4, #21]
1000481a:	061b      	lsls	r3, r3, #24
1000481c:	4313      	orrs	r3, r2
1000481e:	2201      	movs	r2, #1
10004820:	3301      	adds	r3, #1
10004822:	4393      	bics	r3, r2
10004824:	4a44      	ldr	r2, [pc, #272]	@ (10004938 <_Z7Previewv+0x308>)
10004826:	6013      	str	r3, [r2, #0]
10004828:	4a44      	ldr	r2, [pc, #272]	@ (1000493c <_Z7Previewv+0x30c>)
1000482a:	9201      	str	r2, [sp, #4]
1000482c:	7da2      	ldrb	r2, [r4, #22]
1000482e:	4694      	mov	ip, r2
10004830:	4661      	mov	r1, ip
10004832:	7de2      	ldrb	r2, [r4, #23]
10004834:	0212      	lsls	r2, r2, #8
10004836:	430a      	orrs	r2, r1
10004838:	7e21      	ldrb	r1, [r4, #24]
1000483a:	0409      	lsls	r1, r1, #16
1000483c:	4311      	orrs	r1, r2
1000483e:	7e62      	ldrb	r2, [r4, #25]
10004840:	0612      	lsls	r2, r2, #24
10004842:	430a      	orrs	r2, r1
10004844:	17d1      	asrs	r1, r2, #31
10004846:	1852      	adds	r2, r2, r1
10004848:	404a      	eors	r2, r1
1000484a:	9901      	ldr	r1, [sp, #4]
1000484c:	600a      	str	r2, [r1, #0]
1000484e:	2846      	cmp	r0, #70	@ 0x46
10004850:	d003      	beq.n	1000485a <_Z7Previewv+0x22a>
10004852:	4825      	ldr	r0, [pc, #148]	@ (100048e8 <_Z7Previewv+0x2b8>)
10004854:	f7fe fd3a 	bl	100032cc <FileClose>
10004858:	e702      	b.n	10004660 <_Z7Previewv+0x30>
1000485a:	21ff      	movs	r1, #255	@ 0xff
1000485c:	3b08      	subs	r3, #8
1000485e:	00c9      	lsls	r1, r1, #3
10004860:	428b      	cmp	r3, r1
10004862:	d8f6      	bhi.n	10004852 <_Z7Previewv+0x222>
10004864:	3a08      	subs	r2, #8
10004866:	428a      	cmp	r2, r1
10004868:	d8f3      	bhi.n	10004852 <_Z7Previewv+0x222>
1000486a:	7863      	ldrb	r3, [r4, #1]
1000486c:	7821      	ldrb	r1, [r4, #0]
1000486e:	4a34      	ldr	r2, [pc, #208]	@ (10004940 <_Z7Previewv+0x310>)
10004870:	021b      	lsls	r3, r3, #8
10004872:	430b      	orrs	r3, r1
10004874:	4293      	cmp	r3, r2
10004876:	d1ec      	bne.n	10004852 <_Z7Previewv+0x222>
10004878:	78e3      	ldrb	r3, [r4, #3]
1000487a:	78a2      	ldrb	r2, [r4, #2]
1000487c:	021b      	lsls	r3, r3, #8
1000487e:	4313      	orrs	r3, r2
10004880:	7922      	ldrb	r2, [r4, #4]
10004882:	0412      	lsls	r2, r2, #16
10004884:	431a      	orrs	r2, r3
10004886:	7963      	ldrb	r3, [r4, #5]
10004888:	061b      	lsls	r3, r3, #24
1000488a:	4313      	orrs	r3, r2
1000488c:	4a2d      	ldr	r2, [pc, #180]	@ (10004944 <_Z7Previewv+0x314>)
1000488e:	3b64      	subs	r3, #100	@ 0x64
10004890:	4293      	cmp	r3, r2
10004892:	d8de      	bhi.n	10004852 <_Z7Previewv+0x222>
10004894:	7ae2      	ldrb	r2, [r4, #11]
10004896:	7aa3      	ldrb	r3, [r4, #10]
10004898:	0212      	lsls	r2, r2, #8
1000489a:	431a      	orrs	r2, r3
1000489c:	7b23      	ldrb	r3, [r4, #12]
1000489e:	7b61      	ldrb	r1, [r4, #13]
100048a0:	041b      	lsls	r3, r3, #16
100048a2:	4313      	orrs	r3, r2
100048a4:	0609      	lsls	r1, r1, #24
100048a6:	4319      	orrs	r1, r3
100048a8:	000a      	movs	r2, r1
100048aa:	4b27      	ldr	r3, [pc, #156]	@ (10004948 <_Z7Previewv+0x318>)
100048ac:	3a36      	subs	r2, #54	@ 0x36
100048ae:	429a      	cmp	r2, r3
100048b0:	d8cf      	bhi.n	10004852 <_Z7Previewv+0x222>
100048b2:	7ee3      	ldrb	r3, [r4, #27]
100048b4:	7ea2      	ldrb	r2, [r4, #26]
100048b6:	021b      	lsls	r3, r3, #8
100048b8:	4313      	orrs	r3, r2
100048ba:	2b01      	cmp	r3, #1
100048bc:	d1c9      	bne.n	10004852 <_Z7Previewv+0x222>
100048be:	7f63      	ldrb	r3, [r4, #29]
100048c0:	7f22      	ldrb	r2, [r4, #28]
100048c2:	021b      	lsls	r3, r3, #8
100048c4:	4313      	orrs	r3, r2
100048c6:	2b10      	cmp	r3, #16
100048c8:	d1c3      	bne.n	10004852 <_Z7Previewv+0x222>
100048ca:	0028      	movs	r0, r5
100048cc:	f7fe f954 	bl	10002b78 <FileSeek>
100048d0:	2278      	movs	r2, #120	@ 0x78
100048d2:	683b      	ldr	r3, [r7, #0]
100048d4:	781b      	ldrb	r3, [r3, #0]
100048d6:	065b      	lsls	r3, r3, #25
100048d8:	17db      	asrs	r3, r3, #31
100048da:	401a      	ands	r2, r3
100048dc:	4b0c      	ldr	r3, [pc, #48]	@ (10004910 <_Z7Previewv+0x2e0>)
100048de:	601a      	str	r2, [r3, #0]
100048e0:	2303      	movs	r3, #3
100048e2:	e6e8      	b.n	100046b6 <_Z7Previewv+0x86>
100048e4:	20038f3e 	.word	0x20038f3e
100048e8:	20036510 	.word	0x20036510
100048ec:	200008fc 	.word	0x200008fc
100048f0:	2000095c 	.word	0x2000095c
100048f4:	2003660e 	.word	0x2003660e
100048f8:	2003650c 	.word	0x2003650c
100048fc:	20038f41 	.word	0x20038f41
10004900:	10006f14 	.word	0x10006f14
10004904:	20038e4d 	.word	0x20038e4d
10004908:	200365b4 	.word	0x200365b4
1000490c:	200365b0 	.word	0x200365b0
10004910:	20036540 	.word	0x20036540
10004914:	200365d4 	.word	0x200365d4
10004918:	ffff8410 	.word	0xffff8410
1000491c:	200365d0 	.word	0x200365d0
10004920:	200008e8 	.word	0x200008e8
10004924:	200008ec 	.word	0x200008ec
10004928:	0000ffff 	.word	0x0000ffff
1000492c:	0000ffe0 	.word	0x0000ffe0
10004930:	00008410 	.word	0x00008410
10004934:	10006f19 	.word	0x10006f19
10004938:	20036544 	.word	0x20036544
1000493c:	2003653c 	.word	0x2003653c
10004940:	00004d42 	.word	0x00004d42
10004944:	004c4adc 	.word	0x004c4adc
10004948:	0000079a 	.word	0x0000079a
1000494c:	4c1c      	ldr	r4, [pc, #112]	@ (100049c0 <_Z7Previewv+0x390>)
1000494e:	6823      	ldr	r3, [r4, #0]
10004950:	2ba0      	cmp	r3, #160	@ 0xa0
10004952:	dd00      	ble.n	10004956 <_Z7Previewv+0x326>
10004954:	23a0      	movs	r3, #160	@ 0xa0
10004956:	011b      	lsls	r3, r3, #4
10004958:	1dd9      	adds	r1, r3, #7
1000495a:	17da      	asrs	r2, r3, #31
1000495c:	2307      	movs	r3, #7
1000495e:	401a      	ands	r2, r3
10004960:	1852      	adds	r2, r2, r1
10004962:	21a0      	movs	r1, #160	@ 0xa0
10004964:	4d17      	ldr	r5, [pc, #92]	@ (100049c4 <_Z7Previewv+0x394>)
10004966:	0049      	lsls	r1, r1, #1
10004968:	682b      	ldr	r3, [r5, #0]
1000496a:	4f17      	ldr	r7, [pc, #92]	@ (100049c8 <_Z7Previewv+0x398>)
1000496c:	4359      	muls	r1, r3
1000496e:	4b17      	ldr	r3, [pc, #92]	@ (100049cc <_Z7Previewv+0x39c>)
10004970:	31a0      	adds	r1, #160	@ 0xa0
10004972:	0049      	lsls	r1, r1, #1
10004974:	18c9      	adds	r1, r1, r3
10004976:	10d2      	asrs	r2, r2, #3
10004978:	0038      	movs	r0, r7
1000497a:	f7fe fbab 	bl	100030d4 <FileRead>
1000497e:	22a0      	movs	r2, #160	@ 0xa0
10004980:	6829      	ldr	r1, [r5, #0]
10004982:	2301      	movs	r3, #1
10004984:	0010      	movs	r0, r2
10004986:	f7ff f81d 	bl	100039c4 <DispDirtyRect>
1000498a:	6821      	ldr	r1, [r4, #0]
1000498c:	29a0      	cmp	r1, #160	@ 0xa0
1000498e:	dd06      	ble.n	1000499e <_Z7Previewv+0x36e>
10004990:	6a3b      	ldr	r3, [r7, #32]
10004992:	39a0      	subs	r1, #160	@ 0xa0
10004994:	0049      	lsls	r1, r1, #1
10004996:	0038      	movs	r0, r7
10004998:	18c9      	adds	r1, r1, r3
1000499a:	f7fe f8ed 	bl	10002b78 <FileSeek>
1000499e:	490c      	ldr	r1, [pc, #48]	@ (100049d0 <_Z7Previewv+0x3a0>)
100049a0:	682a      	ldr	r2, [r5, #0]
100049a2:	680b      	ldr	r3, [r1, #0]
100049a4:	3201      	adds	r2, #1
100049a6:	3b01      	subs	r3, #1
100049a8:	602a      	str	r2, [r5, #0]
100049aa:	600b      	str	r3, [r1, #0]
100049ac:	2aef      	cmp	r2, #239	@ 0xef
100049ae:	dd00      	ble.n	100049b2 <_Z7Previewv+0x382>
100049b0:	e74f      	b.n	10004852 <_Z7Previewv+0x222>
100049b2:	2b00      	cmp	r3, #0
100049b4:	dd00      	ble.n	100049b8 <_Z7Previewv+0x388>
100049b6:	e67f      	b.n	100046b8 <_Z7Previewv+0x88>
100049b8:	e74b      	b.n	10004852 <_Z7Previewv+0x222>
100049ba:	2580      	movs	r5, #128	@ 0x80
100049bc:	e68f      	b.n	100046de <_Z7Previewv+0xae>
100049be:	46c0      	nop			@ (mov r8, r8)
100049c0:	20036544 	.word	0x20036544
100049c4:	20036540 	.word	0x20036540
100049c8:	20036510 	.word	0x20036510
100049cc:	20000978 	.word	0x20000978
100049d0:	2003653c 	.word	0x2003653c

100049d4 <_Z6RunAppv>:
100049d4:	b510      	push	{r4, lr}
100049d6:	f7fb fe5f 	bl	10000698 <KeyWaitNoPressed>
100049da:	f7fc fc31 	bl	10001240 <RuntimeTerm>
100049de:	f7fb fc81 	bl	100002e4 <GoToApp>
	...

100049e4 <_Z8Progressiiit>:
100049e4:	b5f0      	push	{r4, r5, r6, r7, lr}
100049e6:	b085      	sub	sp, #20
100049e8:	0014      	movs	r4, r2
100049ea:	9103      	str	r1, [sp, #12]
100049ec:	1e91      	subs	r1, r2, #2
100049ee:	2282      	movs	r2, #130	@ 0x82
100049f0:	2680      	movs	r6, #128	@ 0x80
100049f2:	0005      	movs	r5, r0
100049f4:	001f      	movs	r7, r3
100049f6:	4b11      	ldr	r3, [pc, #68]	@ (10004a3c <_Z8Progressiiit+0x58>)
100049f8:	201e      	movs	r0, #30
100049fa:	9300      	str	r3, [sp, #0]
100049fc:	0052      	lsls	r2, r2, #1
100049fe:	2314      	movs	r3, #20
10004a00:	f7fd f8f3 	bl	10001bea <DrawFrame>
10004a04:	4b0e      	ldr	r3, [pc, #56]	@ (10004a40 <_Z8Progressiiit+0x5c>)
10004a06:	0076      	lsls	r6, r6, #1
10004a08:	0032      	movs	r2, r6
10004a0a:	0021      	movs	r1, r4
10004a0c:	2020      	movs	r0, #32
10004a0e:	9300      	str	r3, [sp, #0]
10004a10:	2310      	movs	r3, #16
10004a12:	f7fd f85f 	bl	10001ad4 <DrawRect>
10004a16:	9903      	ldr	r1, [sp, #12]
10004a18:	0228      	lsls	r0, r5, #8
10004a1a:	f7fb fc89 	bl	10000330 <DivS32>
10004a1e:	0002      	movs	r2, r0
10004a20:	42b0      	cmp	r0, r6
10004a22:	dd00      	ble.n	10004a26 <_Z8Progressiiit+0x42>
10004a24:	0032      	movs	r2, r6
10004a26:	2310      	movs	r3, #16
10004a28:	0021      	movs	r1, r4
10004a2a:	2020      	movs	r0, #32
10004a2c:	9700      	str	r7, [sp, #0]
10004a2e:	f7fd f851 	bl	10001ad4 <DrawRect>
10004a32:	f7ff f825 	bl	10003a80 <DispUpdate>
10004a36:	b005      	add	sp, #20
10004a38:	bdf0      	pop	{r4, r5, r6, r7, pc}
10004a3a:	46c0      	nop			@ (mov r8, r8)
10004a3c:	0000ffff 	.word	0x0000ffff
10004a40:	00008410 	.word	0x00008410

10004a44 <_Z11DispBigInfoPKc>:
10004a44:	b537      	push	{r0, r1, r2, r4, r5, lr}
10004a46:	0004      	movs	r4, r0
10004a48:	f7fd f8e2 	bl	10001c10 <DrawClear>
10004a4c:	0020      	movs	r0, r4
10004a4e:	f7fe fee7 	bl	10003820 <StrLen>
10004a52:	0005      	movs	r5, r0
10004a54:	f7fd f812 	bl	10001a7c <SelFont8x16>
10004a58:	2114      	movs	r1, #20
10004a5a:	2300      	movs	r3, #0
10004a5c:	1b49      	subs	r1, r1, r5
10004a5e:	2258      	movs	r2, #88	@ 0x58
10004a60:	0020      	movs	r0, r4
10004a62:	00c9      	lsls	r1, r1, #3
10004a64:	9300      	str	r3, [sp, #0]
10004a66:	4b03      	ldr	r3, [pc, #12]	@ (10004a74 <_Z11DispBigInfoPKc+0x30>)
10004a68:	f7fd fb68 	bl	1000213c <DrawTextBg2>
10004a6c:	f7ff f808 	bl	10003a80 <DispUpdate>
10004a70:	bd37      	pop	{r0, r1, r2, r4, r5, pc}
10004a72:	46c0      	nop			@ (mov r8, r8)
10004a74:	0000ffe0 	.word	0x0000ffe0

10004a78 <_Z8ClearAppv>:
10004a78:	b5f8      	push	{r3, r4, r5, r6, r7, lr}
10004a7a:	4c20      	ldr	r4, [pc, #128]	@ (10004afc <_Z8ClearAppv+0x84>)
10004a7c:	4820      	ldr	r0, [pc, #128]	@ (10004b00 <_Z8ClearAppv+0x88>)
10004a7e:	f7ff ffe1 	bl	10004a44 <_Z11DispBigInfoPKc>
10004a82:	0022      	movs	r2, r4
10004a84:	4b1f      	ldr	r3, [pc, #124]	@ (10004b04 <_Z8ClearAppv+0x8c>)
10004a86:	18e3      	adds	r3, r4, r3
10004a88:	681b      	ldr	r3, [r3, #0]
10004a8a:	3301      	adds	r3, #1
10004a8c:	d102      	bne.n	10004a94 <_Z8ClearAppv+0x1c>
10004a8e:	3c04      	subs	r4, #4
10004a90:	2c00      	cmp	r4, #0
10004a92:	d1f7      	bne.n	10004a84 <_Z8ClearAppv+0xc>
10004a94:	4b1c      	ldr	r3, [pc, #112]	@ (10004b08 <_Z8ClearAppv+0x90>)
10004a96:	18e4      	adds	r4, r4, r3
10004a98:	0be4      	lsrs	r4, r4, #15
10004a9a:	03e4      	lsls	r4, r4, #15
10004a9c:	4294      	cmp	r4, r2
10004a9e:	d900      	bls.n	10004aa2 <_Z8ClearAppv+0x2a>
10004aa0:	4c16      	ldr	r4, [pc, #88]	@ (10004afc <_Z8ClearAppv+0x84>)
10004aa2:	0026      	movs	r6, r4
10004aa4:	4f19      	ldr	r7, [pc, #100]	@ (10004b0c <_Z8ClearAppv+0x94>)
10004aa6:	2380      	movs	r3, #128	@ 0x80
10004aa8:	015b      	lsls	r3, r3, #5
10004aaa:	429e      	cmp	r6, r3
10004aac:	d209      	bcs.n	10004ac2 <_Z8ClearAppv+0x4a>
10004aae:	227a      	movs	r2, #122	@ 0x7a
10004ab0:	0021      	movs	r1, r4
10004ab2:	0020      	movs	r0, r4
10004ab4:	4b16      	ldr	r3, [pc, #88]	@ (10004b10 <_Z8ClearAppv+0x98>)
10004ab6:	f7ff ff95 	bl	100049e4 <_Z8Progressiiit>
10004aba:	2032      	movs	r0, #50	@ 0x32
10004abc:	f7fc fcfa 	bl	100014b4 <WaitMs>
10004ac0:	bdf8      	pop	{r3, r4, r5, r6, r7, pc}
10004ac2:	4b13      	ldr	r3, [pc, #76]	@ (10004b10 <_Z8ClearAppv+0x98>)
10004ac4:	227a      	movs	r2, #122	@ 0x7a
10004ac6:	0021      	movs	r1, r4
10004ac8:	1ba0      	subs	r0, r4, r6
10004aca:	f7ff ff8b 	bl	100049e4 <_Z8Progressiiit>
10004ace:	2380      	movs	r3, #128	@ 0x80
10004ad0:	b2bd      	uxth	r5, r7
10004ad2:	021b      	lsls	r3, r3, #8
10004ad4:	429d      	cmp	r5, r3
10004ad6:	d101      	bne.n	10004adc <_Z8ClearAppv+0x64>
10004ad8:	42ae      	cmp	r6, r5
10004ada:	d205      	bcs.n	10004ae8 <_Z8ClearAppv+0x70>
10004adc:	2380      	movs	r3, #128	@ 0x80
10004ade:	0035      	movs	r5, r6
10004ae0:	025b      	lsls	r3, r3, #9
10004ae2:	429e      	cmp	r6, r3
10004ae4:	dd00      	ble.n	10004ae8 <_Z8ClearAppv+0x70>
10004ae6:	001d      	movs	r5, r3
10004ae8:	23f0      	movs	r3, #240	@ 0xf0
10004aea:	061b      	lsls	r3, r3, #24
10004aec:	18f8      	adds	r0, r7, r3
10004aee:	0029      	movs	r1, r5
10004af0:	f000 fda2 	bl	10005638 <__FlashErase_veneer>
10004af4:	197f      	adds	r7, r7, r5
10004af6:	1b76      	subs	r6, r6, r5
10004af8:	e7d5      	b.n	10004aa6 <_Z8ClearAppv+0x2e>
10004afa:	46c0      	nop			@ (mov r8, r8)
10004afc:	001f7000 	.word	0x001f7000
10004b00:	10006f1e 	.word	0x10006f1e
10004b04:	10007ffc 	.word	0x10007ffc
10004b08:	00007ffc 	.word	0x00007ffc
10004b0c:	10008000 	.word	0x10008000
10004b10:	0000fbe0 	.word	0x0000fbe0

10004b14 <_Z10DispBigErrPKc>:
10004b14:	b537      	push	{r0, r1, r2, r4, r5, lr}
10004b16:	0004      	movs	r4, r0
10004b18:	4813      	ldr	r0, [pc, #76]	@ (10004b68 <_Z10DispBigErrPKc+0x54>)
10004b1a:	f7fe fbd7 	bl	100032cc <FileClose>
10004b1e:	f7fd f877 	bl	10001c10 <DrawClear>
10004b22:	0020      	movs	r0, r4
10004b24:	f7fe fe7c 	bl	10003820 <StrLen>
10004b28:	0005      	movs	r5, r0
10004b2a:	f7fc ffa7 	bl	10001a7c <SelFont8x16>
10004b2e:	2114      	movs	r1, #20
10004b30:	23f8      	movs	r3, #248	@ 0xf8
10004b32:	1b49      	subs	r1, r1, r5
10004b34:	021b      	lsls	r3, r3, #8
10004b36:	2268      	movs	r2, #104	@ 0x68
10004b38:	0020      	movs	r0, r4
10004b3a:	00c9      	lsls	r1, r1, #3
10004b3c:	9300      	str	r3, [sp, #0]
10004b3e:	4b0b      	ldr	r3, [pc, #44]	@ (10004b6c <_Z10DispBigErrPKc+0x58>)
10004b40:	f7fd fafc 	bl	1000213c <DrawTextBg2>
10004b44:	f7fe ff9c 	bl	10003a80 <DispUpdate>
10004b48:	f7fb fd88 	bl	1000065c <KeyFlush>
10004b4c:	f7fb fd7e 	bl	1000064c <KeyGet>
10004b50:	2800      	cmp	r0, #0
10004b52:	d0fb      	beq.n	10004b4c <_Z10DispBigErrPKc+0x38>
10004b54:	f7ff fd62 	bl	1000461c <_Z10PreviewClrv>
10004b58:	f7ff f9b4 	bl	10003ec4 <_Z13FrameFileListv>
10004b5c:	f7ff fa9c 	bl	10004098 <_Z12DispFileListv>
10004b60:	f7fe ff8e 	bl	10003a80 <DispUpdate>
10004b64:	bd37      	pop	{r0, r1, r2, r4, r5, pc}
10004b66:	46c0      	nop			@ (mov r8, r8)
10004b68:	20036510 	.word	0x20036510
10004b6c:	0000ffe0 	.word	0x0000ffe0

10004b70 <_Z15DispBigErrMultiPKcS0_S0_S0_S0_>:
10004b70:	b5f0      	push	{r4, r5, r6, r7, lr}
10004b72:	0007      	movs	r7, r0
10004b74:	b085      	sub	sp, #20
10004b76:	482b      	ldr	r0, [pc, #172]	@ (10004c24 <_Z15DispBigErrMultiPKcS0_S0_S0_S0_+0xb4>)
10004b78:	000e      	movs	r6, r1
10004b7a:	9202      	str	r2, [sp, #8]
10004b7c:	9303      	str	r3, [sp, #12]
10004b7e:	f7fe fba5 	bl	100032cc <FileClose>
10004b82:	f7fd f845 	bl	10001c10 <DrawClear>
10004b86:	f7fc ff79 	bl	10001a7c <SelFont8x16>
10004b8a:	0038      	movs	r0, r7
10004b8c:	f7fe fe48 	bl	10003820 <StrLen>
10004b90:	2414      	movs	r4, #20
10004b92:	25f8      	movs	r5, #248	@ 0xf8
10004b94:	1a21      	subs	r1, r4, r0
10004b96:	022d      	lsls	r5, r5, #8
10004b98:	2228      	movs	r2, #40	@ 0x28
10004b9a:	4b23      	ldr	r3, [pc, #140]	@ (10004c28 <_Z15DispBigErrMultiPKcS0_S0_S0_S0_+0xb8>)
10004b9c:	00c9      	lsls	r1, r1, #3
10004b9e:	0038      	movs	r0, r7
10004ba0:	9500      	str	r5, [sp, #0]
10004ba2:	f7fd facb 	bl	1000213c <DrawTextBg2>
10004ba6:	0030      	movs	r0, r6
10004ba8:	f7fe fe3a 	bl	10003820 <StrLen>
10004bac:	1a21      	subs	r1, r4, r0
10004bae:	2248      	movs	r2, #72	@ 0x48
10004bb0:	4b1d      	ldr	r3, [pc, #116]	@ (10004c28 <_Z15DispBigErrMultiPKcS0_S0_S0_S0_+0xb8>)
10004bb2:	00c9      	lsls	r1, r1, #3
10004bb4:	0030      	movs	r0, r6
10004bb6:	9500      	str	r5, [sp, #0]
10004bb8:	f7fd fac0 	bl	1000213c <DrawTextBg2>
10004bbc:	9802      	ldr	r0, [sp, #8]
10004bbe:	f7fe fe2f 	bl	10003820 <StrLen>
10004bc2:	1a21      	subs	r1, r4, r0
10004bc4:	2268      	movs	r2, #104	@ 0x68
10004bc6:	4b18      	ldr	r3, [pc, #96]	@ (10004c28 <_Z15DispBigErrMultiPKcS0_S0_S0_S0_+0xb8>)
10004bc8:	00c9      	lsls	r1, r1, #3
10004bca:	9802      	ldr	r0, [sp, #8]
10004bcc:	9500      	str	r5, [sp, #0]
10004bce:	f7fd fab5 	bl	1000213c <DrawTextBg2>
10004bd2:	9803      	ldr	r0, [sp, #12]
10004bd4:	f7fe fe24 	bl	10003820 <StrLen>
10004bd8:	1a21      	subs	r1, r4, r0
10004bda:	2288      	movs	r2, #136	@ 0x88
10004bdc:	4b12      	ldr	r3, [pc, #72]	@ (10004c28 <_Z15DispBigErrMultiPKcS0_S0_S0_S0_+0xb8>)
10004bde:	00c9      	lsls	r1, r1, #3
10004be0:	9803      	ldr	r0, [sp, #12]
10004be2:	9500      	str	r5, [sp, #0]
10004be4:	f7fd faaa 	bl	1000213c <DrawTextBg2>
10004be8:	980a      	ldr	r0, [sp, #40]	@ 0x28
10004bea:	f7fe fe19 	bl	10003820 <StrLen>
10004bee:	1a21      	subs	r1, r4, r0
10004bf0:	22a8      	movs	r2, #168	@ 0xa8
10004bf2:	4b0d      	ldr	r3, [pc, #52]	@ (10004c28 <_Z15DispBigErrMultiPKcS0_S0_S0_S0_+0xb8>)
10004bf4:	980a      	ldr	r0, [sp, #40]	@ 0x28
10004bf6:	00c9      	lsls	r1, r1, #3
10004bf8:	9500      	str	r5, [sp, #0]
10004bfa:	f7fd fa9f 	bl	1000213c <DrawTextBg2>
10004bfe:	f7fe ff3f 	bl	10003a80 <DispUpdate>
10004c02:	f7fb fd2b 	bl	1000065c <KeyFlush>
10004c06:	f7fb fd21 	bl	1000064c <KeyGet>
10004c0a:	2800      	cmp	r0, #0
10004c0c:	d0fb      	beq.n	10004c06 <_Z15DispBigErrMultiPKcS0_S0_S0_S0_+0x96>
10004c0e:	f7ff fd05 	bl	1000461c <_Z10PreviewClrv>
10004c12:	f7ff f957 	bl	10003ec4 <_Z13FrameFileListv>
10004c16:	f7ff fa3f 	bl	10004098 <_Z12DispFileListv>
10004c1a:	f7fe ff31 	bl	10003a80 <DispUpdate>
10004c1e:	b005      	add	sp, #20
10004c20:	bdf0      	pop	{r4, r5, r6, r7, pc}
10004c22:	46c0      	nop			@ (mov r8, r8)
10004c24:	20036510 	.word	0x20036510
10004c28:	0000ffe0 	.word	0x0000ffe0

10004c2c <_Z11DispBatteryi>:
10004c2c:	b5f0      	push	{r4, r5, r6, r7, lr}
10004c2e:	b085      	sub	sp, #20
10004c30:	9003      	str	r0, [sp, #12]
10004c32:	f7fb fc1b 	bl	1000046c <GetBatInt>
10004c36:	1d47      	adds	r7, r0, #5
10004c38:	2164      	movs	r1, #100	@ 0x64
10004c3a:	0038      	movs	r0, r7
10004c3c:	f7fb fb78 	bl	10000330 <DivS32>
10004c40:	250a      	movs	r5, #10
10004c42:	b2c6      	uxtb	r6, r0
10004c44:	210a      	movs	r1, #10
10004c46:	426d      	negs	r5, r5
10004c48:	0038      	movs	r0, r7
10004c4a:	f7fb fb71 	bl	10000330 <DivS32>
10004c4e:	002b      	movs	r3, r5
10004c50:	21fa      	movs	r1, #250	@ 0xfa
10004c52:	4373      	muls	r3, r6
10004c54:	4c16      	ldr	r4, [pc, #88]	@ (10004cb0 <_Z11DispBatteryi+0x84>)
10004c56:	3030      	adds	r0, #48	@ 0x30
10004c58:	18c0      	adds	r0, r0, r3
10004c5a:	0089      	lsls	r1, r1, #2
10004c5c:	72e0      	strb	r0, [r4, #11]
10004c5e:	0038      	movs	r0, r7
10004c60:	f7fb fb66 	bl	10000330 <DivS32>
10004c64:	b2c0      	uxtb	r0, r0
10004c66:	4345      	muls	r5, r0
10004c68:	3630      	adds	r6, #48	@ 0x30
10004c6a:	3030      	adds	r0, #48	@ 0x30
10004c6c:	19ad      	adds	r5, r5, r6
10004c6e:	7220      	strb	r0, [r4, #8]
10004c70:	72a5      	strb	r5, [r4, #10]
10004c72:	f7fc ff03 	bl	10001a7c <SelFont8x16>
10004c76:	2300      	movs	r3, #0
10004c78:	2138      	movs	r1, #56	@ 0x38
10004c7a:	9a03      	ldr	r2, [sp, #12]
10004c7c:	0020      	movs	r0, r4
10004c7e:	9300      	str	r3, [sp, #0]
10004c80:	4b0c      	ldr	r3, [pc, #48]	@ (10004cb4 <_Z11DispBatteryi+0x88>)
10004c82:	f7fd fa5b 	bl	1000213c <DrawTextBg2>
10004c86:	f7fb fbf1 	bl	1000046c <GetBatInt>
10004c8a:	4a0b      	ldr	r2, [pc, #44]	@ (10004cb8 <_Z11DispBatteryi+0x8c>)
10004c8c:	88d3      	ldrh	r3, [r2, #6]
10004c8e:	8891      	ldrh	r1, [r2, #4]
10004c90:	1ac0      	subs	r0, r0, r3
10004c92:	1ac9      	subs	r1, r1, r3
10004c94:	43c3      	mvns	r3, r0
10004c96:	9a03      	ldr	r2, [sp, #12]
10004c98:	17db      	asrs	r3, r3, #31
10004c9a:	3222      	adds	r2, #34	@ 0x22
10004c9c:	4018      	ands	r0, r3
10004c9e:	4288      	cmp	r0, r1
10004ca0:	dd00      	ble.n	10004ca4 <_Z11DispBatteryi+0x78>
10004ca2:	0008      	movs	r0, r1
10004ca4:	23fc      	movs	r3, #252	@ 0xfc
10004ca6:	00db      	lsls	r3, r3, #3
10004ca8:	f7ff fe9c 	bl	100049e4 <_Z8Progressiiit>
10004cac:	b005      	add	sp, #20
10004cae:	bdf0      	pop	{r4, r5, r6, r7, pc}
10004cb0:	2000028e 	.word	0x2000028e
10004cb4:	0000ffe0 	.word	0x0000ffe0
10004cb8:	20000634 	.word	0x20000634

10004cbc <_Z7Batteryv>:
10004cbc:	b5f7      	push	{r0, r1, r2, r4, r5, r6, r7, lr}
10004cbe:	f7fc ffa7 	bl	10001c10 <DrawClear>
10004cc2:	2500      	movs	r5, #0
10004cc4:	f7fb fcca 	bl	1000065c <KeyFlush>
10004cc8:	26b3      	movs	r6, #179	@ 0xb3
10004cca:	f7fc fed7 	bl	10001a7c <SelFont8x16>
10004cce:	2313      	movs	r3, #19
10004cd0:	781b      	ldrb	r3, [r3, #0]
10004cd2:	4850      	ldr	r0, [pc, #320]	@ (10004e14 <_Z7Batteryv+0x158>)
10004cd4:	332f      	adds	r3, #47	@ 0x2f
10004cd6:	2200      	movs	r2, #0
10004cd8:	217c      	movs	r1, #124	@ 0x7c
10004cda:	7203      	strb	r3, [r0, #8]
10004cdc:	4b4e      	ldr	r3, [pc, #312]	@ (10004e18 <_Z7Batteryv+0x15c>)
10004cde:	f7fd f9e3 	bl	100020a8 <DrawText>
10004ce2:	2017      	movs	r0, #23
10004ce4:	f7ff ffa2 	bl	10004c2c <_Z11DispBatteryi>
10004ce8:	484c      	ldr	r0, [pc, #304]	@ (10004e1c <_Z7Batteryv+0x160>)
10004cea:	4b4b      	ldr	r3, [pc, #300]	@ (10004e18 <_Z7Batteryv+0x15c>)
10004cec:	224d      	movs	r2, #77	@ 0x4d
10004cee:	211c      	movs	r1, #28
10004cf0:	f7fd f9da 	bl	100020a8 <DrawText>
10004cf4:	4c4a      	ldr	r4, [pc, #296]	@ (10004e20 <_Z7Batteryv+0x164>)
10004cf6:	484b      	ldr	r0, [pc, #300]	@ (10004e24 <_Z7Batteryv+0x168>)
10004cf8:	7e23      	ldrb	r3, [r4, #24]
10004cfa:	2b00      	cmp	r3, #0
10004cfc:	d000      	beq.n	10004d00 <_Z7Batteryv+0x44>
10004cfe:	484a      	ldr	r0, [pc, #296]	@ (10004e28 <_Z7Batteryv+0x16c>)
10004d00:	2300      	movs	r3, #0
10004d02:	2186      	movs	r1, #134	@ 0x86
10004d04:	224d      	movs	r2, #77	@ 0x4d
10004d06:	9300      	str	r3, [sp, #0]
10004d08:	0049      	lsls	r1, r1, #1
10004d0a:	4b43      	ldr	r3, [pc, #268]	@ (10004e18 <_Z7Batteryv+0x15c>)
10004d0c:	f7fd f9fa 	bl	10002104 <DrawTextBg>
10004d10:	2266      	movs	r2, #102	@ 0x66
10004d12:	2120      	movs	r1, #32
10004d14:	4845      	ldr	r0, [pc, #276]	@ (10004e2c <_Z7Batteryv+0x170>)
10004d16:	4b40      	ldr	r3, [pc, #256]	@ (10004e18 <_Z7Batteryv+0x15c>)
10004d18:	f7fd f9c6 	bl	100020a8 <DrawText>
10004d1c:	78a7      	ldrb	r7, [r4, #2]
10004d1e:	210a      	movs	r1, #10
10004d20:	0038      	movs	r0, r7
10004d22:	f7fb fb17 	bl	10000354 <DivU32>
10004d26:	b2c0      	uxtb	r0, r0
10004d28:	2f6d      	cmp	r7, #109	@ 0x6d
10004d2a:	d93f      	bls.n	10004dac <_Z7Batteryv+0xf0>
10004d2c:	42be      	cmp	r6, r7
10004d2e:	419b      	sbcs	r3, r3
10004d30:	4a3f      	ldr	r2, [pc, #252]	@ (10004e30 <_Z7Batteryv+0x174>)
10004d32:	4013      	ands	r3, r2
10004d34:	4a3f      	ldr	r2, [pc, #252]	@ (10004e34 <_Z7Batteryv+0x178>)
10004d36:	189b      	adds	r3, r3, r2
10004d38:	2276      	movs	r2, #118	@ 0x76
10004d3a:	2119      	movs	r1, #25
10004d3c:	f7ff fe52 	bl	100049e4 <_Z8Progressiiit>
10004d40:	228a      	movs	r2, #138	@ 0x8a
10004d42:	211a      	movs	r1, #26
10004d44:	483c      	ldr	r0, [pc, #240]	@ (10004e38 <_Z7Batteryv+0x17c>)
10004d46:	4b34      	ldr	r3, [pc, #208]	@ (10004e18 <_Z7Batteryv+0x15c>)
10004d48:	f7fd f9ae 	bl	100020a8 <DrawText>
10004d4c:	22a3      	movs	r2, #163	@ 0xa3
10004d4e:	2120      	movs	r1, #32
10004d50:	483a      	ldr	r0, [pc, #232]	@ (10004e3c <_Z7Batteryv+0x180>)
10004d52:	4b31      	ldr	r3, [pc, #196]	@ (10004e18 <_Z7Batteryv+0x15c>)
10004d54:	f7fd f9a8 	bl	100020a8 <DrawText>
10004d58:	4b39      	ldr	r3, [pc, #228]	@ (10004e40 <_Z7Batteryv+0x184>)
10004d5a:	78e0      	ldrb	r0, [r4, #3]
10004d5c:	681b      	ldr	r3, [r3, #0]
10004d5e:	4798      	blx	r3
10004d60:	2320      	movs	r3, #32
10004d62:	1a18      	subs	r0, r3, r0
10004d64:	23fc      	movs	r3, #252	@ 0xfc
10004d66:	0032      	movs	r2, r6
10004d68:	2108      	movs	r1, #8
10004d6a:	b2c0      	uxtb	r0, r0
10004d6c:	00db      	lsls	r3, r3, #3
10004d6e:	f7ff fe39 	bl	100049e4 <_Z8Progressiiit>
10004d72:	22c7      	movs	r2, #199	@ 0xc7
10004d74:	211a      	movs	r1, #26
10004d76:	4833      	ldr	r0, [pc, #204]	@ (10004e44 <_Z7Batteryv+0x188>)
10004d78:	4b27      	ldr	r3, [pc, #156]	@ (10004e18 <_Z7Batteryv+0x15c>)
10004d7a:	f7fd f995 	bl	100020a8 <DrawText>
10004d7e:	4b26      	ldr	r3, [pc, #152]	@ (10004e18 <_Z7Batteryv+0x15c>)
10004d80:	22e0      	movs	r2, #224	@ 0xe0
10004d82:	2138      	movs	r1, #56	@ 0x38
10004d84:	4830      	ldr	r0, [pc, #192]	@ (10004e48 <_Z7Batteryv+0x18c>)
10004d86:	f7fd f98f 	bl	100020a8 <DrawText>
10004d8a:	f7fe fe79 	bl	10003a80 <DispUpdate>
10004d8e:	2064      	movs	r0, #100	@ 0x64
10004d90:	f7fc fb90 	bl	100014b4 <WaitMs>
10004d94:	f7fb fc5a 	bl	1000064c <KeyGet>
10004d98:	0003      	movs	r3, r0
10004d9a:	3801      	subs	r0, #1
10004d9c:	2807      	cmp	r0, #7
10004d9e:	d829      	bhi.n	10004df4 <_Z7Batteryv+0x138>
10004da0:	f000 fc72 	bl	10005688 <____gnu_thumb1_case_uqi_veneer>
10004da4:	1c251f19 	.word	0x1c251f19
10004da8:	10072828 	.word	0x10072828
10004dac:	23fc      	movs	r3, #252	@ 0xfc
10004dae:	00db      	lsls	r3, r3, #3
10004db0:	e7c2      	b.n	10004d38 <_Z7Batteryv+0x7c>
10004db2:	7e23      	ldrb	r3, [r4, #24]
10004db4:	425a      	negs	r2, r3
10004db6:	4153      	adcs	r3, r2
10004db8:	425b      	negs	r3, r3
10004dba:	7623      	strb	r3, [r4, #24]
10004dbc:	f7fb fc4e 	bl	1000065c <KeyFlush>
10004dc0:	2501      	movs	r5, #1
10004dc2:	e784      	b.n	10004cce <_Z7Batteryv+0x12>
10004dc4:	2d00      	cmp	r5, #0
10004dc6:	d001      	beq.n	10004dcc <_Z7Batteryv+0x110>
10004dc8:	f7fc fd9c 	bl	10001904 <ConfigSave>
10004dcc:	2100      	movs	r1, #0
10004dce:	4b1f      	ldr	r3, [pc, #124]	@ (10004e4c <_Z7Batteryv+0x190>)
10004dd0:	0008      	movs	r0, r1
10004dd2:	681b      	ldr	r3, [r3, #0]
10004dd4:	4798      	blx	r3
10004dd6:	f7fc fcbb 	bl	10001750 <ConfigIncVolume>
10004dda:	e7ef      	b.n	10004dbc <_Z7Batteryv+0x100>
10004ddc:	f7fc fcc6 	bl	1000176c <ConfigDecVolume>
10004de0:	e7ec      	b.n	10004dbc <_Z7Batteryv+0x100>
10004de2:	78e3      	ldrb	r3, [r4, #3]
10004de4:	2b01      	cmp	r3, #1
10004de6:	d9e9      	bls.n	10004dbc <_Z7Batteryv+0x100>
10004de8:	f7fc fcf2 	bl	100017d0 <ConfigDecBacklight>
10004dec:	e7e6      	b.n	10004dbc <_Z7Batteryv+0x100>
10004dee:	f7fc fcdd 	bl	100017ac <ConfigIncBacklight>
10004df2:	e7e3      	b.n	10004dbc <_Z7Batteryv+0x100>
10004df4:	2b06      	cmp	r3, #6
10004df6:	d000      	beq.n	10004dfa <_Z7Batteryv+0x13e>
10004df8:	e769      	b.n	10004cce <_Z7Batteryv+0x12>
10004dfa:	2d00      	cmp	r5, #0
10004dfc:	d001      	beq.n	10004e02 <_Z7Batteryv+0x146>
10004dfe:	f7fc fd81 	bl	10001904 <ConfigSave>
10004e02:	f7ff fc0b 	bl	1000461c <_Z10PreviewClrv>
10004e06:	f7ff f85d 	bl	10003ec4 <_Z13FrameFileListv>
10004e0a:	f7ff f945 	bl	10004098 <_Z12DispFileListv>
10004e0e:	f7fe fe37 	bl	10003a80 <DispUpdate>
10004e12:	bdf7      	pop	{r0, r1, r2, r4, r5, r6, r7, pc}
10004e14:	20000284 	.word	0x20000284
10004e18:	0000ffff 	.word	0x0000ffff
10004e1c:	10006f31 	.word	0x10006f31
10004e20:	20000634 	.word	0x20000634
10004e24:	10006f2d 	.word	0x10006f2d
10004e28:	10006f29 	.word	0x10006f29
10004e2c:	10006f4f 	.word	0x10006f4f
10004e30:	fffff820 	.word	0xfffff820
10004e34:	0000ffe0 	.word	0x0000ffe0
10004e38:	10006f5f 	.word	0x10006f5f
10004e3c:	10006f82 	.word	0x10006f82
10004e40:	200365c0 	.word	0x200365c0
10004e44:	10006f98 	.word	0x10006f98
10004e48:	10006fba 	.word	0x10006fba
10004e4c:	20036550 	.word	0x20036550

10004e50 <_Z6RunRAMi>:
10004e50:	b510      	push	{r4, lr}
10004e52:	0004      	movs	r4, r0
10004e54:	f7fb fc20 	bl	10000698 <KeyWaitNoPressed>
10004e58:	f7fc f9f2 	bl	10001240 <RuntimeTerm>
10004e5c:	2280      	movs	r2, #128	@ 0x80
10004e5e:	0020      	movs	r0, r4
10004e60:	0592      	lsls	r2, r2, #22
10004e62:	4b06      	ldr	r3, [pc, #24]	@ (10004e7c <_Z6RunRAMi+0x2c>)
10004e64:	18a1      	adds	r1, r4, r2
10004e66:	1a0a      	subs	r2, r1, r0
10004e68:	2800      	cmp	r0, #0
10004e6a:	dc01      	bgt.n	10004e70 <_Z6RunRAMi+0x20>
10004e6c:	f7fb fa41 	bl	100002f2 <GoToAppRam>
10004e70:	781c      	ldrb	r4, [r3, #0]
10004e72:	3801      	subs	r0, #1
10004e74:	7014      	strb	r4, [r2, #0]
10004e76:	3301      	adds	r3, #1
10004e78:	e7f5      	b.n	10004e66 <_Z6RunRAMi+0x16>
10004e7a:	46c0      	nop			@ (mov r8, r8)
10004e7c:	20000978 	.word	0x20000978

10004e80 <_Z15BootScreenSaverv>:
10004e80:	200a      	movs	r0, #10
10004e82:	b570      	push	{r4, r5, r6, lr}
10004e84:	f7fc fb16 	bl	100014b4 <WaitMs>
10004e88:	f7fb faf0 	bl	1000046c <GetBatInt>
10004e8c:	4b1e      	ldr	r3, [pc, #120]	@ (10004f08 <_Z15BootScreenSaverv+0x88>)
10004e8e:	4298      	cmp	r0, r3
10004e90:	dd39      	ble.n	10004f06 <_Z15BootScreenSaverv+0x86>
10004e92:	f7fb fbe3 	bl	1000065c <KeyFlush>
10004e96:	2635      	movs	r6, #53	@ 0x35
10004e98:	0034      	movs	r4, r6
10004e9a:	f7fc feb9 	bl	10001c10 <DrawClear>
10004e9e:	f7fc fded 	bl	10001a7c <SelFont8x16>
10004ea2:	2232      	movs	r2, #50	@ 0x32
10004ea4:	2120      	movs	r1, #32
10004ea6:	4819      	ldr	r0, [pc, #100]	@ (10004f0c <_Z15BootScreenSaverv+0x8c>)
10004ea8:	4b19      	ldr	r3, [pc, #100]	@ (10004f10 <_Z15BootScreenSaverv+0x90>)
10004eaa:	f7fd f913 	bl	100020d4 <DrawText2>
10004eae:	2188      	movs	r1, #136	@ 0x88
10004eb0:	2232      	movs	r2, #50	@ 0x32
10004eb2:	0020      	movs	r0, r4
10004eb4:	4b16      	ldr	r3, [pc, #88]	@ (10004f10 <_Z15BootScreenSaverv+0x90>)
10004eb6:	0049      	lsls	r1, r1, #1
10004eb8:	f7fc ff3a 	bl	10001d30 <DrawChar2>
10004ebc:	22be      	movs	r2, #190	@ 0xbe
10004ebe:	213c      	movs	r1, #60	@ 0x3c
10004ec0:	4814      	ldr	r0, [pc, #80]	@ (10004f14 <_Z15BootScreenSaverv+0x94>)
10004ec2:	4b15      	ldr	r3, [pc, #84]	@ (10004f18 <_Z15BootScreenSaverv+0x98>)
10004ec4:	f7fd f8f0 	bl	100020a8 <DrawText>
10004ec8:	2564      	movs	r5, #100	@ 0x64
10004eca:	f7fe fdd9 	bl	10003a80 <DispUpdate>
10004ece:	f7fb fbbd 	bl	1000064c <KeyGet>
10004ed2:	2800      	cmp	r0, #0
10004ed4:	d117      	bne.n	10004f06 <_Z15BootScreenSaverv+0x86>
10004ed6:	300a      	adds	r0, #10
10004ed8:	3d01      	subs	r5, #1
10004eda:	f7fc faeb 	bl	100014b4 <WaitMs>
10004ede:	2d00      	cmp	r5, #0
10004ee0:	d1f5      	bne.n	10004ece <_Z15BootScreenSaverv+0x4e>
10004ee2:	3c01      	subs	r4, #1
10004ee4:	b2e4      	uxtb	r4, r4
10004ee6:	2c30      	cmp	r4, #48	@ 0x30
10004ee8:	d1d7      	bne.n	10004e9a <_Z15BootScreenSaverv+0x1a>
10004eea:	f7fc fe91 	bl	10001c10 <DrawClear>
10004eee:	f7fe fdc7 	bl	10003a80 <DispUpdate>
10004ef2:	0028      	movs	r0, r5
10004ef4:	f7fe fe14 	bl	10003b20 <DispBacklight>
10004ef8:	f7fb fba8 	bl	1000064c <KeyGet>
10004efc:	2800      	cmp	r0, #0
10004efe:	d0fb      	beq.n	10004ef8 <_Z15BootScreenSaverv+0x78>
10004f00:	f7fe fe1a 	bl	10003b38 <DispBacklightUpdate>
10004f04:	e7c8      	b.n	10004e98 <_Z15BootScreenSaverv+0x18>
10004f06:	bd70      	pop	{r4, r5, r6, pc}
10004f08:	000011f8 	.word	0x000011f8
10004f0c:	10006fd5 	.word	0x10006fd5
10004f10:	0000ffe0 	.word	0x0000ffe0
10004f14:	10006fe5 	.word	0x10006fe5
10004f18:	0000ffff 	.word	0x0000ffff

10004f1c <main>:
10004f1c:	2200      	movs	r2, #0
10004f1e:	b5f0      	push	{r4, r5, r6, r7, lr}
10004f20:	4bc4      	ldr	r3, [pc, #784]	@ (10005234 <main+0x318>)
10004f22:	4ec5      	ldr	r6, [pc, #788]	@ (10005238 <main+0x31c>)
10004f24:	681f      	ldr	r7, [r3, #0]
10004f26:	b087      	sub	sp, #28
10004f28:	601a      	str	r2, [r3, #0]
10004f2a:	42b7      	cmp	r7, r6
10004f2c:	d005      	beq.n	10004f3a <main+0x1e>
10004f2e:	4bc3      	ldr	r3, [pc, #780]	@ (1000523c <main+0x320>)
10004f30:	7e1b      	ldrb	r3, [r3, #24]
10004f32:	4293      	cmp	r3, r2
10004f34:	d001      	beq.n	10004f3a <main+0x1e>
10004f36:	f7ff ffa3 	bl	10004e80 <_Z15BootScreenSaverv>
10004f3a:	2400      	movs	r4, #0
10004f3c:	4bc0      	ldr	r3, [pc, #768]	@ (10005240 <main+0x324>)
10004f3e:	2100      	movs	r1, #0
10004f40:	4ac0      	ldr	r2, [pc, #768]	@ (10005244 <main+0x328>)
10004f42:	0018      	movs	r0, r3
10004f44:	9305      	str	r3, [sp, #20]
10004f46:	f7fb fa7e 	bl	10000446 <__wrap_memset>
10004f4a:	f7fe fd0f 	bl	1000396c <DispDirtyAll>
10004f4e:	4bbe      	ldr	r3, [pc, #760]	@ (10005248 <main+0x32c>)
10004f50:	48be      	ldr	r0, [pc, #760]	@ (1000524c <main+0x330>)
10004f52:	601c      	str	r4, [r3, #0]
10004f54:	f7fd fade 	bl	10002514 <FileInit>
10004f58:	f7ff faac 	bl	100044b4 <_Z9ResetRootv>
10004f5c:	f7fe ffb2 	bl	10003ec4 <_Z13FrameFileListv>
10004f60:	48bb      	ldr	r0, [pc, #748]	@ (10005250 <main+0x334>)
10004f62:	f7ff fb03 	bl	1000456c <_Z8DispInfoPKc>
10004f66:	4bbb      	ldr	r3, [pc, #748]	@ (10005254 <main+0x338>)
10004f68:	49bb      	ldr	r1, [pc, #748]	@ (10005258 <main+0x33c>)
10004f6a:	6a9b      	ldr	r3, [r3, #40]	@ 0x28
10004f6c:	4abb      	ldr	r2, [pc, #748]	@ (1000525c <main+0x340>)
10004f6e:	185b      	adds	r3, r3, r1
10004f70:	6013      	str	r3, [r2, #0]
10004f72:	2301      	movs	r3, #1
10004f74:	4dba      	ldr	r5, [pc, #744]	@ (10005260 <main+0x344>)
10004f76:	702b      	strb	r3, [r5, #0]
10004f78:	f7fd ff9a 	bl	10002eb0 <DiskMount>
10004f7c:	42a0      	cmp	r0, r4
10004f7e:	d109      	bne.n	10004f94 <main+0x78>
10004f80:	42b7      	cmp	r7, r6
10004f82:	d015      	beq.n	10004fb0 <main+0x94>
10004f84:	0002      	movs	r2, r0
10004f86:	0001      	movs	r1, r0
10004f88:	f7fd face 	bl	10002528 <CheckApp>
10004f8c:	42a0      	cmp	r0, r4
10004f8e:	d00f      	beq.n	10004fb0 <main+0x94>
10004f90:	f7ff fd20 	bl	100049d4 <_Z6RunAppv>
10004f94:	4bb3      	ldr	r3, [pc, #716]	@ (10005264 <main+0x348>)
10004f96:	601c      	str	r4, [r3, #0]
10004f98:	f7fe ff46 	bl	10003e28 <_Z12LoadBootDatav>
10004f9c:	48b2      	ldr	r0, [pc, #712]	@ (10005268 <main+0x34c>)
10004f9e:	f7ff fae5 	bl	1000456c <_Z8DispInfoPKc>
10004fa2:	702c      	strb	r4, [r5, #0]
10004fa4:	f7ff f906 	bl	100041b4 <_Z12LoadFileListv>
10004fa8:	f7ff fa94 	bl	100044d4 <_Z11SetLastNamev>
10004fac:	f7ff f874 	bl	10004098 <_Z12DispFileListv>
10004fb0:	f7fe fd66 	bl	10003a80 <DispUpdate>
10004fb4:	4ba7      	ldr	r3, [pc, #668]	@ (10005254 <main+0x338>)
10004fb6:	4aa9      	ldr	r2, [pc, #676]	@ (1000525c <main+0x340>)
10004fb8:	6a99      	ldr	r1, [r3, #40]	@ 0x28
10004fba:	48ac      	ldr	r0, [pc, #688]	@ (1000526c <main+0x350>)
10004fbc:	6813      	ldr	r3, [r2, #0]
10004fbe:	1acb      	subs	r3, r1, r3
10004fc0:	4283      	cmp	r3, r0
10004fc2:	dd0f      	ble.n	10004fe4 <main+0xc8>
10004fc4:	6011      	str	r1, [r2, #0]
10004fc6:	f7fd ff73 	bl	10002eb0 <DiskMount>
10004fca:	4ca5      	ldr	r4, [pc, #660]	@ (10005260 <main+0x344>)
10004fcc:	7823      	ldrb	r3, [r4, #0]
10004fce:	2800      	cmp	r0, #0
10004fd0:	d11a      	bne.n	10005008 <main+0xec>
10004fd2:	2b00      	cmp	r3, #0
10004fd4:	d106      	bne.n	10004fe4 <main+0xc8>
10004fd6:	f7ff fb21 	bl	1000461c <_Z10PreviewClrv>
10004fda:	f7ff fa6b 	bl	100044b4 <_Z9ResetRootv>
10004fde:	489c      	ldr	r0, [pc, #624]	@ (10005250 <main+0x334>)
10004fe0:	f7ff fac4 	bl	1000456c <_Z8DispInfoPKc>
10004fe4:	f7fb fb32 	bl	1000064c <KeyGet>
10004fe8:	2800      	cmp	r0, #0
10004fea:	d100      	bne.n	10004fee <main+0xd2>
10004fec:	e26c      	b.n	100054c8 <main+0x5ac>
10004fee:	3801      	subs	r0, #1
10004ff0:	2807      	cmp	r0, #7
10004ff2:	d8f7      	bhi.n	10004fe4 <main+0xc8>
10004ff4:	f000 fb28 	bl	10005648 <____gnu_thumb1_case_uhi_veneer>
10004ff8:	00520047 	.word	0x00520047
10004ffc:	0018002b 	.word	0x0018002b
10005000:	025c0265 	.word	0x025c0265
10005004:	02390067 	.word	0x02390067
10005008:	2b00      	cmp	r3, #0
1000500a:	d0eb      	beq.n	10004fe4 <main+0xc8>
1000500c:	f7ff fb06 	bl	1000461c <_Z10PreviewClrv>
10005010:	4895      	ldr	r0, [pc, #596]	@ (10005268 <main+0x34c>)
10005012:	f7ff faab 	bl	1000456c <_Z8DispInfoPKc>
10005016:	2300      	movs	r3, #0
10005018:	7023      	strb	r3, [r4, #0]
1000501a:	f7ff f8cb 	bl	100041b4 <_Z12LoadFileListv>
1000501e:	f7ff fa59 	bl	100044d4 <_Z11SetLastNamev>
10005022:	f7ff f839 	bl	10004098 <_Z12DispFileListv>
10005026:	e7dd      	b.n	10004fe4 <main+0xc8>
10005028:	4a91      	ldr	r2, [pc, #580]	@ (10005270 <main+0x354>)
1000502a:	4992      	ldr	r1, [pc, #584]	@ (10005274 <main+0x358>)
1000502c:	6812      	ldr	r2, [r2, #0]
1000502e:	680b      	ldr	r3, [r1, #0]
10005030:	3a01      	subs	r2, #1
10005032:	429a      	cmp	r2, r3
10005034:	ddd6      	ble.n	10004fe4 <main+0xc8>
10005036:	1c5a      	adds	r2, r3, #1
10005038:	3b0b      	subs	r3, #11
1000503a:	600a      	str	r2, [r1, #0]
1000503c:	43da      	mvns	r2, r3
1000503e:	17d2      	asrs	r2, r2, #31
10005040:	4013      	ands	r3, r2
10005042:	4a88      	ldr	r2, [pc, #544]	@ (10005264 <main+0x348>)
10005044:	6811      	ldr	r1, [r2, #0]
10005046:	4299      	cmp	r1, r3
10005048:	daeb      	bge.n	10005022 <main+0x106>
1000504a:	6013      	str	r3, [r2, #0]
1000504c:	e7e9      	b.n	10005022 <main+0x106>
1000504e:	4b88      	ldr	r3, [pc, #544]	@ (10005270 <main+0x354>)
10005050:	4888      	ldr	r0, [pc, #544]	@ (10005274 <main+0x358>)
10005052:	681b      	ldr	r3, [r3, #0]
10005054:	6801      	ldr	r1, [r0, #0]
10005056:	1e5d      	subs	r5, r3, #1
10005058:	428d      	cmp	r5, r1
1000505a:	ddc3      	ble.n	10004fe4 <main+0xc8>
1000505c:	3b0d      	subs	r3, #13
1000505e:	43da      	mvns	r2, r3
10005060:	4c80      	ldr	r4, [pc, #512]	@ (10005264 <main+0x348>)
10005062:	17d2      	asrs	r2, r2, #31
10005064:	4013      	ands	r3, r2
10005066:	6822      	ldr	r2, [r4, #0]
10005068:	429a      	cmp	r2, r3
1000506a:	da0a      	bge.n	10005082 <main+0x166>
1000506c:	320c      	adds	r2, #12
1000506e:	250c      	movs	r5, #12
10005070:	429a      	cmp	r2, r3
10005072:	dd02      	ble.n	1000507a <main+0x15e>
10005074:	1ad2      	subs	r2, r2, r3
10005076:	1aad      	subs	r5, r5, r2
10005078:	001a      	movs	r2, r3
1000507a:	1949      	adds	r1, r1, r5
1000507c:	6022      	str	r2, [r4, #0]
1000507e:	6001      	str	r1, [r0, #0]
10005080:	e7cf      	b.n	10005022 <main+0x106>
10005082:	6005      	str	r5, [r0, #0]
10005084:	e7cd      	b.n	10005022 <main+0x106>
10005086:	4a7b      	ldr	r2, [pc, #492]	@ (10005274 <main+0x358>)
10005088:	6813      	ldr	r3, [r2, #0]
1000508a:	2b00      	cmp	r3, #0
1000508c:	ddaa      	ble.n	10004fe4 <main+0xc8>
1000508e:	3b01      	subs	r3, #1
10005090:	6013      	str	r3, [r2, #0]
10005092:	4a74      	ldr	r2, [pc, #464]	@ (10005264 <main+0x348>)
10005094:	6811      	ldr	r1, [r2, #0]
10005096:	428b      	cmp	r3, r1
10005098:	dac3      	bge.n	10005022 <main+0x106>
1000509a:	e7d6      	b.n	1000504a <main+0x12e>
1000509c:	4975      	ldr	r1, [pc, #468]	@ (10005274 <main+0x358>)
1000509e:	680a      	ldr	r2, [r1, #0]
100050a0:	2a00      	cmp	r2, #0
100050a2:	dd9f      	ble.n	10004fe4 <main+0xc8>
100050a4:	486f      	ldr	r0, [pc, #444]	@ (10005264 <main+0x348>)
100050a6:	6803      	ldr	r3, [r0, #0]
100050a8:	2b00      	cmp	r3, #0
100050aa:	dd09      	ble.n	100050c0 <main+0x1a4>
100050ac:	001c      	movs	r4, r3
100050ae:	3c0c      	subs	r4, #12
100050b0:	d404      	bmi.n	100050bc <main+0x1a0>
100050b2:	230c      	movs	r3, #12
100050b4:	1ad2      	subs	r2, r2, r3
100050b6:	6004      	str	r4, [r0, #0]
100050b8:	600a      	str	r2, [r1, #0]
100050ba:	e7b2      	b.n	10005022 <main+0x106>
100050bc:	2400      	movs	r4, #0
100050be:	e7f9      	b.n	100050b4 <main+0x198>
100050c0:	2300      	movs	r3, #0
100050c2:	600b      	str	r3, [r1, #0]
100050c4:	e7ad      	b.n	10005022 <main+0x106>
100050c6:	4b6b      	ldr	r3, [pc, #428]	@ (10005274 <main+0x358>)
100050c8:	4a69      	ldr	r2, [pc, #420]	@ (10005270 <main+0x354>)
100050ca:	681b      	ldr	r3, [r3, #0]
100050cc:	6812      	ldr	r2, [r2, #0]
100050ce:	4293      	cmp	r3, r2
100050d0:	d288      	bcs.n	10004fe4 <main+0xc8>
100050d2:	260a      	movs	r6, #10
100050d4:	4a68      	ldr	r2, [pc, #416]	@ (10005278 <main+0x35c>)
100050d6:	435e      	muls	r6, r3
100050d8:	9204      	str	r2, [sp, #16]
100050da:	9904      	ldr	r1, [sp, #16]
100050dc:	5cb2      	ldrb	r2, [r6, r2]
100050de:	198c      	adds	r4, r1, r6
100050e0:	4966      	ldr	r1, [pc, #408]	@ (1000527c <main+0x360>)
100050e2:	9103      	str	r1, [sp, #12]
100050e4:	2110      	movs	r1, #16
100050e6:	420a      	tst	r2, r1
100050e8:	d04c      	beq.n	10005184 <main+0x268>
100050ea:	4e65      	ldr	r6, [pc, #404]	@ (10005280 <main+0x364>)
100050ec:	7867      	ldrb	r7, [r4, #1]
100050ee:	6835      	ldr	r5, [r6, #0]
100050f0:	2f02      	cmp	r7, #2
100050f2:	d130      	bne.n	10005156 <main+0x23a>
100050f4:	78a2      	ldrb	r2, [r4, #2]
100050f6:	2a2e      	cmp	r2, #46	@ 0x2e
100050f8:	d12d      	bne.n	10005156 <main+0x23a>
100050fa:	78e2      	ldrb	r2, [r4, #3]
100050fc:	2a2e      	cmp	r2, #46	@ 0x2e
100050fe:	d12a      	bne.n	10005156 <main+0x23a>
10005100:	002c      	movs	r4, r5
10005102:	2300      	movs	r3, #0
10005104:	390f      	subs	r1, #15
10005106:	9a03      	ldr	r2, [sp, #12]
10005108:	0027      	movs	r7, r4
1000510a:	3c01      	subs	r4, #1
1000510c:	5d12      	ldrb	r2, [r2, r4]
1000510e:	2a2f      	cmp	r2, #47	@ 0x2f
10005110:	d11f      	bne.n	10005152 <main+0x236>
10005112:	2b00      	cmp	r3, #0
10005114:	d000      	beq.n	10005118 <main+0x1fc>
10005116:	6037      	str	r7, [r6, #0]
10005118:	4b4b      	ldr	r3, [pc, #300]	@ (10005248 <main+0x32c>)
1000511a:	1bea      	subs	r2, r5, r7
1000511c:	601a      	str	r2, [r3, #0]
1000511e:	9b03      	ldr	r3, [sp, #12]
10005120:	4858      	ldr	r0, [pc, #352]	@ (10005284 <main+0x368>)
10005122:	19d9      	adds	r1, r3, r7
10005124:	f7fb f994 	bl	10000450 <__wrap___aeabi_memcpy>
10005128:	2210      	movs	r2, #16
1000512a:	4b57      	ldr	r3, [pc, #348]	@ (10005288 <main+0x36c>)
1000512c:	701a      	strb	r2, [r3, #0]
1000512e:	2f01      	cmp	r7, #1
10005130:	dd00      	ble.n	10005134 <main+0x218>
10005132:	6034      	str	r4, [r6, #0]
10005134:	2300      	movs	r3, #0
10005136:	6832      	ldr	r2, [r6, #0]
10005138:	9903      	ldr	r1, [sp, #12]
1000513a:	548b      	strb	r3, [r1, r2]
1000513c:	4a49      	ldr	r2, [pc, #292]	@ (10005264 <main+0x348>)
1000513e:	6013      	str	r3, [r2, #0]
10005140:	f7ff f99a 	bl	10004478 <_Z6Reloadv>
10005144:	4b43      	ldr	r3, [pc, #268]	@ (10005254 <main+0x338>)
10005146:	4944      	ldr	r1, [pc, #272]	@ (10005258 <main+0x33c>)
10005148:	6a9b      	ldr	r3, [r3, #40]	@ 0x28
1000514a:	4a44      	ldr	r2, [pc, #272]	@ (1000525c <main+0x340>)
1000514c:	185b      	adds	r3, r3, r1
1000514e:	6013      	str	r3, [r2, #0]
10005150:	e748      	b.n	10004fe4 <main+0xc8>
10005152:	000b      	movs	r3, r1
10005154:	e7d7      	b.n	10005106 <main+0x1ea>
10005156:	1c6a      	adds	r2, r5, #1
10005158:	19d1      	adds	r1, r2, r7
1000515a:	29f0      	cmp	r1, #240	@ 0xf0
1000515c:	dcea      	bgt.n	10005134 <main+0x218>
1000515e:	2d01      	cmp	r5, #1
10005160:	d003      	beq.n	1000516a <main+0x24e>
10005162:	212f      	movs	r1, #47	@ 0x2f
10005164:	9803      	ldr	r0, [sp, #12]
10005166:	5541      	strb	r1, [r0, r5]
10005168:	0015      	movs	r5, r2
1000516a:	210a      	movs	r1, #10
1000516c:	4359      	muls	r1, r3
1000516e:	9a03      	ldr	r2, [sp, #12]
10005170:	9b04      	ldr	r3, [sp, #16]
10005172:	3102      	adds	r1, #2
10005174:	1950      	adds	r0, r2, r5
10005176:	1859      	adds	r1, r3, r1
10005178:	003a      	movs	r2, r7
1000517a:	197f      	adds	r7, r7, r5
1000517c:	f7fb f968 	bl	10000450 <__wrap___aeabi_memcpy>
10005180:	6037      	str	r7, [r6, #0]
10005182:	e7d7      	b.n	10005134 <main+0x218>
10005184:	4d31      	ldr	r5, [pc, #196]	@ (1000524c <main+0x330>)
10005186:	3602      	adds	r6, #2
10005188:	0028      	movs	r0, r5
1000518a:	f7fe f89f 	bl	100032cc <FileClose>
1000518e:	7867      	ldrb	r7, [r4, #1]
10005190:	9b04      	ldr	r3, [sp, #16]
10005192:	4c3e      	ldr	r4, [pc, #248]	@ (1000528c <main+0x370>)
10005194:	18f1      	adds	r1, r6, r3
10005196:	003a      	movs	r2, r7
10005198:	0020      	movs	r0, r4
1000519a:	f7fb f959 	bl	10000450 <__wrap___aeabi_memcpy>
1000519e:	493c      	ldr	r1, [pc, #240]	@ (10005290 <main+0x374>)
100051a0:	2205      	movs	r2, #5
100051a2:	1938      	adds	r0, r7, r4
100051a4:	f7fb f954 	bl	10000450 <__wrap___aeabi_memcpy>
100051a8:	4f3a      	ldr	r7, [pc, #232]	@ (10005294 <main+0x378>)
100051aa:	0038      	movs	r0, r7
100051ac:	f7ff fc4a 	bl	10004a44 <_Z11DispBigInfoPKc>
100051b0:	9803      	ldr	r0, [sp, #12]
100051b2:	f7fe f9ef 	bl	10003594 <SetDir>
100051b6:	0021      	movs	r1, r4
100051b8:	0028      	movs	r0, r5
100051ba:	f7fe f9b9 	bl	10003530 <FileOpen>
100051be:	2800      	cmp	r0, #0
100051c0:	d103      	bne.n	100051ca <main+0x2ae>
100051c2:	4835      	ldr	r0, [pc, #212]	@ (10005298 <main+0x37c>)
100051c4:	f7ff fca6 	bl	10004b14 <_Z10DispBigErrPKc>
100051c8:	e70c      	b.n	10004fe4 <main+0xc8>
100051ca:	2220      	movs	r2, #32
100051cc:	0021      	movs	r1, r4
100051ce:	0028      	movs	r0, r5
100051d0:	f7fd ff80 	bl	100030d4 <FileRead>
100051d4:	4b31      	ldr	r3, [pc, #196]	@ (1000529c <main+0x380>)
100051d6:	6018      	str	r0, [r3, #0]
100051d8:	9303      	str	r3, [sp, #12]
100051da:	7b63      	ldrb	r3, [r4, #13]
100051dc:	7b22      	ldrb	r2, [r4, #12]
100051de:	021b      	lsls	r3, r3, #8
100051e0:	4313      	orrs	r3, r2
100051e2:	7ba2      	ldrb	r2, [r4, #14]
100051e4:	482e      	ldr	r0, [pc, #184]	@ (100052a0 <main+0x384>)
100051e6:	0412      	lsls	r2, r2, #16
100051e8:	431a      	orrs	r2, r3
100051ea:	7be3      	ldrb	r3, [r4, #15]
100051ec:	061b      	lsls	r3, r3, #24
100051ee:	4313      	orrs	r3, r2
100051f0:	22f0      	movs	r2, #240	@ 0xf0
100051f2:	0612      	lsls	r2, r2, #24
100051f4:	1899      	adds	r1, r3, r2
100051f6:	000e      	movs	r6, r1
100051f8:	4a2a      	ldr	r2, [pc, #168]	@ (100052a4 <main+0x388>)
100051fa:	4016      	ands	r6, r2
100051fc:	4211      	tst	r1, r2
100051fe:	d000      	beq.n	10005202 <main+0x2e6>
10005200:	e0b9      	b.n	10005376 <main+0x45a>
10005202:	7f62      	ldrb	r2, [r4, #29]
10005204:	7f21      	ldrb	r1, [r4, #28]
10005206:	0212      	lsls	r2, r2, #8
10005208:	430a      	orrs	r2, r1
1000520a:	7fa1      	ldrb	r1, [r4, #30]
1000520c:	0409      	lsls	r1, r1, #16
1000520e:	4311      	orrs	r1, r2
10005210:	7fe2      	ldrb	r2, [r4, #31]
10005212:	0612      	lsls	r2, r2, #24
10005214:	430a      	orrs	r2, r1
10005216:	4924      	ldr	r1, [pc, #144]	@ (100052a8 <main+0x38c>)
10005218:	428a      	cmp	r2, r1
1000521a:	d04f      	beq.n	100052bc <main+0x3a0>
1000521c:	4823      	ldr	r0, [pc, #140]	@ (100052ac <main+0x390>)
1000521e:	4b24      	ldr	r3, [pc, #144]	@ (100052b0 <main+0x394>)
10005220:	4a24      	ldr	r2, [pc, #144]	@ (100052b4 <main+0x398>)
10005222:	4925      	ldr	r1, [pc, #148]	@ (100052b8 <main+0x39c>)
10005224:	9000      	str	r0, [sp, #0]
10005226:	f7ff fca3 	bl	10004b70 <_Z15DispBigErrMultiPKcS0_S0_S0_S0_>
1000522a:	0028      	movs	r0, r5
1000522c:	f7fe f84e 	bl	100032cc <FileClose>
10005230:	e6d8      	b.n	10004fe4 <main+0xc8>
10005232:	46c0      	nop			@ (mov r8, r8)
10005234:	4005801c 	.word	0x4005801c
10005238:	64616f4c 	.word	0x64616f4c
1000523c:	20000634 	.word	0x20000634
10005240:	20000978 	.word	0x20000978
10005244:	00035b60 	.word	0x00035b60
10005248:	200364dc 	.word	0x200364dc
1000524c:	20036510 	.word	0x20036510
10005250:	10006fff 	.word	0x10006fff
10005254:	40054000 	.word	0x40054000
10005258:	ffe17b80 	.word	0xffe17b80
1000525c:	200364d8 	.word	0x200364d8
10005260:	20038f3f 	.word	0x20038f3f
10005264:	20000960 	.word	0x20000960
10005268:	1000700e 	.word	0x1000700e
1000526c:	000f4240 	.word	0x000f4240
10005270:	2000095c 	.word	0x2000095c
10005274:	200008fc 	.word	0x200008fc
10005278:	2003660e 	.word	0x2003660e
1000527c:	20038e4d 	.word	0x20038e4d
10005280:	20036508 	.word	0x20036508
10005284:	20038e44 	.word	0x20038e44
10005288:	20038e4c 	.word	0x20038e4c
1000528c:	20038f41 	.word	0x20038f41
10005290:	1000701f 	.word	0x1000701f
10005294:	10007024 	.word	0x10007024
10005298:	1000702f 	.word	0x1000702f
1000529c:	200365b4 	.word	0x200365b4
100052a0:	10007040 	.word	0x10007040
100052a4:	efffffff 	.word	0xefffffff
100052a8:	e48bff56 	.word	0xe48bff56
100052ac:	10006f2c 	.word	0x10006f2c
100052b0:	10007054 	.word	0x10007054
100052b4:	10007065 	.word	0x10007065
100052b8:	10007077 	.word	0x10007077
100052bc:	2280      	movs	r2, #128	@ 0x80
100052be:	0592      	lsls	r2, r2, #22
100052c0:	4293      	cmp	r3, r2
100052c2:	d123      	bne.n	1000530c <main+0x3f0>
100052c4:	4882      	ldr	r0, [pc, #520]	@ (100054d0 <main+0x5b4>)
100052c6:	f7ff fbbd 	bl	10004a44 <_Z11DispBigInfoPKc>
100052ca:	0034      	movs	r4, r6
100052cc:	2720      	movs	r7, #32
100052ce:	0039      	movs	r1, r7
100052d0:	0028      	movs	r0, r5
100052d2:	f7fd fc51 	bl	10002b78 <FileSeek>
100052d6:	2280      	movs	r2, #128	@ 0x80
100052d8:	9b05      	ldr	r3, [sp, #20]
100052da:	0028      	movs	r0, r5
100052dc:	1999      	adds	r1, r3, r6
100052de:	0052      	lsls	r2, r2, #1
100052e0:	f7fd fef8 	bl	100030d4 <FileRead>
100052e4:	4b7b      	ldr	r3, [pc, #492]	@ (100054d4 <main+0x5b8>)
100052e6:	6018      	str	r0, [r3, #0]
100052e8:	2800      	cmp	r0, #0
100052ea:	dd07      	ble.n	100052fc <main+0x3e0>
100052ec:	2380      	movs	r3, #128	@ 0x80
100052ee:	009b      	lsls	r3, r3, #2
100052f0:	18ff      	adds	r7, r7, r3
100052f2:	4b79      	ldr	r3, [pc, #484]	@ (100054d8 <main+0x5bc>)
100052f4:	1824      	adds	r4, r4, r0
100052f6:	0026      	movs	r6, r4
100052f8:	429c      	cmp	r4, r3
100052fa:	dde8      	ble.n	100052ce <main+0x3b2>
100052fc:	0028      	movs	r0, r5
100052fe:	f7fd ffe5 	bl	100032cc <FileClose>
10005302:	f7fe fd47 	bl	10003d94 <_Z12SaveBootDatav>
10005306:	0020      	movs	r0, r4
10005308:	f7ff fda2 	bl	10004e50 <_Z6RunRAMi>
1000530c:	f7ff fbb4 	bl	10004a78 <_Z8ClearAppv>
10005310:	0038      	movs	r0, r7
10005312:	2780      	movs	r7, #128	@ 0x80
10005314:	f7ff fb96 	bl	10004a44 <_Z11DispBigInfoPKc>
10005318:	007f      	lsls	r7, r7, #1
1000531a:	4970      	ldr	r1, [pc, #448]	@ (100054dc <main+0x5c0>)
1000531c:	0028      	movs	r0, r5
1000531e:	f7fd fc2b 	bl	10002b78 <FileSeek>
10005322:	003a      	movs	r2, r7
10005324:	0021      	movs	r1, r4
10005326:	0028      	movs	r0, r5
10005328:	f7fd fed4 	bl	100030d4 <FileRead>
1000532c:	9b03      	ldr	r3, [sp, #12]
1000532e:	0006      	movs	r6, r0
10005330:	6018      	str	r0, [r3, #0]
10005332:	42b8      	cmp	r0, r7
10005334:	d11e      	bne.n	10005374 <main+0x458>
10005336:	0021      	movs	r1, r4
10005338:	31c0      	adds	r1, #192	@ 0xc0
1000533a:	784b      	ldrb	r3, [r1, #1]
1000533c:	780a      	ldrb	r2, [r1, #0]
1000533e:	021b      	lsls	r3, r3, #8
10005340:	4313      	orrs	r3, r2
10005342:	788a      	ldrb	r2, [r1, #2]
10005344:	0412      	lsls	r2, r2, #16
10005346:	431a      	orrs	r2, r3
10005348:	78cb      	ldrb	r3, [r1, #3]
1000534a:	061b      	lsls	r3, r3, #24
1000534c:	4313      	orrs	r3, r2
1000534e:	4a64      	ldr	r2, [pc, #400]	@ (100054e0 <main+0x5c4>)
10005350:	4293      	cmp	r3, r2
10005352:	d10f      	bne.n	10005374 <main+0x458>
10005354:	34c4      	adds	r4, #196	@ 0xc4
10005356:	7862      	ldrb	r2, [r4, #1]
10005358:	7823      	ldrb	r3, [r4, #0]
1000535a:	0212      	lsls	r2, r2, #8
1000535c:	431a      	orrs	r2, r3
1000535e:	78a3      	ldrb	r3, [r4, #2]
10005360:	78e4      	ldrb	r4, [r4, #3]
10005362:	041b      	lsls	r3, r3, #16
10005364:	4313      	orrs	r3, r2
10005366:	0624      	lsls	r4, r4, #24
10005368:	431c      	orrs	r4, r3
1000536a:	0022      	movs	r2, r4
1000536c:	4b5d      	ldr	r3, [pc, #372]	@ (100054e4 <main+0x5c8>)
1000536e:	3a0a      	subs	r2, #10
10005370:	429a      	cmp	r2, r3
10005372:	d903      	bls.n	1000537c <main+0x460>
10005374:	485c      	ldr	r0, [pc, #368]	@ (100054e8 <main+0x5cc>)
10005376:	f7ff fbcd 	bl	10004b14 <_Z10DispBigErrPKc>
1000537a:	e756      	b.n	1000522a <main+0x30e>
1000537c:	0023      	movs	r3, r4
1000537e:	2580      	movs	r5, #128	@ 0x80
10005380:	33cc      	adds	r3, #204	@ 0xcc
10005382:	9304      	str	r3, [sp, #16]
10005384:	4b55      	ldr	r3, [pc, #340]	@ (100054dc <main+0x5c0>)
10005386:	3c34      	subs	r4, #52	@ 0x34
10005388:	022d      	lsls	r5, r5, #8
1000538a:	9303      	str	r3, [sp, #12]
1000538c:	2c00      	cmp	r4, #0
1000538e:	dd1f      	ble.n	100053d0 <main+0x4b4>
10005390:	2280      	movs	r2, #128	@ 0x80
10005392:	0092      	lsls	r2, r2, #2
10005394:	4694      	mov	ip, r2
10005396:	9b03      	ldr	r3, [sp, #12]
10005398:	4f54      	ldr	r7, [pc, #336]	@ (100054ec <main+0x5d0>)
1000539a:	4463      	add	r3, ip
1000539c:	0019      	movs	r1, r3
1000539e:	0038      	movs	r0, r7
100053a0:	9303      	str	r3, [sp, #12]
100053a2:	f7fd fbe9 	bl	10002b78 <FileSeek>
100053a6:	2280      	movs	r2, #128	@ 0x80
100053a8:	4951      	ldr	r1, [pc, #324]	@ (100054f0 <main+0x5d4>)
100053aa:	0038      	movs	r0, r7
100053ac:	1871      	adds	r1, r6, r1
100053ae:	0052      	lsls	r2, r2, #1
100053b0:	f7fd fe90 	bl	100030d4 <FileRead>
100053b4:	4b47      	ldr	r3, [pc, #284]	@ (100054d4 <main+0x5b8>)
100053b6:	6018      	str	r0, [r3, #0]
100053b8:	2800      	cmp	r0, #0
100053ba:	d009      	beq.n	100053d0 <main+0x4b4>
100053bc:	23c0      	movs	r3, #192	@ 0xc0
100053be:	3601      	adds	r6, #1
100053c0:	3c01      	subs	r4, #1
100053c2:	36ff      	adds	r6, #255	@ 0xff
100053c4:	3cff      	subs	r4, #255	@ 0xff
100053c6:	009b      	lsls	r3, r3, #2
100053c8:	429e      	cmp	r6, r3
100053ca:	dddf      	ble.n	1000538c <main+0x470>
100053cc:	2680      	movs	r6, #128	@ 0x80
100053ce:	00f6      	lsls	r6, r6, #3
100053d0:	23fc      	movs	r3, #252	@ 0xfc
100053d2:	4848      	ldr	r0, [pc, #288]	@ (100054f4 <main+0x5d8>)
100053d4:	227a      	movs	r2, #122	@ 0x7a
100053d6:	9904      	ldr	r1, [sp, #16]
100053d8:	00db      	lsls	r3, r3, #3
100053da:	1828      	adds	r0, r5, r0
100053dc:	f7ff fb02 	bl	100049e4 <_Z8Progressiiit>
100053e0:	2e00      	cmp	r6, #0
100053e2:	d004      	beq.n	100053ee <main+0x4d2>
100053e4:	0032      	movs	r2, r6
100053e6:	0028      	movs	r0, r5
100053e8:	4941      	ldr	r1, [pc, #260]	@ (100054f0 <main+0x5d4>)
100053ea:	f000 f93d 	bl	10005668 <__FlashProgram_veneer>
100053ee:	19ad      	adds	r5, r5, r6
100053f0:	2c00      	cmp	r4, #0
100053f2:	dd04      	ble.n	100053fe <main+0x4e2>
100053f4:	2600      	movs	r6, #0
100053f6:	4b37      	ldr	r3, [pc, #220]	@ (100054d4 <main+0x5b8>)
100053f8:	681b      	ldr	r3, [r3, #0]
100053fa:	42b3      	cmp	r3, r6
100053fc:	dcc8      	bgt.n	10005390 <main+0x474>
100053fe:	483b      	ldr	r0, [pc, #236]	@ (100054ec <main+0x5d0>)
10005400:	f7fd ff64 	bl	100032cc <FileClose>
10005404:	4b3c      	ldr	r3, [pc, #240]	@ (100054f8 <main+0x5dc>)
10005406:	429d      	cmp	r5, r3
10005408:	dc23      	bgt.n	10005452 <main+0x536>
1000540a:	4b3c      	ldr	r3, [pc, #240]	@ (100054fc <main+0x5e0>)
1000540c:	681e      	ldr	r6, [r3, #0]
1000540e:	2ef7      	cmp	r6, #247	@ 0xf7
10005410:	dc1f      	bgt.n	10005452 <main+0x536>
10005412:	2280      	movs	r2, #128	@ 0x80
10005414:	4c36      	ldr	r4, [pc, #216]	@ (100054f0 <main+0x5d4>)
10005416:	21ff      	movs	r1, #255	@ 0xff
10005418:	0052      	lsls	r2, r2, #1
1000541a:	0020      	movs	r0, r4
1000541c:	f7fb f813 	bl	10000446 <__wrap_memset>
10005420:	2350      	movs	r3, #80	@ 0x50
10005422:	1c72      	adds	r2, r6, #1
10005424:	4936      	ldr	r1, [pc, #216]	@ (10005500 <main+0x5e4>)
10005426:	4837      	ldr	r0, [pc, #220]	@ (10005504 <main+0x5e8>)
10005428:	7123      	strb	r3, [r4, #4]
1000542a:	7166      	strb	r6, [r4, #5]
1000542c:	f7fb f810 	bl	10000450 <__wrap___aeabi_memcpy>
10005430:	1d71      	adds	r1, r6, #5
10005432:	4835      	ldr	r0, [pc, #212]	@ (10005508 <main+0x5ec>)
10005434:	f7fc fa0c 	bl	10001850 <Crc32ADMA>
10005438:	2280      	movs	r2, #128	@ 0x80
1000543a:	0a03      	lsrs	r3, r0, #8
1000543c:	7020      	strb	r0, [r4, #0]
1000543e:	7063      	strb	r3, [r4, #1]
10005440:	0c03      	lsrs	r3, r0, #16
10005442:	0e00      	lsrs	r0, r0, #24
10005444:	70e0      	strb	r0, [r4, #3]
10005446:	0021      	movs	r1, r4
10005448:	0028      	movs	r0, r5
1000544a:	0052      	lsls	r2, r2, #1
1000544c:	70a3      	strb	r3, [r4, #2]
1000544e:	f000 f90b 	bl	10005668 <__FlashProgram_veneer>
10005452:	2200      	movs	r2, #0
10005454:	0011      	movs	r1, r2
10005456:	0010      	movs	r0, r2
10005458:	f7fd f866 	bl	10002528 <CheckApp>
1000545c:	2800      	cmp	r0, #0
1000545e:	d002      	beq.n	10005466 <main+0x54a>
10005460:	f7fe fc98 	bl	10003d94 <_Z12SaveBootDatav>
10005464:	e594      	b.n	10004f90 <main+0x74>
10005466:	4820      	ldr	r0, [pc, #128]	@ (100054e8 <main+0x5cc>)
10005468:	e6ac      	b.n	100051c4 <main+0x2a8>
1000546a:	4d24      	ldr	r5, [pc, #144]	@ (100054fc <main+0x5e0>)
1000546c:	682a      	ldr	r2, [r5, #0]
1000546e:	2a01      	cmp	r2, #1
10005470:	dc00      	bgt.n	10005474 <main+0x558>
10005472:	e5b7      	b.n	10004fe4 <main+0xc8>
10005474:	0014      	movs	r4, r2
10005476:	2300      	movs	r3, #0
10005478:	4f21      	ldr	r7, [pc, #132]	@ (10005500 <main+0x5e4>)
1000547a:	0026      	movs	r6, r4
1000547c:	3c01      	subs	r4, #1
1000547e:	5d39      	ldrb	r1, [r7, r4]
10005480:	292f      	cmp	r1, #47	@ 0x2f
10005482:	d113      	bne.n	100054ac <main+0x590>
10005484:	2b00      	cmp	r3, #0
10005486:	d000      	beq.n	1000548a <main+0x56e>
10005488:	602e      	str	r6, [r5, #0]
1000548a:	4b20      	ldr	r3, [pc, #128]	@ (1000550c <main+0x5f0>)
1000548c:	1b92      	subs	r2, r2, r6
1000548e:	4820      	ldr	r0, [pc, #128]	@ (10005510 <main+0x5f4>)
10005490:	19b9      	adds	r1, r7, r6
10005492:	601a      	str	r2, [r3, #0]
10005494:	f7fa ffdc 	bl	10000450 <__wrap___aeabi_memcpy>
10005498:	2210      	movs	r2, #16
1000549a:	4b1e      	ldr	r3, [pc, #120]	@ (10005514 <main+0x5f8>)
1000549c:	701a      	strb	r2, [r3, #0]
1000549e:	2e01      	cmp	r6, #1
100054a0:	dd00      	ble.n	100054a4 <main+0x588>
100054a2:	602c      	str	r4, [r5, #0]
100054a4:	2300      	movs	r3, #0
100054a6:	682a      	ldr	r2, [r5, #0]
100054a8:	54bb      	strb	r3, [r7, r2]
100054aa:	e647      	b.n	1000513c <main+0x220>
100054ac:	2301      	movs	r3, #1
100054ae:	e7e4      	b.n	1000547a <main+0x55e>
100054b0:	2200      	movs	r2, #0
100054b2:	0011      	movs	r1, r2
100054b4:	0010      	movs	r0, r2
100054b6:	f7fd f837 	bl	10002528 <CheckApp>
100054ba:	2800      	cmp	r0, #0
100054bc:	d100      	bne.n	100054c0 <main+0x5a4>
100054be:	e591      	b.n	10004fe4 <main+0xc8>
100054c0:	e7ce      	b.n	10005460 <main+0x544>
100054c2:	f7ff fbfb 	bl	10004cbc <_Z7Batteryv>
100054c6:	e58d      	b.n	10004fe4 <main+0xc8>
100054c8:	f7ff f8b2 	bl	10004630 <_Z7Previewv>
100054cc:	e570      	b.n	10004fb0 <main+0x94>
100054ce:	46c0      	nop			@ (mov r8, r8)
100054d0:	10007089 	.word	0x10007089
100054d4:	200365b4 	.word	0x200365b4
100054d8:	00035a60 	.word	0x00035a60
100054dc:	00010020 	.word	0x00010020
100054e0:	44415050 	.word	0x44415050
100054e4:	001f6f2a 	.word	0x001f6f2a
100054e8:	1000709d 	.word	0x1000709d
100054ec:	20036510 	.word	0x20036510
100054f0:	20038f41 	.word	0x20038f41
100054f4:	ffff8000 	.word	0xffff8000
100054f8:	001fef00 	.word	0x001fef00
100054fc:	20036508 	.word	0x20036508
10005500:	20038e4d 	.word	0x20038e4d
10005504:	20038f49 	.word	0x20038f49
10005508:	20038f45 	.word	0x20038f45
1000550c:	200364dc 	.word	0x200364dc
10005510:	20038e44 	.word	0x20038e44
10005514:	20038e4c 	.word	0x20038e4c

10005518 <memcmp>:
10005518:	b530      	push	{r4, r5, lr}
1000551a:	2a03      	cmp	r2, #3
1000551c:	d90c      	bls.n	10005538 <memcmp+0x20>
1000551e:	000b      	movs	r3, r1
10005520:	4303      	orrs	r3, r0
10005522:	079b      	lsls	r3, r3, #30
10005524:	d119      	bne.n	1000555a <memcmp+0x42>
10005526:	6804      	ldr	r4, [r0, #0]
10005528:	680b      	ldr	r3, [r1, #0]
1000552a:	429c      	cmp	r4, r3
1000552c:	d115      	bne.n	1000555a <memcmp+0x42>
1000552e:	3a04      	subs	r2, #4
10005530:	3004      	adds	r0, #4
10005532:	3104      	adds	r1, #4
10005534:	2a03      	cmp	r2, #3
10005536:	d8f6      	bhi.n	10005526 <memcmp+0xe>
10005538:	1e55      	subs	r5, r2, #1
1000553a:	2a00      	cmp	r2, #0
1000553c:	d00b      	beq.n	10005556 <memcmp+0x3e>
1000553e:	2300      	movs	r3, #0
10005540:	e003      	b.n	1000554a <memcmp+0x32>
10005542:	1c5a      	adds	r2, r3, #1
10005544:	429d      	cmp	r5, r3
10005546:	d006      	beq.n	10005556 <memcmp+0x3e>
10005548:	0013      	movs	r3, r2
1000554a:	5cc2      	ldrb	r2, [r0, r3]
1000554c:	5ccc      	ldrb	r4, [r1, r3]
1000554e:	42a2      	cmp	r2, r4
10005550:	d0f7      	beq.n	10005542 <memcmp+0x2a>
10005552:	1b10      	subs	r0, r2, r4
10005554:	e000      	b.n	10005558 <memcmp+0x40>
10005556:	2000      	movs	r0, #0
10005558:	bd30      	pop	{r4, r5, pc}
1000555a:	1e55      	subs	r5, r2, #1
1000555c:	e7ef      	b.n	1000553e <memcmp+0x26>
1000555e:	46c0      	nop			@ (mov r8, r8)

10005560 <memmove>:
10005560:	b5f0      	push	{r4, r5, r6, r7, lr}
10005562:	46ce      	mov	lr, r9
10005564:	4647      	mov	r7, r8
10005566:	b580      	push	{r7, lr}
10005568:	4288      	cmp	r0, r1
1000556a:	d90d      	bls.n	10005588 <memmove+0x28>
1000556c:	188b      	adds	r3, r1, r2
1000556e:	4298      	cmp	r0, r3
10005570:	d20a      	bcs.n	10005588 <memmove+0x28>
10005572:	1e53      	subs	r3, r2, #1
10005574:	2a00      	cmp	r2, #0
10005576:	d003      	beq.n	10005580 <memmove+0x20>
10005578:	5cca      	ldrb	r2, [r1, r3]
1000557a:	54c2      	strb	r2, [r0, r3]
1000557c:	3b01      	subs	r3, #1
1000557e:	d2fb      	bcs.n	10005578 <memmove+0x18>
10005580:	bcc0      	pop	{r6, r7}
10005582:	46b9      	mov	r9, r7
10005584:	46b0      	mov	r8, r6
10005586:	bdf0      	pop	{r4, r5, r6, r7, pc}
10005588:	2a0f      	cmp	r2, #15
1000558a:	d80b      	bhi.n	100055a4 <memmove+0x44>
1000558c:	0005      	movs	r5, r0
1000558e:	1e56      	subs	r6, r2, #1
10005590:	2a00      	cmp	r2, #0
10005592:	d0f5      	beq.n	10005580 <memmove+0x20>
10005594:	2300      	movs	r3, #0
10005596:	5ccc      	ldrb	r4, [r1, r3]
10005598:	001a      	movs	r2, r3
1000559a:	54ec      	strb	r4, [r5, r3]
1000559c:	3301      	adds	r3, #1
1000559e:	4296      	cmp	r6, r2
100055a0:	d1f9      	bne.n	10005596 <memmove+0x36>
100055a2:	e7ed      	b.n	10005580 <memmove+0x20>
100055a4:	0003      	movs	r3, r0
100055a6:	430b      	orrs	r3, r1
100055a8:	4688      	mov	r8, r1
100055aa:	079b      	lsls	r3, r3, #30
100055ac:	d134      	bne.n	10005618 <memmove+0xb8>
100055ae:	2610      	movs	r6, #16
100055b0:	0017      	movs	r7, r2
100055b2:	46b1      	mov	r9, r6
100055b4:	000c      	movs	r4, r1
100055b6:	0003      	movs	r3, r0
100055b8:	3f10      	subs	r7, #16
100055ba:	093f      	lsrs	r7, r7, #4
100055bc:	013f      	lsls	r7, r7, #4
100055be:	19c5      	adds	r5, r0, r7
100055c0:	44a9      	add	r9, r5
100055c2:	6826      	ldr	r6, [r4, #0]
100055c4:	601e      	str	r6, [r3, #0]
100055c6:	6866      	ldr	r6, [r4, #4]
100055c8:	605e      	str	r6, [r3, #4]
100055ca:	68a6      	ldr	r6, [r4, #8]
100055cc:	609e      	str	r6, [r3, #8]
100055ce:	68e6      	ldr	r6, [r4, #12]
100055d0:	3410      	adds	r4, #16
100055d2:	60de      	str	r6, [r3, #12]
100055d4:	001e      	movs	r6, r3
100055d6:	3310      	adds	r3, #16
100055d8:	42ae      	cmp	r6, r5
100055da:	d1f2      	bne.n	100055c2 <memmove+0x62>
100055dc:	19cf      	adds	r7, r1, r7
100055de:	0039      	movs	r1, r7
100055e0:	230f      	movs	r3, #15
100055e2:	260c      	movs	r6, #12
100055e4:	3110      	adds	r1, #16
100055e6:	468c      	mov	ip, r1
100055e8:	4013      	ands	r3, r2
100055ea:	4216      	tst	r6, r2
100055ec:	d017      	beq.n	1000561e <memmove+0xbe>
100055ee:	4644      	mov	r4, r8
100055f0:	3b04      	subs	r3, #4
100055f2:	089b      	lsrs	r3, r3, #2
100055f4:	009b      	lsls	r3, r3, #2
100055f6:	18ff      	adds	r7, r7, r3
100055f8:	3714      	adds	r7, #20
100055fa:	1b06      	subs	r6, r0, r4
100055fc:	680c      	ldr	r4, [r1, #0]
100055fe:	198d      	adds	r5, r1, r6
10005600:	3104      	adds	r1, #4
10005602:	602c      	str	r4, [r5, #0]
10005604:	42b9      	cmp	r1, r7
10005606:	d1f9      	bne.n	100055fc <memmove+0x9c>
10005608:	4661      	mov	r1, ip
1000560a:	3304      	adds	r3, #4
1000560c:	1859      	adds	r1, r3, r1
1000560e:	444b      	add	r3, r9
10005610:	001d      	movs	r5, r3
10005612:	2303      	movs	r3, #3
10005614:	401a      	ands	r2, r3
10005616:	e7ba      	b.n	1000558e <memmove+0x2e>
10005618:	0005      	movs	r5, r0
1000561a:	1e56      	subs	r6, r2, #1
1000561c:	e7ba      	b.n	10005594 <memmove+0x34>
1000561e:	464d      	mov	r5, r9
10005620:	001a      	movs	r2, r3
10005622:	e7b4      	b.n	1000558e <memmove+0x2e>
10005624:	0000      	movs	r0, r0
	...

10005628 <____gnu_thumb1_case_shi_veneer>:
10005628:	b401      	push	{r0}
1000562a:	4802      	ldr	r0, [pc, #8]	@ (10005634 <____gnu_thumb1_case_shi_veneer+0xc>)
1000562c:	4684      	mov	ip, r0
1000562e:	bc01      	pop	{r0}
10005630:	4760      	bx	ip
10005632:	bf00      	nop
10005634:	20000221 	.word	0x20000221

10005638 <__FlashErase_veneer>:
10005638:	b401      	push	{r0}
1000563a:	4802      	ldr	r0, [pc, #8]	@ (10005644 <__FlashErase_veneer+0xc>)
1000563c:	4684      	mov	ip, r0
1000563e:	bc01      	pop	{r0}
10005640:	4760      	bx	ip
10005642:	bf00      	nop
10005644:	20000019 	.word	0x20000019

10005648 <____gnu_thumb1_case_uhi_veneer>:
10005648:	b401      	push	{r0}
1000564a:	4802      	ldr	r0, [pc, #8]	@ (10005654 <____gnu_thumb1_case_uhi_veneer+0xc>)
1000564c:	4684      	mov	ip, r0
1000564e:	bc01      	pop	{r0}
10005650:	4760      	bx	ip
10005652:	bf00      	nop
10005654:	20000235 	.word	0x20000235

10005658 <__FlashCmd_veneer>:
10005658:	b401      	push	{r0}
1000565a:	4802      	ldr	r0, [pc, #8]	@ (10005664 <__FlashCmd_veneer+0xc>)
1000565c:	4684      	mov	ip, r0
1000565e:	bc01      	pop	{r0}
10005660:	4760      	bx	ip
10005662:	bf00      	nop
10005664:	20000139 	.word	0x20000139

10005668 <__FlashProgram_veneer>:
10005668:	b401      	push	{r0}
1000566a:	4802      	ldr	r0, [pc, #8]	@ (10005674 <__FlashProgram_veneer+0xc>)
1000566c:	4684      	mov	ip, r0
1000566e:	bc01      	pop	{r0}
10005670:	4760      	bx	ip
10005672:	bf00      	nop
10005674:	200000c1 	.word	0x200000c1

10005678 <__LedOff_veneer>:
10005678:	b401      	push	{r0}
1000567a:	4802      	ldr	r0, [pc, #8]	@ (10005684 <__LedOff_veneer+0xc>)
1000567c:	4684      	mov	ip, r0
1000567e:	bc01      	pop	{r0}
10005680:	4760      	bx	ip
10005682:	bf00      	nop
10005684:	20000001 	.word	0x20000001

10005688 <____gnu_thumb1_case_uqi_veneer>:
10005688:	b401      	push	{r0}
1000568a:	4802      	ldr	r0, [pc, #8]	@ (10005694 <____gnu_thumb1_case_uqi_veneer+0xc>)
1000568c:	4684      	mov	ip, r0
1000568e:	bc01      	pop	{r0}
10005690:	4760      	bx	ip
10005692:	bf00      	nop
10005694:	2000020d 	.word	0x2000020d

Disassembly of section .data:

20000000 <LedOff>:
20000000:	2801      	cmp	r0, #1
20000002:	d806      	bhi.n	20000012 <LedOff+0x12>
20000004:	4b03      	ldr	r3, [pc, #12]	@ (20000014 <LedOff+0x14>)
20000006:	5c1a      	ldrb	r2, [r3, r0]
20000008:	2301      	movs	r3, #1
2000000a:	4093      	lsls	r3, r2
2000000c:	22d0      	movs	r2, #208	@ 0xd0
2000000e:	0612      	lsls	r2, r2, #24
20000010:	6193      	str	r3, [r2, #24]
20000012:	4770      	bx	lr
20000014:	2000026a 	.word	0x2000026a

20000018 <FlashErase>:
20000018:	b5f0      	push	{r4, r5, r6, r7, lr}
2000001a:	b0c3      	sub	sp, #268	@ 0x10c
2000001c:	0004      	movs	r4, r0
2000001e:	000d      	movs	r5, r1
20000020:	f000 f91a 	bl	20000258 <__Boot2Check_veneer>
20000024:	9001      	str	r0, [sp, #4]
20000026:	2800      	cmp	r0, #0
20000028:	d005      	beq.n	20000036 <FlashErase+0x1e>
2000002a:	2180      	movs	r1, #128	@ 0x80
2000002c:	22fc      	movs	r2, #252	@ 0xfc
2000002e:	0549      	lsls	r1, r1, #21
20000030:	a803      	add	r0, sp, #12
20000032:	f000 f909 	bl	20000248 <____wrap_memcpy_veneer>
20000036:	f3ef 8610 	mrs	r6, PRIMASK
2000003a:	b672      	cpsid	i
2000003c:	4b1a      	ldr	r3, [pc, #104]	@ (200000a8 <FlashErase+0x90>)
2000003e:	681b      	ldr	r3, [r3, #0]
20000040:	4798      	blx	r3
20000042:	4b1a      	ldr	r3, [pc, #104]	@ (200000ac <FlashErase+0x94>)
20000044:	681b      	ldr	r3, [r3, #0]
20000046:	4798      	blx	r3
20000048:	2380      	movs	r3, #128	@ 0x80
2000004a:	b2a1      	uxth	r1, r4
2000004c:	021b      	lsls	r3, r3, #8
2000004e:	4299      	cmp	r1, r3
20000050:	d10c      	bne.n	2000006c <FlashErase+0x54>
20000052:	428d      	cmp	r5, r1
20000054:	d30a      	bcc.n	2000006c <FlashErase+0x54>
20000056:	4b16      	ldr	r3, [pc, #88]	@ (200000b0 <FlashErase+0x98>)
20000058:	0020      	movs	r0, r4
2000005a:	681f      	ldr	r7, [r3, #0]
2000005c:	000a      	movs	r2, r1
2000005e:	2352      	movs	r3, #82	@ 0x52
20000060:	47b8      	blx	r7
20000062:	2380      	movs	r3, #128	@ 0x80
20000064:	021b      	lsls	r3, r3, #8
20000066:	18e4      	adds	r4, r4, r3
20000068:	4b12      	ldr	r3, [pc, #72]	@ (200000b4 <FlashErase+0x9c>)
2000006a:	18ed      	adds	r5, r5, r3
2000006c:	2d00      	cmp	r5, #0
2000006e:	d007      	beq.n	20000080 <FlashErase+0x68>
20000070:	2280      	movs	r2, #128	@ 0x80
20000072:	4b0f      	ldr	r3, [pc, #60]	@ (200000b0 <FlashErase+0x98>)
20000074:	0029      	movs	r1, r5
20000076:	681f      	ldr	r7, [r3, #0]
20000078:	0020      	movs	r0, r4
2000007a:	23d8      	movs	r3, #216	@ 0xd8
2000007c:	0252      	lsls	r2, r2, #9
2000007e:	47b8      	blx	r7
20000080:	4b0d      	ldr	r3, [pc, #52]	@ (200000b8 <FlashErase+0xa0>)
20000082:	681b      	ldr	r3, [r3, #0]
20000084:	4798      	blx	r3
20000086:	9b01      	ldr	r3, [sp, #4]
20000088:	2b00      	cmp	r3, #0
2000008a:	d00a      	beq.n	200000a2 <FlashErase+0x8a>
2000008c:	9b03      	ldr	r3, [sp, #12]
2000008e:	3b01      	subs	r3, #1
20000090:	3303      	adds	r3, #3
20000092:	d806      	bhi.n	200000a2 <FlashErase+0x8a>
20000094:	ab02      	add	r3, sp, #8
20000096:	3305      	adds	r3, #5
20000098:	4798      	blx	r3
2000009a:	f386 8810 	msr	PRIMASK, r6
2000009e:	b043      	add	sp, #268	@ 0x10c
200000a0:	bdf0      	pop	{r4, r5, r6, r7, pc}
200000a2:	4b06      	ldr	r3, [pc, #24]	@ (200000bc <FlashErase+0xa4>)
200000a4:	681b      	ldr	r3, [r3, #0]
200000a6:	e7f7      	b.n	20000098 <FlashErase+0x80>
200000a8:	20000970 	.word	0x20000970
200000ac:	20000968 	.word	0x20000968
200000b0:	20036548 	.word	0x20036548
200000b4:	ffff8000 	.word	0xffff8000
200000b8:	2000096c 	.word	0x2000096c
200000bc:	20000964 	.word	0x20000964

200000c0 <FlashProgram>:
200000c0:	b5f0      	push	{r4, r5, r6, r7, lr}
200000c2:	b0c3      	sub	sp, #268	@ 0x10c
200000c4:	000d      	movs	r5, r1
200000c6:	0016      	movs	r6, r2
200000c8:	9001      	str	r0, [sp, #4]
200000ca:	f000 f8c5 	bl	20000258 <__Boot2Check_veneer>
200000ce:	1e04      	subs	r4, r0, #0
200000d0:	d005      	beq.n	200000de <FlashProgram+0x1e>
200000d2:	2180      	movs	r1, #128	@ 0x80
200000d4:	22fc      	movs	r2, #252	@ 0xfc
200000d6:	0549      	lsls	r1, r1, #21
200000d8:	a803      	add	r0, sp, #12
200000da:	f000 f8b5 	bl	20000248 <____wrap_memcpy_veneer>
200000de:	f3ef 8710 	mrs	r7, PRIMASK
200000e2:	b672      	cpsid	i
200000e4:	4b0f      	ldr	r3, [pc, #60]	@ (20000124 <FlashProgram+0x64>)
200000e6:	681b      	ldr	r3, [r3, #0]
200000e8:	4798      	blx	r3
200000ea:	4b0f      	ldr	r3, [pc, #60]	@ (20000128 <FlashProgram+0x68>)
200000ec:	681b      	ldr	r3, [r3, #0]
200000ee:	4798      	blx	r3
200000f0:	4b0e      	ldr	r3, [pc, #56]	@ (2000012c <FlashProgram+0x6c>)
200000f2:	0032      	movs	r2, r6
200000f4:	681b      	ldr	r3, [r3, #0]
200000f6:	0029      	movs	r1, r5
200000f8:	9801      	ldr	r0, [sp, #4]
200000fa:	4798      	blx	r3
200000fc:	4b0c      	ldr	r3, [pc, #48]	@ (20000130 <FlashProgram+0x70>)
200000fe:	681b      	ldr	r3, [r3, #0]
20000100:	4798      	blx	r3
20000102:	2c00      	cmp	r4, #0
20000104:	d00a      	beq.n	2000011c <FlashProgram+0x5c>
20000106:	9b03      	ldr	r3, [sp, #12]
20000108:	3b01      	subs	r3, #1
2000010a:	3303      	adds	r3, #3
2000010c:	d806      	bhi.n	2000011c <FlashProgram+0x5c>
2000010e:	ab02      	add	r3, sp, #8
20000110:	3305      	adds	r3, #5
20000112:	4798      	blx	r3
20000114:	f387 8810 	msr	PRIMASK, r7
20000118:	b043      	add	sp, #268	@ 0x10c
2000011a:	bdf0      	pop	{r4, r5, r6, r7, pc}
2000011c:	4b05      	ldr	r3, [pc, #20]	@ (20000134 <FlashProgram+0x74>)
2000011e:	681b      	ldr	r3, [r3, #0]
20000120:	e7f7      	b.n	20000112 <FlashProgram+0x52>
20000122:	46c0      	nop			@ (mov r8, r8)
20000124:	20000970 	.word	0x20000970
20000128:	20000968 	.word	0x20000968
2000012c:	2003654c 	.word	0x2003654c
20000130:	2000096c 	.word	0x2000096c
20000134:	20000964 	.word	0x20000964

20000138 <FlashCmd>:
20000138:	b5f0      	push	{r4, r5, r6, r7, lr}
2000013a:	b0c3      	sub	sp, #268	@ 0x10c
2000013c:	0005      	movs	r5, r0
2000013e:	000e      	movs	r6, r1
20000140:	0014      	movs	r4, r2
20000142:	f000 f889 	bl	20000258 <__Boot2Check_veneer>
20000146:	9001      	str	r0, [sp, #4]
20000148:	2800      	cmp	r0, #0
2000014a:	d005      	beq.n	20000158 <FlashCmd+0x20>
2000014c:	2180      	movs	r1, #128	@ 0x80
2000014e:	22fc      	movs	r2, #252	@ 0xfc
20000150:	0549      	lsls	r1, r1, #21
20000152:	a803      	add	r0, sp, #12
20000154:	f000 f878 	bl	20000248 <____wrap_memcpy_veneer>
20000158:	f3ef 8710 	mrs	r7, PRIMASK
2000015c:	b672      	cpsid	i
2000015e:	4b24      	ldr	r3, [pc, #144]	@ (200001f0 <FlashCmd+0xb8>)
20000160:	681b      	ldr	r3, [r3, #0]
20000162:	4798      	blx	r3
20000164:	4b23      	ldr	r3, [pc, #140]	@ (200001f4 <FlashCmd+0xbc>)
20000166:	681b      	ldr	r3, [r3, #0]
20000168:	4798      	blx	r3
2000016a:	4b23      	ldr	r3, [pc, #140]	@ (200001f8 <FlashCmd+0xc0>)
2000016c:	681a      	ldr	r2, [r3, #0]
2000016e:	2380      	movs	r3, #128	@ 0x80
20000170:	009b      	lsls	r3, r3, #2
20000172:	4053      	eors	r3, r2
20000174:	22c0      	movs	r2, #192	@ 0xc0
20000176:	0092      	lsls	r2, r2, #2
20000178:	4013      	ands	r3, r2
2000017a:	4a20      	ldr	r2, [pc, #128]	@ (200001fc <FlashCmd+0xc4>)
2000017c:	6013      	str	r3, [r2, #0]
2000017e:	22c0      	movs	r2, #192	@ 0xc0
20000180:	0023      	movs	r3, r4
20000182:	0552      	lsls	r2, r2, #21
20000184:	0021      	movs	r1, r4
20000186:	4319      	orrs	r1, r3
20000188:	d114      	bne.n	200001b4 <FlashCmd+0x7c>
2000018a:	22c0      	movs	r2, #192	@ 0xc0
2000018c:	4b1c      	ldr	r3, [pc, #112]	@ (20000200 <FlashCmd+0xc8>)
2000018e:	0092      	lsls	r2, r2, #2
20000190:	601a      	str	r2, [r3, #0]
20000192:	4b1c      	ldr	r3, [pc, #112]	@ (20000204 <FlashCmd+0xcc>)
20000194:	681b      	ldr	r3, [r3, #0]
20000196:	4798      	blx	r3
20000198:	9b01      	ldr	r3, [sp, #4]
2000019a:	2b00      	cmp	r3, #0
2000019c:	d024      	beq.n	200001e8 <FlashCmd+0xb0>
2000019e:	9b03      	ldr	r3, [sp, #12]
200001a0:	3b01      	subs	r3, #1
200001a2:	3303      	adds	r3, #3
200001a4:	d820      	bhi.n	200001e8 <FlashCmd+0xb0>
200001a6:	ab02      	add	r3, sp, #8
200001a8:	3305      	adds	r3, #5
200001aa:	4798      	blx	r3
200001ac:	f387 8810 	msr	PRIMASK, r7
200001b0:	b043      	add	sp, #268	@ 0x10c
200001b2:	bdf0      	pop	{r4, r5, r6, r7, pc}
200001b4:	2008      	movs	r0, #8
200001b6:	6a91      	ldr	r1, [r2, #40]	@ 0x28
200001b8:	4008      	ands	r0, r1
200001ba:	4684      	mov	ip, r0
200001bc:	2002      	movs	r0, #2
200001be:	4201      	tst	r1, r0
200001c0:	d008      	beq.n	200001d4 <FlashCmd+0x9c>
200001c2:	2c00      	cmp	r4, #0
200001c4:	d006      	beq.n	200001d4 <FlashCmd+0x9c>
200001c6:	1b19      	subs	r1, r3, r4
200001c8:	290d      	cmp	r1, #13
200001ca:	d803      	bhi.n	200001d4 <FlashCmd+0x9c>
200001cc:	7829      	ldrb	r1, [r5, #0]
200001ce:	3c01      	subs	r4, #1
200001d0:	6611      	str	r1, [r2, #96]	@ 0x60
200001d2:	3501      	adds	r5, #1
200001d4:	4661      	mov	r1, ip
200001d6:	2900      	cmp	r1, #0
200001d8:	d0d4      	beq.n	20000184 <FlashCmd+0x4c>
200001da:	2b00      	cmp	r3, #0
200001dc:	d0d2      	beq.n	20000184 <FlashCmd+0x4c>
200001de:	6e11      	ldr	r1, [r2, #96]	@ 0x60
200001e0:	3b01      	subs	r3, #1
200001e2:	7031      	strb	r1, [r6, #0]
200001e4:	3601      	adds	r6, #1
200001e6:	e7cd      	b.n	20000184 <FlashCmd+0x4c>
200001e8:	4b07      	ldr	r3, [pc, #28]	@ (20000208 <FlashCmd+0xd0>)
200001ea:	681b      	ldr	r3, [r3, #0]
200001ec:	e7dd      	b.n	200001aa <FlashCmd+0x72>
200001ee:	46c0      	nop			@ (mov r8, r8)
200001f0:	20000970 	.word	0x20000970
200001f4:	20000968 	.word	0x20000968
200001f8:	4001800c 	.word	0x4001800c
200001fc:	4001900c 	.word	0x4001900c
20000200:	4001a00c 	.word	0x4001a00c
20000204:	2000096c 	.word	0x2000096c
20000208:	20000964 	.word	0x20000964

2000020c <__gnu_thumb1_case_uqi>:
2000020c:	b402      	push	{r1}
2000020e:	4671      	mov	r1, lr
20000210:	0849      	lsrs	r1, r1, #1
20000212:	0049      	lsls	r1, r1, #1
20000214:	5c09      	ldrb	r1, [r1, r0]
20000216:	0049      	lsls	r1, r1, #1
20000218:	448e      	add	lr, r1
2000021a:	bc02      	pop	{r1}
2000021c:	4770      	bx	lr
2000021e:	46c0      	nop			@ (mov r8, r8)

20000220 <__gnu_thumb1_case_shi>:
20000220:	b403      	push	{r0, r1}
20000222:	4671      	mov	r1, lr
20000224:	0849      	lsrs	r1, r1, #1
20000226:	0040      	lsls	r0, r0, #1
20000228:	0049      	lsls	r1, r1, #1
2000022a:	5e09      	ldrsh	r1, [r1, r0]
2000022c:	0049      	lsls	r1, r1, #1
2000022e:	448e      	add	lr, r1
20000230:	bc03      	pop	{r0, r1}
20000232:	4770      	bx	lr

20000234 <__gnu_thumb1_case_uhi>:
20000234:	b403      	push	{r0, r1}
20000236:	4671      	mov	r1, lr
20000238:	0849      	lsrs	r1, r1, #1
2000023a:	0040      	lsls	r0, r0, #1
2000023c:	0049      	lsls	r1, r1, #1
2000023e:	5a09      	ldrh	r1, [r1, r0]
20000240:	0049      	lsls	r1, r1, #1
20000242:	448e      	add	lr, r1
20000244:	bc03      	pop	{r0, r1}
20000246:	4770      	bx	lr

20000248 <____wrap_memcpy_veneer>:
20000248:	b401      	push	{r0}
2000024a:	4802      	ldr	r0, [pc, #8]	@ (20000254 <____wrap_memcpy_veneer+0xc>)
2000024c:	4684      	mov	ip, r0
2000024e:	bc01      	pop	{r0}
20000250:	4760      	bx	ip
20000252:	bf00      	nop
20000254:	10000451 	.word	0x10000451

20000258 <__Boot2Check_veneer>:
20000258:	b401      	push	{r0}
2000025a:	4802      	ldr	r0, [pc, #8]	@ (20000264 <__Boot2Check_veneer+0xc>)
2000025c:	4684      	mov	ip, r0
2000025e:	bc01      	pop	{r0}
20000260:	4760      	bx	ip
20000262:	bf00      	nop
20000264:	10000c69 	.word	0x10000c69

20000268 <LedGpioTabInv>:
20000268:	                                         ..

2000026a <LedGpioTab>:
2000026a:	                                         ..

2000026c <FSinfo>:
2000026c:	00000002                                ....

20000270 <DiskBufSect>:
20000270:	ffffffff                                ....

20000274 <DrawPrintRowNum>:
20000274:	                                         .

20000275 <DrawPrintPosNum>:
20000275:	                                         (..

20000278 <DrawFontWidth>:
20000278:	00000008                                ....

2000027c <DrawFontHeight>:
2000027c:	00000010                                ....

20000280 <pDrawFont>:
20000280:	10005f0c                                ._..

20000284 <CpuRP2040Text>:
20000284:	30325052 422d3034                        RP2040-B0.

2000028e <BatTxt>:
2000028e:	74746142 20797265 30302e30               Battery 0.00V.
